sep=,
"id","iname","price_pur","price1","price2","price3","price4","category","company","firstbalance","firstbalance_val","minbalance","img","active","ispack","scale","clr","siz","mdl","unit_name","unit_count","firstbalance_price","unit_id","min_price","sortin_cate","lastUpdate","ItemDiscription","expirtion_days","expirtion_days_alert","cate_id","isServiceItem","cost_id","id_inMainServer"
"1","تصوير","0.6","10","10","10","0.85","","","200000000","80000000","0","","True","False","False","0","0","0","","","0","1","0","0","2/9/2026 3:53:06 PM","","0","0","","False","",""
"2","كارت مغناطيس سبوره","20","15","15","15","35","كارت مغناطيس سبوره","","10","175","0","","True","False","False","0","0","0","","","0","1","0","0","2/9/2026 3:53:06 PM","","0","0","","False","",""
"3","قلم جيل باستيكه","20","10","10","10","30","علبه اقلام 12 قلم","","270","5400","0","","True","False","False","0","0","0","","","0","1","0","0","2/9/2026 3:53:06 PM","","0","0","","False","",""
"4","قص ولزق مربع wydv","5","5","5","5","10","علبه 12 كارت","","200","1000","0","","True","False","False","0","0","0","","","0","1","0","0","2/9/2026 3:53:06 PM","","0","0","","False","",""
"5","واصله ايفون lDNIO","16","30","30","30","30","واصله ايفون","","9","144","0","","True","False","False","0","0","0","","","0","1","0","0","2/9/2026 3:53:06 PM","","0","0","","False","",""
"6","سماعه YISON","35","30","30","30","65","سماعه هاند فري","","146","5110","0","","True","False","False","0","0","0","","","0","1","0","0","2/9/2026 3:53:06 PM","","0","0","","False","",""
"7","وصله سامسونج LDNIO","19","30","30","30","35","وصله سامسونج","","4","76","0","","True","False","False","0","0","0","","","0","1","0","0","2/9/2026 3:53:06 PM","","0","0","","False","",""
"8","شاحن سامسونج كامل","25","30","30","30","55","شاحن سامسونج","","7","175","0","","True","False","False","0","0","0","","","0","1","0","0","2/9/2026 3:53:06 PM","","0","0","","False","",""
"9","وصله  REMAX TYPE-C","12","30","30","30","35","وصله  REMAX TYPE-C","","7","84","0","","True","False","False","0","0","0","","","0","1","0","0","2/9/2026 3:53:06 PM","","0","0","","False","",""
"10","وصله  REMAX IPHONE","12","30","30","30","25","وصله  REMAX IPHONE","","3","36","0","","True","False","False","0","0","0","","","0","1","0","0","2/9/2026 3:53:06 PM","","0","0","","False","",""
"11","وصله  REMAX SAMSUNG","10","30","30","30","25","وصله  REMAX SAMSUNG","","9","90","0","","True","False","False","0","0","0","","","0","1","0","0","2/9/2026 3:53:06 PM","","0","0","","False","",""
"12","شاحن كامل INKA","27","30","30","30","50","شاحن كامل INKA","","1","27","0","","True","False","False","0","0","0","","","0","1","0","0","2/9/2026 3:53:06 PM","","0","0","","False","",""
"13","مكريفون مايك","35","30","30","30","85","مكريفون مايك","","1","35","0","","True","False","False","0","0","0","","","0","1","0","0","2/9/2026 3:53:06 PM","","0","0","","False","",""
"14","مايك ميكريفون","35","85","85","85","85","مايك ميكريفون","","11","385","0","","True","False","False","0","0","0","","","0","1","0","0","2/9/2026 3:53:06 PM","","0","0","","False","",""
"15","سماعه ايفون عاديه","25","40","40","40","40","سماعه ايفون عاديه","","3","75","0","","True","False","False","0","0","0","","","0","1","0","0","2/9/2026 3:53:06 PM","","0","0","","False","",""
"16","ليزر و كشاف","20","40","40","40","35","ليزر وكشاف","","112","4560","0","","True","False","False","0","0","0","","","0","1","0","0","2/9/2026 3:53:06 PM","","0","0","","False","",""
"17","فوم هدايا كور للكوب","0.5","40","40","40","2.5","فوم","","404","202","0","","True","False","False","0","0","0","","","","1","","0","2/9/2026 3:53:06 PM","","0","0","","False","",""
"18","طباعه اطفال","2","40","40","40","3","طباعه اطفال","","45","90","0","","True","False","False","0","0","0","","","","1","","0","2/9/2026 3:53:06 PM","","0","0","","False","",""
"19","شفاط زجاج كبير","15.5","40","40","40","20","شفاط زجاج كبير","","25","387.5","0","","True","False","False","0","0","0","","","","1","","0","2/9/2026 3:53:06 PM","","0","0","","False","",""
"20","شمع كبير مسدس","6","40","40","40","10","شمع كبير مسدس","","50","4250","0","","True","False","False","0","0","0","","","0","1","0","0","2/9/2026 3:53:06 PM","","0","0","","False","",""
"21","قلم جل GP-216","1.75","5","5","5","5","قلم جل GP-216","","109","190.75","0","","True","False","False","0","0","0","","","","1","","0","2/9/2026 3:53:06 PM","","0","0","","False","",""
"22","استند قلم رصاص الوان","0.5","5","5","5","3","اقلام رصاص","","259","129.5","0","","True","False","False","0","0","0","","","","1","","0","2/9/2026 3:53:06 PM","","0","0","","False","",""
"23","مسطره حديد 20 سم","6","5","5","5","10","مسطره حديد 20 سم","","15","301","0","","True","False","False","0","0","0","","","0","1","0","0","2/9/2026 3:53:06 PM","","0","0","","False","",""
"24","مسطره حديد 30سم","12","5","5","5","17","مسطره حديد 30سم","","56","672","0","","True","False","False","0","0","0","","","","1","","0","2/9/2026 3:53:06 PM","","0","0","","False","",""
"25","شمع صغير مسدس","5","5","5","5","8","شمع صغير مسدس","","385","1732.5","0","","True","False","False","0","0","0","","","0","1","0","0","2/9/2026 3:53:06 PM","","0","0","","False","",""
"26","مسدس شمع كبير","125","5","5","5","210","شمع صغير مسدس","","2","1190","0","","True","False","False","0","0","0","","","0","1","0","0","2/9/2026 3:53:06 PM","","0","0","","False","",""
"27","خرامه ","8","5","5","5","20","خرامه ","","5","40","0","","True","False","False","0","0","0","","","","1","","0","2/9/2026 3:53:06 PM","","0","0","","False","",""
"28","6 دبوس الوان","4","5","5","5","10","6 دبوس الوان","","10","40","0","","True","False","False","0","0","0","","","","1","","0","2/9/2026 3:53:06 PM","","0","0","","False","",""
"29","طقم قلم جاف الوان","15","25","25","25","25","طقم قلم جاف الوان","","6","90","0","","True","False","False","0","0","0","","","","1","","0","2/9/2026 3:53:06 PM","","0","0","","False","",""
"30","KENKO KK-8985A","12.5","25","25","25","40","KENKO KK-8985A","","3","37.5","0","","True","False","False","0","0","0","","","","1","","0","2/9/2026 3:53:06 PM","","0","0","","False","",""
"31","KENKO KK-200","7","25","25","25","15","KENKO KK-200","","3","21","0","","True","False","False","0","0","0","","","","1","","0","2/9/2026 3:53:06 PM","","0","0","","False","",""
"32","سلوتيب عريض 60","20","25","25","25","30","سلوتيب عريض","","680","9520","0","","True","False","False","0","0","0","","","0","1","0","0","2/9/2026 3:53:06 PM","","0","0","","False","",""
"33","بالته الوان","8","25","25","25","15","باص مكعبات","","24","400","0","","True","False","False","0","0","0","","","0","1","0","0","2/9/2026 3:53:06 PM","","0","0","","False","",""
"34"," ماوس كمبيوتر بينور TP-TECH","25","25","25","25","60"," ماوس كمبيوتر","","13","325","0","","True","False","False","0","0","0","","","","1","","0","2/9/2026 3:53:06 PM","","0","0","","False","",""
"35","بلو تاك فبركاسيل","46","25","25","25","75","بلو تاك فبركاسيل","","10","2116","0","","True","False","False","0","0","0","","","0","1","0","0","2/9/2026 3:53:06 PM","","0","0","","False","",""
"36","علبه ميداليه شفاف","0.915","25","25","25","3","علبه ميداليه شفاف","","47","43.005","0","","True","False","False","0","0","0","","","","1","","0","2/9/2026 3:53:06 PM","","0","0","","False","",""
"37","سلم و ثعبان ","3.75","10","10","10","10","سلم و ثعبان ","","6","22.5","0","","True","False","False","0","0","0","","","0","1","0","0","2/9/2026 3:53:06 PM","","0","0","","False","",""
"38","دفتر كلك شفاف بالواحده","2","0.5","0.5","0.5","4","دفتر كلك ","","780","1560","0","","True","False","False","0","0","0","","","0","1","0","0","2/9/2026 3:53:06 PM","","0","0","","False","",""
"39","فرش تلوين شفاف ","10","0.5","0.5","0.5","20","فرش تلوين شفاف ","","4","40","0","","True","False","False","0","0","0","","","0","1","0","0","2/9/2026 3:53:06 PM","","0","0","","False","",""
"40","استيكه ROCK 3A","0.75","0.5","0.5","0.5","2","استيكه ROCK 3A","","150","112.5","0","","True","False","False","0","0","0","","","0","1","0","0","2/9/2026 3:53:06 PM","","0","0","","False","",""
"41","فايل كبسوله FC 140 PRIMA","7.5","0.5","0.5","0.5","12","فايل كبسوله FC 140 PRIMA","","2140","13054","0","","True","False","False","0","0","0","","","0","1","0","0","2/9/2026 3:53:06 PM","","0","0","","False","",""
"42","عقد بيع سياره","1","0.5","0.5","0.5","2.5","عقد بيع سياره","","230","230","0","","True","False","False","0","0","0","","","0","1","0","0","2/9/2026 3:53:06 PM","","0","0","","False","",""
"43","عقد ايجار املاك","1","0.5","0.5","0.5","2.5","عقد ايجار املاك","","1400","1400","0","","True","False","False","0","0","0","","","0","1","0","0","2/9/2026 3:53:06 PM","","0","0","","False","",""
"44","استيكر 3D ","8","0.5","0.5","0.5","20","استيكر 3D ","","150","1200","0","","True","False","False","0","0","0","","","0","1","0","0","2/9/2026 3:53:06 PM","","0","0","","False","",""
"45","كتب تعليميه بالواحد","2.5","0.5","0.5","0.5","5","كتب تعليميه ","","216","540","0","","True","False","False","0","0","0","","","0","1","0","0","2/9/2026 3:53:06 PM","","0","0","","False","",""
"46","شنطه وسط رجالي","15","0.5","0.5","0.5","30","شنطه وسط رجالي","","15","225","0","","True","False","False","0","0","0","","","0","1","0","0","2/9/2026 3:53:06 PM","","0","0","","False","",""
"47","فرشه VEPA","10","0.5","0.5","0.5","25","فرشه VEPA","","40","400","0","","True","False","False","0","0","0","","","0","1","0","0","2/9/2026 3:53:06 PM","","0","0","","False","",""
"48","استند فرشه اسنان","2.5","0.5","0.5","0.5","15","استند فرشه اسنان","","12","30","0","","True","False","False","0","0","0","","","0","1","0","0","2/9/2026 3:53:06 PM","","0","0","","False","",""
"49","محفظه رجالي ELZEIRY","17.5","0.5","0.5","0.5","30","محفظه رجالي ELZEIRY","","7","122.5","0","","True","False","False","0","0","0","","","0","1","0","0","2/9/2026 3:53:06 PM","","0","0","","False","",""
"50","استند سله كبيره","55","0.5","0.5","0.5","85","استند سله كبيره","","12","660","0","","True","False","False","0","0","0","","","0","1","0","0","2/9/2026 3:53:06 PM","","0","0","","False","",""
"51","كارت  مكياج فراشه","35","35","35","35","70","لعبه مكياج فراشه","","3","37.5","0","","True","False","False","0","0","0","","","0","1","0","0","2/9/2026 3:53:06 PM","","0","0","","False","",""
"52","لعبه مسدس صابون ","9","25","25","25","25","لعبه مسدس صابون ","","6","54","0","","True","False","False","0","0","0","","","0","1","0","0","2/9/2026 3:53:06 PM","","0","0","","False","",""
"53","لعبه كمبيوتر مياه","8","25","25","25","25","لعبه كمبيوتر مياه","","3","24","0","","True","False","False","0","0","0","","","0","1","0","0","2/9/2026 3:53:06 PM","","0","0","","False","",""
"54","لعبه مكعب بازل صغير","4","10","10","10","10","لعبه مكعب بازل","","34","136","0","","True","False","False","0","0","0","","","0","1","0","0","2/9/2026 3:53:06 PM","","0","0","","False","",""
"55","اسبنر حديد","5","20","20","20","20","اسبنر حديد","","24","120","0","","True","False","False","0","0","0","","","0","1","0","0","2/9/2026 3:53:06 PM","","0","0","","False","",""
"56","اسبنر بلاستيك","5","10","10","10","10","اسبنر حديد","","13","65","0","","True","False","False","0","0","0","","","0","1","0","0","2/9/2026 3:53:06 PM","","0","0","","False","",""
"57","مسدس رشاش لون فضي","45","65","65","65","65","مسدس رشاش لون فضي","","7","315","0","","True","False","False","0","0","0","","","0","1","0","0","2/9/2026 3:53:06 PM","","0","0","","False","",""
"58","مسدس رشاش لون اسود","28.5","50","50","50","50","مسدس رشاش لون اسود","","2","57","0","","True","False","False","0","0","0","","","0","1","0","0","2/9/2026 3:53:06 PM","","0","0","","False","",""
"59","مسدس صابون شفاف","10","20","20","20","25","مسدس صابون شفاف","","17","170","0","","True","False","False","0","0","0","","","0","1","0","0","2/9/2026 3:53:06 PM","","0","0","","False","",""
"60","جيتار صغير","15","30","30","30","30","جيتار صغير","","3","45","0","","True","False","False","0","0","0","","","0","1","0","0","2/9/2026 3:53:06 PM","","0","0","","False","",""
"61","لعبه كارت تليفون سبايدرمان","10","25","25","25","25","لعبه كارت تليفون سبايدرمان","","1","10","0","","True","False","False","0","0","0","","","0","1","0","0","2/9/2026 3:53:06 PM","","0","0","","False","",""
"62","علبه بطاريه ريموت","1.5","5","5","5","5","علبه بطاريه ريموت","","40","60","0","","True","False","False","0","0","0","","","0","1","0","0","2/9/2026 3:53:06 PM","","0","0","","False","",""
"63","علبه حجر ساعه","1.5","5","5","5","5","علبه حجر ساعه","","85","127.5","0","","True","False","False","0","0","0","","","0","1","0","0","2/9/2026 3:53:06 PM","","0","0","","False","",""
"64","لعبه نيشان مسدس","12","20","20","20","20","لعبه نيشان مسدس","","3","36","0","","True","False","False","0","0","0","","","0","1","0","0","2/9/2026 3:53:06 PM","","0","0","","False","",""
"65","لعبه مسدس طلقات بلاستيك","15","35","35","35","35","لعبه مسدس طلقات بلاستيك","","2","30","0","","True","False","False","0","0","0","","","0","1","0","0","2/9/2026 3:53:06 PM","","0","0","","False","",""
"66","لعبه عمود حلقات الوان","15","30","30","30","30","لعبه عمود حلقات الوان","","2","30","0","","True","False","False","0","0","0","","","0","1","0","0","2/9/2026 3:53:06 PM","","0","0","","False","",""
"67","زينه رفيع عيد ميلاد","10","5","5","5","15","زينه رفيع عيد ميلاد","","295","2950","0","","True","False","False","0","0","0","","","0","1","0","0","2/9/2026 3:53:06 PM","","0","0","","False","",""
"68","مدفع عيد ميلاد وسط جديد","20","20","20","20","35","مدفع عيد ميلاد كبير","","52","780","0","","True","False","False","0","0","0","","","0","1","0","0","2/9/2026 3:53:06 PM","","0","0","","False","",""
"69","مدفع عيد ميلاد وسط","20","15","15","15","35","مدفع عيد ميلاد وسط","","66","1320","0","","True","False","False","0","0","0","","","0","1","0","0","2/9/2026 3:53:06 PM","","0","0","","False","",""
"70","مدفع عيد ميلاد صغير","20","10","10","10","30","مدفع عيد ميلاد صغير","","90","1800","0","","True","False","False","0","0","0","","","0","1","0","0","2/9/2026 3:53:06 PM","","0","0","","False","",""
"71","كيس بالون كبير HAPPY BIRTH بالواحده ","1","1","1","1","2","كيس بالون كبير HAPPY BIRTH بالواحده ","","7000","4200","0","","True","False","False","0","0","0","","","0","1","0","0","2/9/2026 3:53:06 PM","","0","0","","False","",""
"72","كيس بالون 10قطعه","15","20","20","20","25","كيس بالون كبير HAPPY BIRTH بالواحده ","","160","2400","0","","True","False","False","0","0","0","","","0","1","0","0","2/9/2026 3:53:06 PM","","0","0","","False","",""
"73","ماسك قطه ","1","15","15","15","5","ماسك قطه ","","46","46","0","","True","False","False","0","0","0","","","0","1","0","0","2/9/2026 3:53:06 PM","","0","0","","False","",""
"74","بالون هليوم ارقام","13","15","15","15","25","بالون هليوم ارقام","","184","2392","0","","True","False","False","0","0","0","","","0","1","0","0","2/9/2026 3:53:06 PM","","0","0","","False","",""
"75","اطباق عيد ميلاد","4.5","15","15","15","15","اطباق عيد ميلاد","","35","157.5","0","","True","False","False","0","0","0","","","0","1","0","0","2/9/2026 3:53:06 PM","","0","0","","False","",""
"76","شمع عيدميلاد HAPPY","10","10","10","10","15","شمع عيدميلاد HAPPY","","94","940","0","","True","False","False","0","0","0","","","0","1","0","0","2/9/2026 3:53:06 PM","","0","0","","False","",""
"77","شمع عيدميلاد سكينه","18","15","15","15","30","شمع عيدميلاد بالماسك","","26","468","0","","True","False","False","0","0","0","","","0","1","0","0","2/9/2026 3:53:06 PM","","0","0","","False","",""
"78","شمع عيدميلاد شكل عربيه","15","12","12","12","35","شمع عيدميلاد ","","32","224","0","","True","False","False","0","0","0","","","0","1","0","0","2/9/2026 3:53:06 PM","","0","0","","False","",""
"79","زينه فرع كبير ","10","10","10","10","18","زينه فرع كبير ","","68","680","0","","True","False","False","0","0","0","","","0","1","0","0","2/9/2026 3:53:06 PM","","0","0","","False","",""
"80","زينه فرع صغير","7","5","5","5","12","زينه فرع صغير","","124","868","0","","True","False","False","0","0","0","","","0","1","0","0","2/9/2026 3:53:06 PM","","0","0","","False","",""
"81","زينه شجره ص","7","7","7","7","12","زينه شجره","","35","245","0","","True","False","False","0","0","0","","","0","1","0","0","2/9/2026 3:53:06 PM","","0","0","","False","",""
"82","شمع ارقام ","1.25","5","5","5","5","شمع ارقام ","","323","403.75","0","","True","False","False","0","0","0","","","0","1","0","0","2/9/2026 3:53:06 PM","","0","0","","False","",""
"83","شريط HAPPY BIRTHDAY","6.5","15","15","15","15","شريط HAPPY BIRTHDAY","","34","221","0","","True","False","False","0","0","0","","","0","1","0","0","2/9/2026 3:53:06 PM","","0","0","","False","",""
"84","ماسك BATMAN","5","10","10","10","10","ماسك BATMAN","","5","25","0","","True","False","False","0","0","0","","","0","1","0","0","2/9/2026 3:53:06 PM","","0","0","","False","",""
"85","طرطور صغير","2.5","5","5","5","6","طرطور صغير","","31","77.5","0","","True","False","False","0","0","0","","","0","1","0","0","2/9/2026 3:53:06 PM","","0","0","","False","",""
"86","طرطور كبير","10","10","10","10","20","طرطور كبير","","58","290","0","","True","False","False","0","0","0","","","0","1","0","0","2/9/2026 3:53:06 PM","","0","0","","False","",""
"87","الوان فلومستر كبير 12","27.5","15","15","15","45","الوان فلومستر كبير 12","","200","5500","0","","True","False","False","0","0","0","","","0","1","0","0","2/9/2026 3:53:06 PM","","0","0","","False","",""
"88","برطمان استيكه مثلث للواحده","0.3","1","1","1","1","برطمان استيكه مثلث للواحده","","100","30","0","","True","False","False","0","0","0","","","0","1","0","0","2/9/2026 3:53:06 PM","","0","0","","False","",""
"89","الوان فلومستر 6 الوان","13","10","10","10","30","الوان فلومستر 6 الوان","","165","2145","0","","True","False","False","0","0","0","","","0","1","0","0","2/9/2026 3:53:06 PM","","0","0","","False","",""
"90","حبل اي دي ","6","5","5","5","10","حبل اي دي ","","55","858","0","","True","False","False","0","0","0","","","0","1","0","0","2/9/2026 3:53:06 PM","","0","0","","False","",""
"91","قطاعه سلوتيب","16","25","25","25","25","قطاعه سلوتيب","","2","32","0","","True","False","False","0","0","0","","","0","1","0","0","2/9/2026 3:53:06 PM","","0","0","","False","",""
"92","ظرف كبير للواحده","1","1","1","1","2","ظرف كبير للواحده","","7000","7000","0","","True","False","False","0","0","0","","","0","1","0","0","2/9/2026 3:53:06 PM","","0","0","","False","",""
"93","ظرف صغيرللواحده","0.75","0.5","0.5","0.5","2","ظرف صغيرللواحده","","4100","3075","0","","True","False","False","0","0","0","","","0","1","0","0","2/9/2026 3:53:06 PM","","0","0","","False","",""
"94","كتاب اطفال اكتب وامسح","4.5","10","10","10","10","كتاب اطفال اكتب وامسح","","45","202.5","0","","True","False","False","0","0","0","","","0","1","0","0","2/9/2026 3:53:06 PM","","0","0","","False","",""
"95","كوره هاند","65","35","35","35","135","كوره هاند","","76","3040","0","","True","False","False","0","0","0","","","0","1","0","0","2/9/2026 3:53:06 PM","","0","0","","False","",""
"96","كيس استيك فلوس","10","5","5","5","20","كيس استيك فلوس","","175","1750","0","","True","False","False","0","0","0","","","0","1","0","0","2/9/2026 3:53:06 PM","","0","0","","False","",""
"97","نوته بقلم","22.5","15","15","15","35","نوته بقلم","","28","4500","0","","True","False","False","0","0","0","","","0","1","0","0","2/9/2026 3:53:06 PM","","0","0","","False","",""
"98","1","3","7.5","7.5","7.5","7.5","طرطور وسط","","50","150","0","","True","False","False","0","0","0","","","0","1","0","0","2/9/2026 3:53:06 PM","","0","0","","False","",""
"99","شراشيب يد","20","20","20","20","35","شراشيب يد","","103","2060","0","","True","False","False","0","0","0","","","0","1","0","0","2/9/2026 3:53:06 PM","","0","0","","False","",""
"100","ماسك FOX ","2.5","7","7","7","7","ماسك FOX","","30","75","0","","True","False","False","0","0","0","","","0","1","0","0","2/9/2026 3:53:06 PM","","0","0","","False","",""
"101","اطباق عيدميلاد صغير","7","10","10","10","20","اطباق عيدميلاد صغير","","60","420","0","","True","False","False","0","0","0","","","0","1","0","0","2/9/2026 3:53:06 PM","","0","0","","False","",""
"102","ساعه علبه رقمي ","30","60","60","60","60","ساعه علبه رقمي ","","4","120","0","","True","False","False","0","0","0","","","0","1","0","0","2/9/2026 3:53:06 PM","","0","0","","False","",""
"103","ساعه اطفال رقمي","10","25","25","25","25","ساعه اطفال رقمي","","6","60","0","","True","False","False","0","0","0","","","0","1","0","0","2/9/2026 3:53:06 PM","","0","0","","False","",""
"104","ساعه اطفال الاهلي","10","20","20","20","20","ساعه اطفال الاهلي","","7","70","0","","True","False","False","0","0","0","","","0","1","0","0","2/9/2026 3:53:06 PM","","0","0","","False","",""
"105","فرشه شعر عريض","15","25","25","25","25","فرشه شعر عريض","","26","390","0","","True","False","False","0","0","0","","","0","1","0","0","2/9/2026 3:53:06 PM","","0","0","","False","",""
"106","فرشه شعر بلاستك شفاف","6.5","15","15","15","15","فرشه شعر بلاستك شفاف","","8","52","0","","True","False","False","0","0","0","","","0","1","0","0","2/9/2026 3:53:06 PM","","0","0","","False","",""
"107","خله","4.5","7.5","7.5","7.5","7.5","خله","","11","49.5","0","","True","False","False","0","0","0","","","0","1","0","0","2/9/2026 3:53:06 PM","","0","0","","False","",""
"108","قطن ودان","3.5","10","10","10","10","قطن ودان","","32","112","0","","True","False","False","0","0","0","","","0","1","0","0","2/9/2026 3:53:06 PM","","0","0","","False","",""
"109","استيك ملابس ابيض","0.85","5","5","5","5","استيك ملابس ابيض","","24","20.4","0","","True","False","False","0","0","0","","","0","1","0","0","2/9/2026 3:53:06 PM","","0","0","","False","",""
"110","كارت ملقاط ذهبي","3","10","10","10","10","كارت ملقاط ذهبي","","24","72","0","","True","False","False","0","0","0","","","0","1","0","0","2/9/2026 3:53:06 PM","","0","0","","False","",""
"111","علبه خياطه الذهبيه","0.62","3","3","3","5","علبه خياطه  الذهبيه","","70","43.4","0","","True","False","False","0","0","0","","","0","1","0","0","2/9/2026 3:53:06 PM","","0","0","","False","",""
"112","محفظه اطفال","3","10","10","10","10","محفظه اطفال","","25","75","0","","True","False","False","0","0","0","","","0","1","0","0","2/9/2026 3:53:06 PM","","0","0","","False","",""
"113","كارت ابره + خيط","5","12","12","12","15","كارت ابره + خيط","","10","50","0","","True","False","False","0","0","0","","","0","1","0","0","2/9/2026 3:53:06 PM","","0","0","","False","",""
"114","طقم مشط","15","25","25","25","25","طقم مشط","","15","225","0","","True","False","False","0","0","0","","","0","1","0","0","2/9/2026 3:53:06 PM","","0","0","","False","",""
"115","حافظه بطاقه ","0.5","5","5","5","5","حافظه بطاقه ","","85","42.5","0","","True","False","False","0","0","0","","","0","1","0","0","2/9/2026 3:53:06 PM","","0","0","","False","",""
"116","علبه دبوس الوان رفيع","1.66","5","5","5","5","علبه دبوس الوان رفيع","","67","111.22","0","","True","False","False","0","0","0","","","0","1","0","0","2/9/2026 3:53:06 PM","","0","0","","False","",""
"117","عقد بيع اراضي ","1","1","1","1","2.5","عقد بيع اراضي ","","300","300","0","","True","False","False","0","0","0","","","0","1","0","0","2/9/2026 3:53:06 PM","","0","0","","False","",""
"118","مسدس شمع صغير","75","45","45","45","120","مسدس شمع صغير","","3","1125","0","","True","False","False","0","0","0","","","0","1","0","0","2/9/2026 3:53:06 PM","","0","0","","False","",""
"119","ماوس ZERO","20","30","30","30","35","ماوس ZERO","","6","120","0","","True","False","False","0","0","0","","","0","1","0","0","2/9/2026 3:53:06 PM","","0","0","","False","",""
"120","شمع مسدس الوان الوحده","2.5","5","5","5","5","شمع مسدس الوان","","20","50","0","","True","False","False","0","0","0","","","0","1","0","0","2/9/2026 3:53:06 PM","","0","0","","False","",""
"121","قلم رصاص بناتي ","5","10","10","10","10","قلم رصاص عروسه","","60","300","0","","True","False","False","0","0","0","","","0","1","0","0","2/9/2026 3:53:06 PM","","0","0","","False","",""
"122","قلم مكتب سابت","7.5","15","15","15","15","قلم مكتب سابت","","12","90","0","","True","False","False","0","0","0","","","0","1","0","0","2/9/2026 3:53:06 PM","","0","0","","False","",""
"123","تيكت بالواحده و الاستيكر","0.9","2.5","2.5","2.5","2.5","تيكت بالواحده و الاستيكر","","150","135","0","","True","False","False","0","0","0","","","0","1","0","0","2/9/2026 3:53:06 PM","","0","0","","False","",""
"124","سلوتيب صغيررفيع للواحده","2","2.5","2.5","2.5","5","سلوتيب صغير رفيع","","72","760","0","","True","False","False","0","0","0","","","0","1","0","0","2/9/2026 3:53:06 PM","","0","0","","False","",""
"125","كتاب تلوين","2.5","5","5","5","12","كتاب تلوين","","81","202.5","0","","True","False","False","0","0","0","","","0","1","0","0","2/9/2026 3:53:06 PM","","0","0","","False","",""
"126","شنطه هدايا وسط شعبي ","9","10","10","10","15","شنطه هدايا وسط","","368","3312","0","","True","False","False","0","0","0","","","0","1","0","0","2/9/2026 3:53:06 PM","","0","0","","False","",""
"127","شنطه هدايا وسط مربع","10","8","8","8","25","شنطه هدايا صغير","","229","1431.25","0","","True","False","False","0","0","0","","","0","1","0","0","2/9/2026 3:53:06 PM","","0","0","","False","",""
"128","شنطه هدايا صغي عريض","7","7","7","7","15","شنطه هدايا صغي عريض","","78","546","0","","True","False","False","0","0","0","","","0","1","0","0","2/9/2026 3:53:06 PM","","0","0","","False","",""
"129","شنطه هدايا صغير ص","2.5","5","5","5","8","شنطه هدايا صغير ص","","312","780","0","","True","False","False","0","0","0","","","0","1","0","0","2/9/2026 3:53:06 PM","","0","0","","False","",""
"130","كارت معيده","1","3","3","3","5","كارت معيده","","660","660","0","","True","False","False","0","0","0","","","0","1","0","0","2/9/2026 3:53:06 PM","","0","0","","False","",""
"131","شعر لف هدايا ","5","10","10","10","10","شعر لف هدايا ","","43","215","0","","True","False","False","0","0","0","","","0","1","0","0","2/9/2026 3:53:06 PM","","0","0","","False","",""
"132","بكركاشير 7.9  50متر","9","15","15","15","15","بكركاشير 7.9  50متر","","16","144","0","","True","False","False","0","0","0","","","0","1","0","0","2/9/2026 3:53:06 PM","","0","0","","False","",""
"133","بوكس بلاستيك وسط","20","30","30","30","30","بوكس بلاستيك وسط","","5","100","0","","True","False","False","0","0","0","","","0","1","0","0","2/9/2026 3:53:06 PM","","0","0","","False","",""
"134","بوكس بلاستيك صغير","10","20","20","20","20","بوكس بلاستيك صغير","","6","60","0","","True","False","False","0","0","0","","","0","1","0","0","2/9/2026 3:53:06 PM","","0","0","","False","",""
"135","طياره سينسور ","36","80","80","80","80","طياره سينسور ","","4","144","0","","True","False","False","0","0","0","","","0","1","0","0","2/9/2026 3:53:06 PM","","0","0","","False","",""
"136","طياره سينسور بالريموت","60","130","130","130","130","طياره سينسور بالريموت","","14","840","0","","True","False","False","0","0","0","","","0","1","0","0","2/9/2026 3:53:06 PM","","0","0","","False","",""
"137","عروسه 2 قطعه FROZEN ","65","65","65","65","110","عروسه 2 قطعه FROZEN","","22","1430","0","","True","False","False","0","0","0","","","0","1","0","0","2/9/2026 3:53:06 PM","","0","0","","False","",""
"138","علبه صياد سمك كبير بطاريه","85","85","85","85","125","علبه صياد سمك كبير","","26","2210","0","","True","False","False","0","0","0","","","0","1","0","0","2/9/2026 3:53:06 PM","","0","0","","False","",""
"139","علبه عربيات","27","35","35","35","45","علبه عربيات","","38","1026","0","","True","False","False","0","0","0","","","0","1","0","0","2/9/2026 3:53:06 PM","","0","0","","False","",""
"140","DARTS","40","100","100","100","100","DARTS","","2","80","0","","True","False","False","0","0","0","","","0","1","0","0","2/9/2026 3:53:06 PM","","0","0","","False","",""
"141","لعبه باجي ","17.5","30","30","30","30","لعبه باجي ","","6","105","0","","True","False","False","0","0","0","","","0","1","0","0","2/9/2026 3:53:06 PM","","0","0","","False","",""
"142","لعبه نقل مكعبات","9","20","20","20","20","لعبه نقل مكعبات","","2","18","0","","True","False","False","0","0","0","","","0","1","0","0","2/9/2026 3:53:06 PM","","0","0","","False","",""
"143","لعبه عربيه خلط","8.5","20","20","20","20","لعبه عربيه خلط","","3","25.5","0","","True","False","False","0","0","0","","","0","1","0","0","2/9/2026 3:53:06 PM","","0","0","","False","",""
"144","كيس بالون 25 قطعه","12","20","20","20","25","كيس بالون 25 قطعه","","80","960","0","","True","False","False","0","0","0","","","0","1","0","0","2/9/2026 3:53:06 PM","","0","0","","False","",""
"145","علبه حيوانات وسط","45","70","70","70","90","علبه حيوانات كبير","","8","360","0","","True","False","False","0","0","0","","","0","1","0","0","2/9/2026 3:53:06 PM","","0","0","","False","",""
"146","كيس قطن","10","15","15","15","20","كيس قطن","","20","200","0","","True","False","False","0","0","0","","","0","1","0","0","2/9/2026 3:53:06 PM","","0","0","","False","",""
"147","علبه قطار صغير","18","35","35","35","40","علبه قطار صغير","","17","306","0","","True","False","False","0","0","0","","","0","1","0","0","2/9/2026 3:53:06 PM","","0","0","","False","",""
"148","جيتار وسط","30","60","60","60","65","جيتار وسط","","12","360","0","","True","False","False","0","0","0","","","0","1","0","0","2/9/2026 3:53:06 PM","","0","0","","False","",""
"149","بيانو صغير","15","25","25","25","30","بيانو صغير","","25","375","0","","True","False","False","0","0","0","","","0","1","0","0","2/9/2026 3:53:06 PM","","0","0","","False","",""
"150","بيانو وسط ","37","30","30","30","65","بيانو وسط","","45","1665","0","","True","False","False","0","0","0","","","0","1","0","0","2/9/2026 3:53:06 PM","","0","0","","False","",""
"151","2 مسدس كارت","12","25","25","25","25","2 مسدس كارت","","3","36","0","","True","False","False","0","0","0","","","0","1","0","0","2/9/2026 3:53:06 PM","","0","0","","False","",""
"152","تليفون صغير","10","25","25","25","30","تليفون صغير","","7","70","0","","True","False","False","0","0","0","","","0","1","0","0","2/9/2026 3:53:06 PM","","0","0","","False","",""
"153","دبدوب","25","35","35","35","35","دبدوب","","14","350","0","","True","False","False","0","0","0","","","0","1","0","0","2/9/2026 3:53:06 PM","","0","0","","False","",""
"154","فيل كبير","25","45","45","45","45","فيل كبير","","3","75","0","","True","False","False","0","0","0","","","0","1","0","0","2/9/2026 3:53:06 PM","","0","0","","False","",""
"155","فيل صغير","25","40","40","40","40","فيل صغير","","2","50","0","","True","False","False","0","0","0","","","0","1","0","0","2/9/2026 3:53:06 PM","","0","0","","False","",""
"156","ميمنز","35","50","50","50","50","ميمنز","","5","175","0","","True","False","False","0","0","0","","","0","1","0","0","2/9/2026 3:53:06 PM","","0","0","","False","",""
"157","سلحفاه","25","40","40","40","40","سلحفاه","","3","75","0","","True","False","False","0","0","0","","","0","1","0","0","2/9/2026 3:53:06 PM","","0","0","","False","",""
"158","دبدوب وسط","25","40","40","40","40","دبدوب","","6","150","0","","True","False","False","0","0","0","","","0","1","0","0","2/9/2026 3:53:06 PM","","0","0","","False","",""
"159","طقم اظافر NAIL ART","3.5","15","15","15","15","طقم اظافر NAIL ART","","45","157.5","0","","True","False","False","0","0","0","","","0","1","0","0","2/9/2026 3:53:06 PM","","0","0","","False","",""
"160","بونيه حمام","5","10","10","10","10","بونيه حمام","","20","100","0","","True","False","False","0","0","0","","","0","1","0","0","2/9/2026 3:53:06 PM","","0","0","","False","",""
"161","فوم جليتار كبير بلزق بالواحد","30","20","20","20","45","فوم جليتار كبير بلزق بالواحد","","50","1300","0","","True","False","False","0","0","0","","","0","1","0","0","2/9/2026 3:53:06 PM","","0","0","","False","",""
"162","فوم جليتار كبيربدون بلزق بالواحد","30","15","15","15","45","فوم جليتار كبيربدون بلزق بالواحد","","29","667","0","","True","False","False","0","0","0","","","0","1","0","0","2/9/2026 3:53:06 PM","","0","0","","False","",""
"163","استيكر 3D ص","1.25","5","5","5","5","استيكر 3D ص","","64","80","0","","True","False","False","0","0","0","","","0","1","0","0","2/9/2026 3:53:06 PM","","0","0","","False","",""
"164","ظرف A4 ","2.5","2.5","2.5","2.5","5","ظرف A4 ","","520","1300","0","","True","False","False","0","0","0","","","0","1","0","0","2/9/2026 3:53:06 PM","","0","0","","False","",""
"165","كتاب قصص انبياء","2.5","5","5","5","5","كتاب قصص انبياء","","88","220","0","","True","False","False","0","0","0","","","0","1","0","0","2/9/2026 3:53:06 PM","","0","0","","False","",""
"166","عقد بيع نهاءي تمليك","1","1","1","1","2.5","عقد بيع نهاءي تمليك","","28","28","0","","True","False","False","0","0","0","","","0","1","0","0","2/9/2026 3:53:06 PM","","0","0","","False","",""
"167","عقد بيع ابتداءي تمليك","1","1","1","1","2.5","عقد بيع ابتداءي تمليك","","34","34","0","","True","False","False","0","0","0","","","0","1","0","0","2/9/2026 3:53:06 PM","","0","0","","False","",""
"168","دفتر فاتوره","5","5","5","5","10","دفتر فاتوره","","72","360","0","","True","False","False","0","0","0","","","0","1","0","0","2/9/2026 3:53:06 PM","","0","0","","False","",""
"169","علبه حرير ","3.33","7","7","7","7","علبه حرير ","","32","106.56","0","","True","False","False","0","0","0","","","0","1","0","0","2/9/2026 3:53:06 PM","","0","0","","False","",""
"170","مانيكير ","5","15","15","15","15","مانيكير ","","80","400","0","","True","False","False","0","0","0","","","0","1","0","0","2/9/2026 3:53:06 PM","","0","0","","False","",""
"171","علبه مانيكير","2.08","10","10","10","10","علبه مانيكير","","23","47.84","0","","True","False","False","0","0","0","","","0","1","0","0","2/9/2026 3:53:06 PM","","0","0","","False","",""
"172","ساعه مغناطيس حريمي","15","45","45","45","45","ساعه مغناطيس حريمي","","6","90","0","","True","False","False","0","0","0","","","0","1","0","0","2/9/2026 3:53:06 PM","","0","0","","False","",""
"173","عقد راقبه","1.5","10","10","10","10","عقد راقبه","","24","36","0","","True","False","False","0","0","0","","","0","1","0","0","2/9/2026 3:53:06 PM","","0","0","","False","",""
"174","فرشه سشوار","10","25","25","25","25","فرشه سشوار","","9","90","0","","True","False","False","0","0","0","","","0","1","0","0","2/9/2026 3:53:06 PM","","0","0","","False","",""
"175","حجر فرشه","5","15","15","15","15","حجر فرشه","","20","100","0","","True","False","False","0","0","0","","","0","1","0","0","2/9/2026 3:53:06 PM","","0","0","","False","",""
"176","مجموعه مشط شعر بني","6","15","15","15","15","مجموعه مشط شعر بني","","3","18","0","","True","False","False","0","0","0","","","0","1","0","0","2/9/2026 3:53:06 PM","","0","0","","False","",""
"177","كلبس فراشه صغير بالواحده","1","5","5","5","5","كلبس فراشه صغير","","56","56","0","","True","False","False","0","0","0","","","0","1","0","0","2/9/2026 3:53:06 PM","","0","0","","False","",""
"178"," علبه روجMATTE","9.58","25","25","25","25","روجMATTE","","33","316.14","0","","True","False","False","0","0","0","","","0","1","0","0","2/9/2026 3:53:06 PM","","0","0","","False","",""
"179","ماسكرا","20","35","35","35","35","ماسكرا","","7","140","0","","True","False","False","0","0","0","","","0","1","0","0","2/9/2026 3:53:06 PM","","0","0","","False","",""
"180","EYE LINER","15","30","30","30","30","EYE LINER","","8","120","0","","True","False","False","0","0","0","","","0","1","0","0","2/9/2026 3:53:06 PM","","0","0","","False","",""
"181","اسيتون ","2","10","10","10","10","اسيتون","","45","90","0","","True","False","False","0","0","0","","","0","1","0","0","2/9/2026 3:53:06 PM","","0","0","","False","",""
"182","طقم دكتور علبه","21","50","50","50","50","طقم دكتور علبه","","26","546","0","","True","False","False","0","0","0","","","0","1","0","0","2/9/2026 3:53:06 PM","","0","0","","False","",""
"183","لعبه مسدس حيوانات","12.5","25","25","25","25","لعبه مسدس حيوانات","","5","62.5","0","","True","False","False","0","0","0","","","0","1","0","0","2/9/2026 3:53:06 PM","","0","0","","False","",""
"184","لعبه كارت نظافه كبير ","85","70","70","70","125","لعبه كارت نظافه","","20","1700","0","","True","False","False","0","0","0","","","0","1","0","0","2/9/2026 3:53:06 PM","","0","0","","False","",""
"185","لعبه طقم مطبخ كبير","35","70","70","70","70","لعبه طقم مطبخ كبير","","5","175","0","","True","False","False","0","0","0","","","0","1","0","0","2/9/2026 3:53:06 PM","","0","0","","False","",""
"186","طرابيزه تعليم","27","50","50","50","55","طرابيزه تعليم","","31","837","0","","True","False","False","0","0","0","","","0","1","0","0","2/9/2026 3:53:06 PM","","0","0","","False","",""
"187","لعبه نجار ","45","55","55","55","65","لعبه نجار ","","6","270","0","","True","False","False","0","0","0","","","0","1","0","0","2/9/2026 3:53:06 PM","","0","0","","False","",""
"188","صفاره حديد","2","5","5","5","5","صفاره حديد","","47","94","0","","True","False","False","0","0","0","","","0","1","0","0","2/9/2026 3:53:06 PM","","0","0","","False","",""
"189","كارت صياد سمك وسط","15","30","30","30","40","كارت صياد سمك وسط","","7","105","0","","True","False","False","0","0","0","","","0","1","0","0","2/9/2026 3:53:06 PM","","0","0","","False","",""
"190","هوكي توكي","135","75","75","75","210","هوكي توكي","","41","5535","0","","True","False","False","0","0","0","","","0","1","0","0","2/9/2026 3:53:06 PM","","0","0","","False","",""
"191","علبه مكياج فراشه","40","75","75","75","75","علبه مكياج فراشه","","1","40","0","","True","False","False","0","0","0","","","0","1","0","0","2/9/2026 3:53:06 PM","","0","0","","False","",""
"192","علبه مكياج تفاحه","30","60","60","60","60","علبه مكياج تفاحه","","1","30","0","","True","False","False","0","0","0","","","0","1","0","0","2/9/2026 3:53:06 PM","","0","0","","False","",""
"193","علبه مكياج فراوله","35","65","65","65","65","علبه مكياج فراوله","","7","245","0","","True","False","False","0","0","0","","","0","1","0","0","2/9/2026 3:53:06 PM","","0","0","","False","",""
"194","كارت دكتور صغير","10","20","20","20","20","كارت دكتور صغير","","6","60","0","","True","False","False","0","0","0","","","0","1","0","0","2/9/2026 3:53:06 PM","","0","0","","False","",""
"195","كارت مطبخ صغير احمر","10","25","25","25","25","كارت مطبخ صغير احمر","","5","50","0","","True","False","False","0","0","0","","","0","1","0","0","2/9/2026 3:53:06 PM","","0","0","","False","",""
"197","كارت بندقيه","30","25","25","25","55","كارت بندقيه","","23","690","0","","True","False","False","0","0","0","","","0","1","0","0","2/9/2026 3:53:06 PM","","0","0","","False","",""
"198","مسدس 2 في 1","11","25","25","25","25","مسدس 2 في 1","","11","121","0","","True","False","False","0","0","0","","","0","1","0","0","2/9/2026 3:53:06 PM","","0","0","","False","",""
"199","مسدس صوت","80","40","40","40","145","مسدس صوت","","21","1680","0","","True","False","False","0","0","0","","","0","1","0","0","2/9/2026 3:53:06 PM","","0","0","","False","",""
"200","لعبه كاميرا نظاره","9","25","25","25","35","لعبه كاميرا نظاره","","13","117","0","","True","False","False","0","0","0","","","0","1","0","0","2/9/2026 3:53:06 PM","","0","0","","False","",""
"201","نط حبل عداد","9","25","25","25","25","نط حبل عداد","","11","99","0","","True","False","False","0","0","0","","","0","1","0","0","2/9/2026 3:53:06 PM","","0","0","","False","",""
"202","تليفون كيتي","10","25","25","25","25","تليفون كيتي","","3","30","0","","True","False","False","0","0","0","","","0","1","0","0","2/9/2026 3:53:06 PM","","0","0","","False","",""
"203","عربيه ريموت بحبل","10","25","25","25","25","عربيه ريموت بحبل","","9","90","0","","True","False","False","0","0","0","","","0","1","0","0","2/9/2026 3:53:06 PM","","0","0","","False","",""
"204","كارت لعبه مكياج","15","35","35","35","35","لعبه مكياج","","26","390","0","","True","False","False","0","0","0","","","0","1","0","0","2/9/2026 3:53:06 PM","","0","0","","False","",""
"205","كمبيوتر ميه","7","20","20","20","20","كمبيوتر ميه","","10","70","0","","True","False","False","0","0","0","","","0","1","0","0","2/9/2026 3:53:06 PM","","0","0","","False","",""
"206","كارت تليفون ساعه","11","25","25","25","25","كارت تليفون ساعه","","8","88","0","","True","False","False","0","0","0","","","0","1","0","0","2/9/2026 3:53:06 PM","","0","0","","False","",""
"207","علبه عروسه صغير","6.25","15","15","15","15","علبه عروسه صغير","","46","287.5","0","","True","False","False","0","0","0","","","0","1","0","0","2/9/2026 3:53:06 PM","","0","0","","False","",""
"208","شخليله","6.5","15","15","15","15","شخليله","","7","45.5","0","","True","False","False","0","0","0","","","0","1","0","0","2/9/2026 3:53:06 PM","","0","0","","False","",""
"209","ساعه بين تن","6","20","20","20","20","ساعه بين تن","","14","84","0","","True","False","False","0","0","0","","","0","1","0","0","2/9/2026 3:53:06 PM","","0","0","","False","",""
"210","لعبه عروسه شعر طويل","20","25","25","25","40","لعبه عروسه شعر طويل","","18","360","0","","True","False","False","0","0","0","","","0","1","0","0","2/9/2026 3:53:06 PM","","0","0","","False","",""
"211","لعبه نحله","6.5","15","15","15","15","لعبه نحله","","3","19.5","0","","True","False","False","0","0","0","","","0","1","0","0","2/9/2026 3:53:06 PM","","0","0","","False","",""
"212","لعبه روبك كبير","6","15","15","15","20","لعبه مكعب بازل كبير","","20","120","0","","True","False","False","0","0","0","","","0","1","0","0","2/9/2026 3:53:06 PM","","0","0","","False","",""
"213","كارت مطبخ كبير احمر","55","70","70","70","95","كارت مطبخ كبير","","10","550","0","","True","False","False","0","0","0","","","0","1","0","0","2/9/2026 3:53:06 PM","","0","0","","False","",""
"214","GAME اتاري","15","30","30","30","30","GAME اتاري","","6","90","0","","True","False","False","0","0","0","","","0","1","0","0","2/9/2026 3:53:06 PM","","0","0","","False","",""
"215","ماسك ابيض","4","10","10","10","10","ماسك ابيض","","15","60","0","","True","False","False","0","0","0","","","0","1","0","0","2/9/2026 3:53:06 PM","","0","0","","False","",""
"216","ماسك بيج","7.5","15","15","15","15","ماسك بيج","","18","135","0","","True","False","False","0","0","0","","","0","1","0","0","2/9/2026 3:53:06 PM","","0","0","","False","",""
"217","كوره غانا","25","50","50","50","40","كوره غانا","","6","150","0","","True","False","False","0","0","0","","","0","1","0","0","2/9/2026 3:53:06 PM","","0","0","","False","",""
"218","بي بليد","7","15","15","15","15","بي بليد","","6","42","0","","True","False","False","0","0","0","","","0","1","0","0","2/9/2026 3:53:06 PM","","0","0","","False","",""
"219","مسدس مع كلبش صغير","12.5","25","25","25","25","مسدس مع كلبش صغير","","3","37.5","0","","True","False","False","0","0","0","","","0","1","0","0","2/9/2026 3:53:06 PM","","0","0","","False","",""
"220","كيس بالون 100صغير","10","35","35","35","35","كيس بالون 100صغير","","2","20","0","","True","False","False","0","0","0","","","0","1","0","0","2/9/2026 3:53:06 PM","","0","0","","False","",""
"221","كيس بالون 100صغير بالواحده","0.1","0.5","0.5","0.5","0.5","كيس بالون 100صغير بالواحده","","255","25.5","0","","True","False","False","0","0","0","","","0","1","0","0","2/9/2026 3:53:06 PM","","0","0","","False","",""
"222","اكسليفون","25","40","40","40","40","اكسليفون","","4","100","0","","True","False","False","0","0","0","","","0","1","0","0","2/9/2026 3:53:06 PM","","0","0","","False","",""
"223","كارت نجار كبير","80","65","65","65","165","كارت نجار كبير","","12","960","0","","True","False","False","0","0","0","","","0","1","0","0","2/9/2026 3:53:06 PM","","0","0","","False","",""
"224","سيف صغير","10","20","20","20","20","سيف صغير","","6","60","0","","True","False","False","0","0","0","","","0","1","0","0","2/9/2026 3:53:06 PM","","0","0","","False","",""
"225","عروسه FASHION","20","40","40","40","40","عروسه FASHION","","12","240","0","","True","False","False","0","0","0","","","0","1","0","0","2/9/2026 3:53:06 PM","","0","0","","False","",""
"226","اكس سيليفون شكل جيتار","15","30","30","30","30","اكس سيليفون شكل جيتار","","2","30","0","","True","False","False","0","0","0","","","0","1","0","0","2/9/2026 3:53:06 PM","","0","0","","False","",""
"227","عربيه همر بالنور","125","200","200","200","200","عربيه همر بالنور","","2","250","0","","True","False","False","0","0","0","","","0","1","0","0","2/9/2026 3:53:06 PM","","0","0","","False","",""
"228","عربيه لودر","12.5","25","25","25","25","عربيه لودر","","7","87.5","0","","True","False","False","0","0","0","","","0","1","0","0","2/9/2026 3:53:06 PM","","0","0","","False","",""
"229","ورق فلوسكاب مجوز","18","20","20","20","30","ورق فلوسكاب مجوز","","13","1520","0","","True","False","False","0","0","0","","","0","1","0","0","2/9/2026 3:53:06 PM","","0","0","","False","",""
"230","ورق فلوسكاب فراج","20","20","20","20","30","ورق فلوسكاب مفرد","","28","3800","0","","True","False","False","0","0","0","","","0","1","0","0","2/9/2026 3:53:06 PM","","0","0","","False","",""
"231","كشكول سلك 80 ورقه A4","30","18","18","18","45","كشكول سلك 80 ورقه","","29","6750","0","","True","False","False","0","0","0","","","0","1","0","0","2/9/2026 3:53:06 PM","","0","0","","False","",""
"232","كشكول دبوس 60ورقه A4","30","16","16","16","40","كشكول سلك 60ورقه A4","","218","13800","0","","True","False","False","0","0","0","","","0","1","0","0","2/9/2026 3:53:06 PM","","0","0","","False","",""
"233","كشكول سلك 100ورقه A4","35","20","20","20","50","كشكول سلك 100ورقه A4","","110","11780","0","","True","False","False","0","0","0","","","0","1","0","0","2/9/2026 3:53:06 PM","","0","0","","False","",""
"234","كشكول دبوس 100 ورقه A4","40","22","22","22","50","كشكول دبوس 100 ورقه A4","","120","15200","0","","True","False","False","0","0","0","","","0","1","0","0","2/9/2026 3:53:06 PM","","0","0","","False","",""
"235","كشكول دبوس 80ورقه A4","35","20","20","20","45","كشكول دبوس 80ورقه A4","","168","10890","0","","True","False","False","0","0","0","","","0","1","0","0","2/9/2026 3:53:06 PM","","0","0","","False","",""
"236","كشكول دبوس 60ورقه A4 انجليزي","26","18","18","18","40","كشكول دبوس 60ورقه A4","","130","15000","0","","True","False","False","0","0","0","","","0","1","0","0","2/9/2026 3:53:06 PM","","0","0","","False","",""
"237","كشكول دبوس 40ورقه A4","25","16","16","16","35","كشكول دبوس 40ورقه A4","","50","7000","0","","True","False","False","0","0","0","","","0","1","0","0","2/9/2026 3:53:06 PM","","0","0","","False","",""
"238","كشكول سلك 60ورقه ","25","7","7","7","35","كشكول سلك 60ورقه ","","87","2175","0","","True","False","False","0","0","0","","","0","1","0","0","2/9/2026 3:53:06 PM","","0","0","","False","",""
"239","كشكول سلك 80ورقه صغير","17.5","9","9","9","25","كشكول سلك 80ورقه ","","12","787.5","0","","True","False","False","0","0","0","","","0","1","0","0","2/9/2026 3:53:06 PM","","0","0","","False","",""
"240","كشكول سلك 100ورقه صغير ","22.5","11","11","11","30","كشكول سلك 100ورقه ","","12","1200","0","","True","False","False","0","0","0","","","0","1","0","0","2/9/2026 3:53:06 PM","","0","0","","False","",""
"241","اسكتش رسم صغير ","8","3","3","3","15","سكتش رسم صغير ","","280","8288","0","","True","False","False","0","0","0","","","0","1","0","0","2/9/2026 3:53:06 PM","","0","0","","False","",""
"242","قلم رصاص باستيكه POWER 2B","3","5","5","5","5","قلم رصاص باستيكه","","500","1500","0","","True","False","False","0","0","0","","","0","1","0","0","2/9/2026 3:53:06 PM","","0","0","","False","",""
"243","قلم جل سوستاه بالواحد","3","6","6","6","6","قلم جل سوستاه","","13","39","0","","True","False","False","0","0","0","","","0","1","0","0","2/9/2026 3:53:06 PM","","0","0","","False","",""
"244","قلم جل بجعه بينور بالقطعه","8","12","12","12","15","قلم جل بجعه بينور بالقطعه","","43","344","0","","True","False","False","0","0","0","","","0","1","0","0","2/9/2026 3:53:06 PM","","0","0","","False","",""
"245","علبه استيكه قلم روج بالواحده","8.5","5","5","5","15","علبه استيكه ","","48","214","0","","True","False","False","0","0","0","","","0","1","0","0","2/9/2026 3:53:06 PM","","0","0","","False","",""
"246","قلم مسدس بالواحده","2.5","7.5","7.5","7.5","7.5","قلم مسدس بالواحده","","12","30","0","","True","False","False","0","0","0","","","0","1","0","0","2/9/2026 3:53:06 PM","","0","0","","False","",""
"247","كارت سوبرجلو","3.1","5","5","5","6","كارت سوبرجلو","","234","725.4","0","","True","False","False","0","0","0","","","0","1","0","0","2/9/2026 3:53:06 PM","","0","0","","False","",""
"248","دوسيه مسطره الوان بالواحده","5.1","5","5","5","10","دوسيه مسطره الوان بالواحده","","133","678.3","0","","True","False","False","0","0","0","","","0","1","0","0","2/9/2026 3:53:06 PM","","0","0","","False","",""
"249","سولتيب الوان","5.5","15","15","15","15","سولتيب الوان","","14","77","0","","True","False","False","0","0","0","","","0","1","0","0","2/9/2026 3:53:06 PM","","0","0","","False","",""
"250","سولتيب الوان ليزر","5.6","15","15","15","15","سولتيب الوان ليزر","","12","67.2","0","","True","False","False","0","0","0","","","0","1","0","0","2/9/2026 3:53:06 PM","","0","0","","False","",""
"251","فايل شفاف بالواحده","2.25","1.5","1.5","1.5","4","فايل شفاف بالواحده","","200","12600","0","","True","False","False","0","0","0","","","0","1","0","0","2/9/2026 3:53:06 PM","","0","0","","False","",""
"252","كارت فلاش تعليمي","10","10","10","10","30","كارت فلاش تعليمي","","6","890","0","","True","False","False","0","0","0","","","0","1","0","0","2/9/2026 3:53:06 PM","","0","0","","False","",""
"253","كيس بالونه6","2.14","5","5","5","5","كيس بالونه 5","","51","109.14","0","","True","False","False","0","0","0","","","0","1","0","0","2/9/2026 3:53:06 PM","","0","0","","False","",""
"254","كيس بالونه 10*1","10","5","5","5","20","كيس بالونه 10","","21","45.15","0","","True","False","False","0","0","0","","","0","1","0","0","2/9/2026 3:53:06 PM","","0","0","","False","",""
"255","مشبك كمامه بالواحده","0.5","3","3","3","3","مشبك كمامه","","67","33.5","0","","True","False","False","0","0","0","","","0","1","0","0","2/9/2026 3:53:06 PM","","0","0","","False","",""
"256","رزمه ورق تصوير الوان","25","25","25","25","35","رزمه ورق تصوير الوان","","6","150","0","","True","False","False","0","0","0","","","","","","0","2/9/2026 3:53:06 PM","","0","0","","False","",""
"257","مقلمه ديزني ","10","20","20","20","20","مقلمه الوان CHAORAN","","38","380","0","","True","False","False","0","0","0","","","","","","0","2/9/2026 3:53:06 PM","","0","0","","False","",""
"258"," كارت مقص حديد صغير بالوحد","4","5","5","5","10"," كارت مقص حديد صغير بالوحد","","56","168","0","","True","False","False","0","0","0","","","0","1","0","0","2/9/2026 3:53:06 PM","","0","0","","False","",""
"259"," كارت مقص بلاستيك كبير بالوحد","2.5","6","6","6","6"," كارت مقص بلاستيك كبير بالوحد","","18","45","0","","True","False","False","0","0","0","","","","","","0","2/9/2026 3:53:06 PM","","0","0","","False","",""
"260","ورق صابون الحمد","3","10","10","10","10","ورق صابون الحمد","","11","33","0","","True","False","False","0","0","0","","","","","","0","2/9/2026 3:53:06 PM","","0","0","","False","",""
"261","استيكر اسعار","20","10","10","10","30","استيكر اسعار","","118","1770","0","","True","False","False","0","0","0","","","0","1","0","0","2/9/2026 3:53:06 PM","","0","0","","False","",""
"262","دبوس كلبس الوان","3","10","10","10","10","دبوس كلبس الوان","","7","21","0","","True","False","False","0","0","0","","","","","","0","2/9/2026 3:53:06 PM","","0","0","","False","",""
"263","بازل كرتون","3.5","10","10","10","10","بازل كرتون","","17","59.5","0","","True","False","False","0","0","0","","","","","","0","2/9/2026 3:53:06 PM","","0","0","","False","",""
"264","طقم هندسه كارت","15","10","10","10","35","طقم هندسه كارت","","30","450","0","","True","False","False","0","0","0","","","","","","0","2/9/2026 3:53:06 PM","","0","0","","False","",""
"265","دبل فيس احمر","15","10","10","10","30","دبل فيس","","12","1530","0","","True","False","False","0","0","0","","","0","1","0","0","2/9/2026 3:53:06 PM","","0","0","","False","",""
"266","مسند ورق امتحان","4","10","10","10","10","مسند ورق امتحان","","32","128","0","","True","False","False","0","0","0","","","","","","0","2/9/2026 3:53:06 PM","","0","0","","False","",""
"267","ستند  قطر كبير","8","10","10","10","20","ستند  قطر كبير","","61","488","0","","True","False","False","0","0","0","","","","","","0","2/9/2026 3:53:06 PM","","0","0","","False","",""
"268","ستند  قطر صغير ","7","7","7","7","15","ستند  قطر صغير ","","50","350","0","","True","False","False","0","0","0","","","","","","0","2/9/2026 3:53:06 PM","","0","0","","False","",""
"269","استيكه فبركاسيل ص","9","5","5","5","15","استيكه فبركاسيل","","950","7600","0","","True","False","False","0","0","0","","","0","1","0","0","2/9/2026 3:53:06 PM","","0","0","","False","",""
"270","استند استيكر ","1.5","1","1","1","3","ستند استيكر ","","350","262.5","0","","True","False","False","0","0","0","","","0","1","0","0","2/9/2026 3:53:06 PM","","0","0","","False","",""
"271","كارت اي دي","9.5","6","6","6","15","كارت اي دي","","120","1140","0","","True","False","False","0","0","0","","","","","","0","2/9/2026 3:53:06 PM","","0","0","","False","",""
"272","استند كوريكتور بالواحده","1.16","5","5","5","5","استند كوريكتور بالواحده","","24","27.84","0","","True","False","False","0","0","0","","","","","","0","2/9/2026 3:53:06 PM","","0","0","","False","",""
"273","كوتشينه ورق","5.5","5","5","5","15","كوتشينه ورق","","246","1353","0","","True","False","False","0","0","0","","","","","","0","2/9/2026 3:53:06 PM","","0","0","","False","",""
"274","الوان ميه KEEP SMILING","20","30","30","30","30","الوان ميه KEEP SMILING","","2","40","0","","True","False","False","0","0","0","","","","","","0","2/9/2026 3:53:06 PM","","0","0","","False","",""
"275","دبابيس عاديه DELTA","3","6","6","6","6","دبابيس عاديه DELTA","","15","45","0","","True","False","False","0","0","0","","","","","","0","2/9/2026 3:53:06 PM","","0","0","","False","",""
"276","الوان جواش صغير 6 لون","45","45","45","45","70","الوان جواش صغير","","15","675","0","","True","False","False","0","0","0","","","","","","0","2/9/2026 3:53:06 PM","","0","0","","False","",""
"277","الوان جواش كبير 12 لون ","94","65","65","65","120","الوان جواش كبير","","15","1410","0","","True","False","False","0","0","0","","","","","","0","2/9/2026 3:53:06 PM","","0","0","","False","",""
"278","علبه قلم سنون BAIKU بالواحده","4","15","15","15","15","علبه قلم سنون BAIKU بالواحده","","47","188","0","","True","False","False","0","0","0","","","","","","0","2/9/2026 3:53:06 PM","","0","0","","False","",""
"279","سنونن 2.0MM","6","5","5","5","10","سنونن 2.0MM","","105","630","0","","True","False","False","0","0","0","","","","","","0","2/9/2026 3:53:06 PM","","0","0","","False","",""
"280","دباسه صغيره","7","15","15","15","15","دباسه صغيره","","15","105","0","","True","False","False","0","0","0","","","","","","0","2/9/2026 3:53:06 PM","","0","0","","False","",""
"281","خلاعه دبابيس","5","10","10","10","10","خلاعه دبابيس","","3","15","0","","True","False","False","0","0","0","","","","","","0","2/9/2026 3:53:06 PM","","0","0","","False","",""
"282","علبه دبوس ضغط مكتب","1.5","5","5","5","5","علبه دبوس ضغط مكتب","","10","15","0","","True","False","False","0","0","0","","","","","","0","2/9/2026 3:53:06 PM","","0","0","","False","",""
"283","كانسون الوان رسم","5.41","20","20","20","20","كانسون الوان رسم","","70","378.7","0","","True","False","False","0","0","0","","","","","","0","2/9/2026 3:53:06 PM","","0","0","","False","",""
"284","GLUE SMALL RED","1","5","5","5","5","GLUE SMALL RED","","72","72","0","","True","False","False","0","0","0","","","","","","0","2/9/2026 3:53:06 PM","","0","0","","False","",""
"285","مسند امتحان مقفول","15","25","25","25","30","مسند امتحان مقفول","","6","90","0","","True","False","False","0","0","0","","","","","","0","2/9/2026 3:53:06 PM","","0","0","","False","",""
"286","مشبك حديد صغير بالواحده","1.375","3","3","3","3","مشبك حديد صغير","","66","90.75","0","","True","False","False","0","0","0","","","","","","0","2/9/2026 3:53:06 PM","","0","0","","False","",""
"287","مشبك حديد كبير بالواحده","1.75","4","4","4","4","مشبك حديد كبير","","26","45.5","0","","True","False","False","0","0","0","","","","","","0","2/9/2026 3:53:06 PM","","0","0","","False","",""
"288","الوان فلومستر 12 لون  doms ","37","25","25","25","70","الوان ميه كبير","","20","2929","0","","True","False","False","0","0","0","","","0","1","0","0","2/9/2026 3:53:06 PM","","0","0","","False","",""
"289","الوان ميه صغير","9.5","20","20","20","20","الوان ميه صغير","","6","57","0","","True","False","False","0","0","0","","","","","","0","2/9/2026 3:53:06 PM","","0","0","","False","",""
"290","علبه كمامه بالواحده","0.9","3","3","3","4","علبه كمامه بالواحده","","700","630","0","","True","False","False","0","0","0","","","","","","0","2/9/2026 3:53:06 PM","","0","0","","False","",""
"291","كوتشينه بلاستيك","8.3","20","20","20","20","كوتشينه بلاستيك","","11","91.3","0","","True","False","False","0","0","0","","","","","","0","2/9/2026 3:53:06 PM","","0","0","","False","",""
"292","شنطه حظانه كبيره","10","20","20","20","20","شنطه حظانه كبيره","","27","270","0","","True","False","False","0","0","0","","","","","","0","2/9/2026 3:53:06 PM","","0","0","","False","",""
"293","شنطه حظانه صغيره","7","15","15","15","15","شنطه حظانه صغيره","","15","105","0","","True","False","False","0","0","0","","","","","","0","2/9/2026 3:53:06 PM","","0","0","","False","",""
"294","ارسم ولون لوحه بالواحده الكبير","5","10","10","10","15","ارسم ولون لوحه بالواحده الكبير","","120","600","0","","True","False","False","0","0","0","","","","","","0","2/9/2026 3:53:06 PM","","0","0","","False","",""
"295","عروسه بيبي بوتي صغير","250","140","140","140","320","عروسه بيبي بوتي صغير","","8","2000","0","","True","False","False","0","0","0","","","","","","0","2/9/2026 3:53:06 PM","","0","0","","False","",""
"296","عروسه بيبي بوتي وسط","350","160","160","160","550","عروسه بيبي بوتي وسط","","2","1675","0","","True","False","False","0","0","0","","","0","1","0","0","2/9/2026 3:53:06 PM","","0","0","","False","",""
"297","عروسه بيبي بوتي كبير عربيه ","360","190","190","190","485","عروسه بيبي بوتي كبير","","12","4320","0","","True","False","False","0","0","0","","","","","","0","2/9/2026 3:53:06 PM","","0","0","","False","",""
"298","عروسه بيبي بوتي طاقيه","280","150","150","150","410","عروسه بيبي بوتي طاقيه","","8","2240","0","","True","False","False","0","0","0","","","0","1","0","0","2/9/2026 3:53:06 PM","","0","0","","False","",""
"299","عروسه بالعربيه","250","200","200","200","325","عروسه بالعربيه","","12","3000","0","","True","False","False","0","0","0","","","","","","0","2/9/2026 3:53:06 PM","","0","0","","False","",""
"300","عروسه كرسي هزاز","275","190","190","190","420","عروسه كرسي هزاز","","7","1925","0","","True","False","False","0","0","0","","","","","","0","2/9/2026 3:53:06 PM","","0","0","","False","",""
"301","مسدس سكينه صغير","8","25","25","25","25","مسدس سكينه صغير","","2","16","0","","True","False","False","0","0","0","","","","","","0","2/9/2026 3:53:06 PM","","0","0","","False","",""
"302","مسدس سكينه كبير","10.5","25","25","25","25","مسدس سكينه كبير","","2","21","0","","True","False","False","0","0","0","","","","","","0","2/9/2026 3:53:06 PM","","0","0","","False","",""
"303","ولد بيبي بالبوتي","61","110","110","110","110","ولد بيبي بالبوتي","","2","122","0","","True","False","False","0","0","0","","","","","","0","2/9/2026 3:53:06 PM","","0","0","","False","",""
"304","عروسه بوتي كبيره","300","200","200","200","495","عروسه بوتي كبيره","","5","925","0","","True","False","False","0","0","0","","","0","1","0","0","2/9/2026 3:53:06 PM","","0","0","","False","",""
"305","TWISTER","80","140","140","140","140","TWISTER","","16","1280","0","","True","False","False","0","0","0","","","","","","0","2/9/2026 3:53:06 PM","","0","0","","False","",""
"306","لعبه باز يطير","220","160","160","160","395","لعبه باز يطير","","7","1015","0","","True","False","False","0","0","0","","","0","1","0","0","2/9/2026 3:53:06 PM","","0","0","","False","",""
"307","لعبه باز جناحات","165","150","150","150","215","لعبه باز","","8","1320","0","","True","False","False","0","0","0","","","","","","0","2/9/2026 3:53:06 PM","","0","0","","False","",""
"308","شاحنه مكعبات","15","30","30","30","30","شاحنه مكعبات","","2","30","0","","True","False","False","0","0","0","","","","","","0","2/9/2026 3:53:06 PM","","0","0","","False","",""
"309","عليه خرز بنات كبير","40","80","80","80","80","عليه خرز بنات كبير","","8","320","0","","True","False","False","0","0","0","","","","","","0","2/9/2026 3:53:06 PM","","0","0","","False","",""
"310","قطه بيتكلم","84","140","140","140","140","قطه بيتكلم","","6","504","0","","True","False","False","0","0","0","","","","","","0","2/9/2026 3:53:06 PM","","0","0","","False","",""
"311","كيس كور صغيره","21","45","45","45","45","كيس كور صغيره","","3","63","0","","True","False","False","0","0","0","","","","","","0","2/9/2026 3:53:06 PM","","0","0","","False","",""
"312","عربيه ريموت اتجاهين وسط","77","120","120","120","120","عربيه ريموت اتجاهين وسط","","2","154","0","","True","False","False","0","0","0","","","","","","0","2/9/2026 3:53:06 PM","","0","0","","False","",""
"313","عربيه ريموت اتجاهين صغير","44","95","95","95","95","عربيه ريموت اتجاهين صغير","","1","44","0","","True","False","False","0","0","0","","","","","","0","2/9/2026 3:53:06 PM","","0","0","","False","",""
"314","علبه عروسه وسط فساتين ","42","75","75","75","75","علبه عروسه وسط فساتين ","","4","168","0","","True","False","False","0","0","0","","","","","","0","2/9/2026 3:53:06 PM","","0","0","","False","",""
"315","عربيات بلاستيك كبير","10","25","25","25","20","عربيات بلاستيك كبير","","3","30","0","","True","False","False","0","0","0","","","","","","0","2/9/2026 3:53:06 PM","","0","0","","False","",""
"316","اسند FROZEN كبير","16.25","25","25","25","25","اسند FROZEN كبير","","12","195","0","","True","False","False","0","0","0","","","","","","0","2/9/2026 3:53:06 PM","","0","0","","False","",""
"317","استند عروسه FASHION","8.5","20","20","20","20","استند عروسه FASHION","","16","136","0","","True","False","False","0","0","0","","","","","","0","2/9/2026 3:53:06 PM","","0","0","","False","",""
"318","علبه خرز بنات كبير","90","150","150","150","130","علبه خرز بنات كبير","","3","270","0","","True","False","False","0","0","0","","","","","","0","2/9/2026 3:53:06 PM","","0","0","","False","",""
"319","علبه مكياج بنات كبير","46","100","100","100","100","علبه مكياج بنات كبير","","1","46","0","","True","False","False","0","0","0","","","","","","0","2/9/2026 3:53:06 PM","","0","0","","False","",""
"320","كارت جولف","95","50","50","50","150","كارت جولف","","16","1520","0","","True","False","False","0","0","0","","","","","","0","2/9/2026 3:53:06 PM","","0","0","","False","",""
"321","علبه مسدس صوت","43","75","75","75","75","علبه مسدس صوت","","2","86","0","","True","False","False","0","0","0","","","","","","0","2/9/2026 3:53:06 PM","","0","0","","False","",""
"322","WOODY لعبه","145","150","150","150","185","WOODY لعبه","","13","1885","0","","True","False","False","0","0","0","","","","","","0","2/9/2026 3:53:06 PM","","0","0","","False","",""
"323","كارت طقم اساس بيت","19","35","35","35","35","كارت طقم اساس بيت","","2","38","0","","True","False","False","0","0","0","","","","","","0","2/9/2026 3:53:06 PM","","0","0","","False","",""
"324","كارت مسدس سكينه","11","25","25","25","25","كارت مسدس سكينه","","1","11","0","","True","False","False","0","0","0","","","","","","0","2/9/2026 3:53:06 PM","","0","0","","False","",""
"325","علبه عروسه فساتين عجله","51","95","95","95","95","علبه عروسه فساتين عجله","","2","102","0","","True","False","False","0","0","0","","","","","","0","2/9/2026 3:53:06 PM","","0","0","","False","",""
"326","علبه عروسه بالمرايا","49","90","90","90","90","علبه عروسه بالمرايا","","2","98","0","","True","False","False","0","0","0","","","","","","0","2/9/2026 3:53:06 PM","","0","0","","False","",""
"327","عروسه فستان صغير","22.5","50","50","50","50","عروسه فستان صغير","","3","67.5","0","","True","False","False","0","0","0","","","","","","0","2/9/2026 3:53:06 PM","","0","0","","False","",""
"328","عربيه ريموت 4 اتجاهات شحن ","400","100","100","100","650","عربيه ريموت 4 اتجاهات صغير","","1","52","0","","True","False","False","0","0","0","","","0","1","0","0","2/9/2026 3:53:06 PM","","0","0","","False","",""
"329","عربيه ريموت 4 اتجاهات وسط","145","150","150","150","275","عربيه ريموت 4 اتجاهات وسط","","6","870","0","","True","False","False","0","0","0","","","","","","0","2/9/2026 3:53:06 PM","","0","0","","False","",""
"330","عربيه ريموت 4 اتجاهات كبير","250","165","165","165","395","عربيه ريموت 4 اتجاهات كبير","","17","4250","0","","True","False","False","0","0","0","","","","","","0","2/9/2026 3:53:06 PM","","0","0","","False","",""
"331","طياره ريموت 2 اتجاهات","45","100","100","100","100","طياره ريموت 2 اتجاهات","","2","90","0","","True","False","False","0","0","0","","","","","","0","2/9/2026 3:53:06 PM","","0","0","","False","",""
"332","برفان EVERYMAN","85","100","100","100","145","برفان EVERYMAN","","28","2380","0","","True","False","False","0","0","0","","","","","","0","2/9/2026 3:53:06 PM","","0","0","","False","",""
"333","برفان حريمي THE BEST FOR U","20","50","50","50","50","برفان حريمي THE BEST FOR U","","3","60","0","","True","False","False","0","0","0","","","","","","0","2/9/2026 3:53:06 PM","","0","0","","False","",""
"334","برفان ","17","45","45","45","45","برفان","","3","51","0","","True","False","False","0","0","0","","","","","","0","2/9/2026 3:53:06 PM","","0","0","","False","",""
"335","كوره نط كبير","21.25","35","35","35","35","كوره نط كبير","","19","403.75","0","","True","False","False","0","0","0","","","","","","0","2/9/2026 3:53:06 PM","","0","0","","False","",""
"336","قلم كحل اسود BONJOUR بالواحد","4","10","10","10","10","قلم كحل اسود BONJOUR بالواحد","","12","48","0","","True","False","False","0","0","0","","","","","","0","2/9/2026 3:53:06 PM","","0","0","","False","",""
"337","ساعات شبابي ","22","50","50","50","50","ساعات شبابي PUMA","","4","88","0","","True","False","False","0","0","0","","","","","","0","2/9/2026 3:53:06 PM","","0","0","","False","",""
"338","ساعات شبابي معدن","23","55","55","55","55","ساعات شبابي معدن","","4","92","0","","True","False","False","0","0","0","","","","","","0","2/9/2026 3:53:06 PM","","0","0","","False","",""
"339","ساعه رجالي","25","60","60","60","60","ساعه رجالي","","10","250","0","","True","False","False","0","0","0","","","","","","0","2/9/2026 3:53:06 PM","","0","0","","False","",""
"340","ساعه حريمي","25","50","50","50","50","ساعه حريمي","","13","325","0","","True","False","False","0","0","0","","","","","","0","2/9/2026 3:53:06 PM","","0","0","","False","",""
"341","ساعه جلد ","25","55","55","55","65","ساعه جلد ","","22","550","0","","True","False","False","0","0","0","","","","","","0","2/9/2026 3:53:06 PM","","0","0","","False","",""
"342","لكلوك كبير","10","20","20","20","20","لكلوك كبير","","19","190","0","","True","False","False","0","0","0","","","","","","0","2/9/2026 3:53:06 PM","","0","0","","False","",""
"343","لكلوك صغير","5","10","10","10","10","لكلوك صغير","","12","60","0","","True","False","False","0","0","0","","","","","","0","2/9/2026 3:53:06 PM","","0","0","","False","",""
"344","شوربات رجالي","2.91","7","7","7","7","شوربات رجالي","","23","66.93","0","","True","False","False","0","0","0","","","","","","0","2/9/2026 3:53:06 PM","","0","0","","False","",""
"345","شوربات حريمي","2.91","7","7","7","7","شوربات حريمي","","18","52.38","0","","True","False","False","0","0","0","","","","","","0","2/9/2026 3:53:06 PM","","0","0","","False","",""
"346","كوز رز","6.25","10","10","10","10","كوز رز","","34","212.5","0","","True","False","False","0","0","0","","","","","","0","2/9/2026 3:53:06 PM","","0","0","","False","",""
"347","طقم علبه بلاستيك مكون من اربع احجام","37","50","50","50","50","طقم علبه بلاستيك مكون من اربع احجام","","3","111","0","","True","False","False","0","0","0","","","","","","0","2/9/2026 3:53:06 PM","","0","0","","False","",""
"348","منظم ثلاجه ","6","10","10","10","10","منظم ثلاجه ","","54","324","0","","True","False","False","0","0","0","","","","","","0","2/9/2026 3:53:06 PM","","0","0","","False","",""
"349","حامل كلينكس","17.5","25","25","25","25","حامل كلينكس","","19","332.5","0","","True","False","False","0","0","0","","","","","","0","2/9/2026 3:53:06 PM","","0","0","","False","",""
"350","صنيه صغيره","8.333","20","20","20","20","صنيه صغيره","","3","24.999","0","","True","False","False","0","0","0","","","","","","0","2/9/2026 3:53:06 PM","","0","0","","False","",""
"351","صنيه وسط","14","30","30","30","30","صنيه وسط","","3","42","0","","True","False","False","0","0","0","","","","","","0","2/9/2026 3:53:06 PM","","0","0","","False","",""
"352","صنيه كبير","15","35","35","35","35","صنيه كبير","","3","45","0","","True","False","False","0","0","0","","","","","","0","2/9/2026 3:53:06 PM","","0","0","","False","",""
"353","مصفه سلك مقاس 10","4.5","10","10","10","10","مصفه سلك مقاس 10","","6","27","0","","True","False","False","0","0","0","","","","","","0","2/9/2026 3:53:06 PM","","0","0","","False","",""
"354","مصفه سلك مقاس 8","3.75","7.5","7.5","7.5","7.5","مصفه سلك مقاس 8","","5","18.75","0","","True","False","False","0","0","0","","","","","","0","2/9/2026 3:53:06 PM","","0","0","","False","",""
"355","مصفه لولو","9.25","20","20","20","20","مصفه لولو","","4","37","0","","True","False","False","0","0","0","","","","","","0","2/9/2026 3:53:06 PM","","0","0","","False","",""
"356","سبت مربع","7.5","15","15","15","15","سبت مربع","","4","30","0","","True","False","False","0","0","0","","","","","","0","2/9/2026 3:53:06 PM","","0","0","","False","",""
"357","علبه خزين صغير","13.5","25","25","25","25","علبه خزين صغير","","3","40.5","0","","True","False","False","0","0","0","","","","","","0","2/9/2026 3:53:06 PM","","0","0","","False","",""
"358","علبه خزين كبيره ","20","30","30","30","30","علبه خزين كبيره ","","5","100","0","","True","False","False","0","0","0","","","","","","0","2/9/2026 3:53:06 PM","","0","0","","False","",""
"359","طبق كارمن","11","20","20","20","20","طبق كارمن","","6","66","0","","True","False","False","0","0","0","","","","","","0","2/9/2026 3:53:06 PM","","0","0","","False","",""
"360","بوله كبيره بلاسك","13","20","20","20","20","بوله كبيره بلاسك","","4","52","0","","True","False","False","0","0","0","","","","","","0","2/9/2026 3:53:06 PM","","0","0","","False","",""
"361","طبق شفاف صغير ","10.5","20","20","20","20","طبق شفاف صغير ","","2","21","0","","True","False","False","0","0","0","","","","","","0","2/9/2026 3:53:06 PM","","0","0","","False","",""
"362","طبق شفاف كبير","11.5","25","25","25","25","طبق شفاف كبير","","2","23","0","","True","False","False","0","0","0","","","","","","0","2/9/2026 3:53:06 PM","","0","0","","False","",""
"363","استند نظافه","9","20","20","20","35","استند نظافه","","9","81","0","","True","False","False","0","0","0","","","","","","0","2/9/2026 3:53:06 PM","","0","0","","False","",""
"364","صابوره مغناطيس معدن صغير","25","30","30","30","35","صابوره مغناطيس معدن صغير","","5","125","0","","True","False","False","0","0","0","","","","","","0","2/9/2026 3:53:06 PM","","0","0","","False","",""
"365","صابوره مغناطيس معدن كبيره","30","35","35","35","50","صابوره مغناطيس معدن كبيره","","10","300","0","","True","False","False","0","0","0","","","","","","0","2/9/2026 3:53:06 PM","","0","0","","False","",""
"366","طقم هندسه كامل M-901","95","30","30","30","135","طقم هندسه كامل","","49","4655","0","","True","False","False","0","0","0","","","","","","0","2/9/2026 3:53:06 PM","","0","0","","False","",""
"367","قلم ماركر بيمسح","8.5","5","5","5","12","قلم ماركر بيمسح","","2150","18275","0","","True","False","False","0","0","0","","","","","","0","2/9/2026 3:53:06 PM","","0","0","","False","",""
"368","قلم ماركر مش بيمسح","8.5","5","5","5","12","قلم ماركر مش بيمسح","","727","6179.5","0","","True","False","False","0","0","0","","","0","1","0","0","2/9/2026 3:53:06 PM","","0","0","","False","",""
"369","مسطره جدول 20 سم","3","2","2","2","6","مسطره جدول 20 سم","","122","366","0","","True","False","False","0","0","0","","","","","","0","2/9/2026 3:53:06 PM","","0","0","","False","",""
"370","مسطره الوان 20 سم مشنشر","3","1.5","1.5","1.5","7","مسطره جدول 20 سم مشنشر","","35","162.5","0","","True","False","False","0","0","0","","","0","1","0","0","2/9/2026 3:53:06 PM","","0","0","","False","",""
"371","علبه مثلث SMART بالواحده","2","1.5","1.5","1.5","5","علبه مثلث SMART بالواحده","","54","108","0","","True","False","False","0","0","0","","","","","","0","2/9/2026 3:53:06 PM","","0","0","","False","",""
"372","علبه برايه معدن ","5.5","5","5","5","8","علبه برايه معدن ","","114","627","0","","True","False","False","0","0","0","","","","","","0","2/9/2026 3:53:06 PM","","0","0","","False","",""
"373","طقم هندسه اطفال","45","25","25","25","95","طقم هندسه اطفال","","21","945","0","","True","False","False","0","0","0","","","","","","0","2/9/2026 3:53:06 PM","","0","0","","False","",""
"374","سوليتب صغير ليزر","0.33","2","2","2","2","سوليتب صغير ليزر","","40","13.2","0","","True","False","False","0","0","0","","","","","","0","2/9/2026 3:53:06 PM","","0","0","","False","",""
"375","سوليتب وسط ليزر بالواحده","0.45","3","3","3","2.5","سوليتب وسط","","73","32.85","0","","True","False","False","0","0","0","","","","","","0","2/9/2026 3:53:06 PM","","0","0","","False","",""
"376","سوليتب كبير ليزر","1","3","3","3","3","سوليتب كبير ليزر","","24","24","0","","True","False","False","0","0","0","","","","","","0","2/9/2026 3:53:06 PM","","0","0","","False","",""
"377","استند كوريكتور ","7.5","10","10","10","10","استند كوريكتور ","","74","555","0","","True","False","False","0","0","0","","","","","","0","2/9/2026 3:53:06 PM","","0","0","","False","",""
"378","مسطره شفاف 20سم","3","2","2","2","6","مسطره شفاف 20سم","","50","600","0","","True","False","False","0","0","0","","","0","1","0","0","2/9/2026 3:53:06 PM","","0","0","","False","",""
"379","مسطره شفاف 30سم","4","3","3","3","10","مسطره شفاف 30سم","","50","1200","0","","True","False","False","0","0","0","","","0","1","0","0","2/9/2026 3:53:06 PM","","0","0","","False","",""
"380","اقلام الوان فابركاسل 6 طويل","11","25","25","25","25","اقلام الوان فابركاسل 6 طويل","","12","132","0","","True","False","False","0","0","0","","","","","","0","2/9/2026 3:53:06 PM","","0","0","","False","",""
"381"," الوان فابركاسل 12طويل","85","35","35","35","125","اقلام الوان فابركاسل 12طويل","","15","10800","0","","True","False","False","0","0","0","","","0","1","0","0","2/9/2026 3:53:06 PM","","0","0","","False","",""
"382"," الوان فابركاسل12 قصير","37.5","22.5","22.5","22.5","65","اقلام الوان فابركاسل12 قصير","","18","3975","0","","True","False","False","0","0","0","","","0","1","0","0","2/9/2026 3:53:06 PM","","0","0","","False","",""
"383","الوان GELCY 6 قصير","4.5","5","5","5","12","الوان GELCY 6 قصير","","58","261","0","","True","False","False","0","0","0","","","","","","0","2/9/2026 3:53:06 PM","","0","0","","False","",""
"384","الوان GELCY 12قصير","10","10","10","10","25","الوان GELCY 12قصير","","12","2200","0","","True","False","False","0","0","0","","","0","1","0","0","2/9/2026 3:53:06 PM","","0","0","","False","",""
"385","الوان خشب 12 NATURAL","20","20","20","20","45","الوان خشب 12 NATURAL","","12","914.625","0","","True","False","False","0","0","0","","","0","1","0","0","2/9/2026 3:53:06 PM","","0","0","","False","",""
"386","الوان خشب 12 NATURAL قصير","11","10","10","10","30","الوان خشب 12 NATURAL قصير","","24","1221","0","","True","False","False","0","0","0","","","0","1","0","0","2/9/2026 3:53:06 PM","","0","0","","False","",""
"387","الوان خشب 6 NATURAL قصير","5.5","7","7","7","15","الوان خشب 6NATURAL قصير","","12","154","0","","True","False","False","0","0","0","","","0","1","0","0","2/9/2026 3:53:06 PM","","0","0","","False","",""
"388","فوم جليتار مش بيلزق  بالواحده","4.5","3","3","3","7.5","فوم جليتار بالواحده","","1000","4000","0","","True","False","False","0","0","0","","","0","1","0","0","2/9/2026 3:53:06 PM","","0","0","","False","",""
"389","فوم جليتاراللزق  بالواحده","5","4","4","4","8","فوم جليتاراللزق  بالواحده","","1150","5750","0","","True","False","False","0","0","0","","","","","","0","2/9/2026 3:53:06 PM","","0","0","","False","",""
"390","فوم جلينر بدون لزق  A4بالواحده","3.5","2","2","2","6.5","فوم ساده A4بالواحده","","300","1050","0","","True","False","False","0","0","0","","","0","1","0","0","2/9/2026 3:53:06 PM","","0","0","","False","",""
"391","ورق كوريشه بالواحده","8","5","5","5","15","ورق كوريشه","","25","370","0","","True","False","False","0","0","0","","","0","1","0","0","2/9/2026 3:53:06 PM","","0","0","","False","",""
"392","امير مصري","1.5","2","2","2","3","امير مصري","","600","900","0","","True","False","False","0","0","0","","","","","","0","2/9/2026 3:53:06 PM","","0","0","","False","",""
"393","الوان شمع صغير 6","12","10","10","10","25","الوان شمع صغير 6","","21","759","0","","True","False","False","0","0","0","","","0","1","0","0","2/9/2026 3:53:06 PM","","0","0","","False","",""
"394","الوان شمع كبيره 12","16.5","15","15","15","35","الوان شمع كبيره 12","","15","961","0","","True","False","False","0","0","0","","","0","1","0","0","2/9/2026 3:53:06 PM","","0","0","","False","",""
"395","برايه بالواحده DOMS","2.5","3","3","3","5","","","900","2250","0","","True","False","False","0","0","0","","","0","1","0","0","2/9/2026 3:53:06 PM","","0","0","","False","",""
"396","علبه برايه بالواحده","1.1","2","2","2","3","علبه برايه بالواحده","","276","303.6","0","","True","False","False","0","0","0","","","","","","0","2/9/2026 3:53:06 PM","","0","0","","False","",""
"397","نوته لوكس كبيره","22.5","35","35","35","40","نوته لوكس كبيره","","20","450","0","","True","False","False","0","0","0","","","","","","0","2/9/2026 3:53:06 PM","","0","0","","False","",""
"398","نوته سلك كXL","25","20","20","20","40","نوته سلك صغيره XL","","52","1404","0","","True","False","False","0","0","0","","","0","1","0","0","2/9/2026 3:53:06 PM","","0","0","","False","",""
"399","نوته سلك صغيره L","14","17","17","17","30","نوته سلك صغيره L","","6","58","0","","True","False","False","0","0","0","","","0","1","0","0","2/9/2026 3:53:06 PM","","0","0","","False","",""
"400","بلو تاك فابركاسل 90P","21","40","40","40","40","","","10","210","0","","True","False","False","0","0","0","","","","","","0","2/9/2026 3:53:06 PM","","0","0","","False","",""
"401","ايصال امانه","1.5","5","5","5","5","ايصال امانه","","76","114","0","","True","False","False","0","0","0","","","","","","0","2/9/2026 3:53:06 PM","","0","0","","False","",""
"402","ايصال او وصل ايجار","1","5","5","5","5","ايصال او وصل ايجار","","94","94","0","","True","False","False","0","0","0","","","","","","0","2/9/2026 3:53:06 PM","","0","0","","False","",""
"403","علبه دباسه kangaro 45","102","45","45","45","195","علبه دباسه kangaro","","2","3060","0","","True","False","False","0","0","0","","","0","1","0","0","2/9/2026 3:53:06 PM","","0","0","","False","",""
"404","علبه دبابيس KOORES","1.388","5","5","5","5","علبه دبابيس KOORES","","16","22.208","0","","True","False","False","0","0","0","","","","","","0","2/9/2026 3:53:06 PM","","0","0","","False","",""
"405","علبه دبابيس GREAT HALL","1.15","5","5","5","5","علبه دبابيس GREAT HALL","","16","18.4","0","","True","False","False","0","0","0","","","","","","0","2/9/2026 3:53:06 PM","","0","0","","False","",""
"406","دباسه EAGLE 203","111.5","50","50","50","165","دباسه EAGLE 203","","9","1003.5","0","","True","False","False","0","0","0","","","","","","0","2/9/2026 3:53:06 PM","","0","0","","False","",""
"407","دباسه EAGLE 204","26","45","45","45","45","دباسه EAGLE 204","","6","156","0","","True","False","False","0","0","0","","","","","","0","2/9/2026 3:53:06 PM","","0","0","","False","",""
"408","دباسه EAGLE 206","85","40","40","40","150","دباسه EAGLE 207","","20","1700","0","","True","False","False","0","0","0","","","0","1","0","0","2/9/2026 3:53:06 PM","","0","0","","False","",""
"409","دباسه DL0207","9.5","25","25","25","25","دباسه DL0207","","4","38","0","","True","False","False","0","0","0","","","","","","0","2/9/2026 3:53:06 PM","","0","0","","False","",""
"410","منقله QUEEN بالواحده","2","5","5","5","5","منقله QUEEN بالواحده","","200","400","0","","True","False","False","0","0","0","","","","","","0","2/9/2026 3:53:06 PM","","0","0","","False","",""
"411","سي دي RIDATA","1.5","5","5","5","5","سي دي RIDATA","","122","183","0","","True","False","False","0","0","0","","","","","","0","2/9/2026 3:53:06 PM","","0","0","","False","",""
"412","صلصال  12 + 2 لعبه","6.25","15","15","15","15","صلصال  12 + 2 لعبه","","19","118.75","0","","True","False","False","0","0","0","","","","","","0","2/9/2026 3:53:06 PM","","0","0","","False","",""
"413","صلصال وسط","4.5","8","8","8","8","صلصال وسط","","8","36","0","","True","False","False","0","0","0","","","","","","0","2/9/2026 3:53:06 PM","","0","0","","False","",""
"414","صلصال صغير","2.25","5","5","5","5","صلصال صغير","","124","279","0","","True","False","False","0","0","0","","","","","","0","2/9/2026 3:53:06 PM","","0","0","","False","",""
"415","صلصال صغير 9001","11.5","10","10","10","17","","","77","885.5","0","","True","False","False","0","0","0","","","","","","0","2/9/2026 3:53:06 PM","","0","0","","False","",""
"416","صلصال كبير + 4 لعبه +نشابه ","25","20","20","20","45","صلصال كبير + 4 لعبه","","24","725","0","","True","False","False","0","0","0","","","0","1","0","0","2/9/2026 3:53:06 PM","","0","0","","False","",""
"417","صلصال كبير + 2لعبه","5.25","17.5","17.5","17.5","17.5","صلصال كبير + 2لعبه","","24","126","0","","True","False","False","0","0","0","","","","","","0","2/9/2026 3:53:06 PM","","0","0","","False","",""
"418","فرشه الوان بالواحده","5","3","3","3","8","فرشه الوان بالواحده","","415","2075","0","","True","False","False","0","0","0","","","","","","0","2/9/2026 3:53:06 PM","","0","0","","False","",""
"419","حجاره EVERYDAY احمر ريموت","22.5","12.5","12.5","12.5","30","حجاره EVERYDAY احمر ريموت","","180","4050","0","","True","False","False","0","0","0","","","","","","0","2/9/2026 3:53:06 PM","","0","0","","False","",""
"420","حجاره EVERYDAY احمر ساعه","15","12.5","12.5","12.5","25","حجاره EVERYDAY احمر ساعه","","20","105","0","","True","False","False","0","0","0","","","0","1","0","0","2/9/2026 3:53:06 PM","","0","0","","False","",""
"421","حجاره EVERYDAY ازرق ساعه","15","10","10","10","25","حجاره EVERYDAY ازرق ساعه","","740","7400","0","","True","False","False","0","0","0","","","0","1","0","0","2/9/2026 3:53:06 PM","","0","0","","False","",""
"422","فايل كبسوله  خفيف ","4","3","3","3","6","فايل خفيف ","","240","960","0","","True","False","False","0","0","0","","","","","","0","2/9/2026 3:53:06 PM","","0","0","","False","",""
"423","مقص DL9014","7.5","15","15","15","15","مقص DL9014","","36","270","0","","True","False","False","0","0","0","","","","","","0","2/9/2026 3:53:06 PM","","0","0","","False","",""
"424","مقص D 9031","12.5","20","20","20","20","مقص D 9031","","8","100","0","","True","False","False","0","0","0","","","","","","0","2/9/2026 3:53:06 PM","","0","0","","False","",""
"425","مقص صغير","1.625","5","5","5","5","مقص صغير","","42","68.25","0","","True","False","False","0","0","0","","","","","","0","2/9/2026 3:53:06 PM","","0","0","","False","",""
"426","برجل + سنون v80","20","10","10","10","35","برجل + سنون","","62","1240","0","","True","False","False","0","0","0","","","","","","0","2/9/2026 3:53:06 PM","","0","0","","False","",""
"427","قلم برافو ستايلش تاتش","8.5","15","15","15","15","قلم برافو ستايلش تاتش","","14","119","0","","True","False","False","0","0","0","","","","","","0","2/9/2026 3:53:06 PM","","0","0","","False","",""
"428","برايه بالواحده SMILE","1.35","5","5","5","5","برايه بالواحده SMILE","","60","81","0","","True","False","False","0","0","0","","","","","","0","2/9/2026 3:53:06 PM","","0","0","","False","",""
"429","برطمان استيكه ملونه بالواحده","2","3","3","3","4","برطمان استيكه ملونه بالواحده","","122","244","0","","True","False","False","0","0","0","","","","","","0","2/9/2026 3:53:06 PM","","0","0","","False","",""
"430","مشبك حديد الوان بالواحده","0.58","3","3","3","3","مشبك حديد الوان بالواحده","","24","13.92","0","","True","False","False","0","0","0","","","","","","0","2/9/2026 3:53:06 PM","","0","0","","False","",""
"431","علبه برايه بالواحده الوان","0.75","1","1","1","2","علبه برايه بالواحده  الوان","","236","177","0","","True","False","False","0","0","0","","","","","","0","2/9/2026 3:53:06 PM","","0","0","","False","",""
"432","سنون 0.5","7","5","5","5","10","سنون XQ","","400","2800","0","","True","False","False","0","0","0","","","","","","0","2/9/2026 3:53:06 PM","","0","0","","False","",""
"433","استيكه 6501 بالواحده","1","2.5","2.5","2.5","3","استيكه 6501 بالواحده","","83","83","0","","True","False","False","0","0","0","","","","","","0","2/9/2026 3:53:06 PM","","0","0","","False","",""
"434","ستيك نوت سهم","15","10","10","10","25","ستيك نوت سهم","","18","1148","0","","True","False","False","0","0","0","","","0","1","0","0","2/9/2026 3:53:06 PM","","0","0","","False","",""
"435","دبابيس دباسه صغير","4","5","5","5","7","دبابيس دباسه صغير","","44","118.8","0","","True","False","False","0","0","0","","","0","1","0","0","2/9/2026 3:53:06 PM","","0","0","","False","",""
"436","ستيك نوت فسفوري صغير","3","7.5","7.5","7.5","7.5","ستيك نوت فسفوري صغير","","24","72","0","","True","False","False","0","0","0","","","","","","0","2/9/2026 3:53:06 PM","","0","0","","False","",""
"437","سنون 0.9","7","5","5","5","10","سنون باور HQ","","200","1400","0","","True","False","False","0","0","0","","","","","","0","2/9/2026 3:53:06 PM","","0","0","","False","",""
"438","طقم فسفور PROLINE","15.5","25","25","25","30","طقم فسفور PROLINE","","15","232.5","0","","True","False","False","0","0","0","","","","","","0","2/9/2026 3:53:06 PM","","0","0","","False","",""
"439","طقم اقلام فسفوري 12","30","25","25","25","40","طقم اقلام فسفوري 12","","12","360","0","","True","False","False","0","0","0","","","","","","0","2/9/2026 3:53:06 PM","","0","0","","False","",""
"440","طقم اقلام فسفوري 10","27","20","20","20","45","طقم اقلام فسفوري 10","","60","1620","0","","True","False","False","0","0","0","","","0","1","0","0","2/9/2026 3:53:06 PM","","0","0","","False","",""
"441","طقم اقلام فسفوري 8","7.333","15","15","15","15","طقم اقلام فسفوري 8","","10","73.33","0","","True","False","False","0","0","0","","","","","","0","2/9/2026 3:53:06 PM","","0","0","","False","",""
"442","طقم اقلام فسفوري 6","16","12.5","12.5","12.5","23","طقم اقلام فسفوري 6","","47","752","0","","True","False","False","0","0","0","","","","","","0","2/9/2026 3:53:06 PM","","0","0","","False","",""
"443","طقم اقلام فسفوري 4","10","7.5","7.5","7.5","18","طقم اقلام فسفوري 4","","24","240","0","","True","False","False","0","0","0","","","","","","0","2/9/2026 3:53:06 PM","","0","0","","False","",""
"444","طقم اقلام فسفوري 5","8.5","10","10","10","20","طقم اقلام فسفوري 5","","22","187","0","","True","False","False","0","0","0","","","","","","0","2/9/2026 3:53:06 PM","","0","0","","False","",""
"445","طقم اقلام فسفور10-607","10.5","25","25","25","25","طقم اقلام فسفوري 10-607","","3","31.5","0","","True","False","False","0","0","0","","","","","","0","2/9/2026 3:53:06 PM","","0","0","","False","",""
"446","طقم اقلام فسفوري ROTO BRIGHT","7","15","15","15","15","طقم اقلام فسفوري ROTO BRIGHT","","8","56","0","","True","False","False","0","0","0","","","","","","0","2/9/2026 3:53:06 PM","","0","0","","False","",""
"447","طقم برونز فكيوم  CHAO QI","6","15","15","15","15","طقم برونز فكيوم  CHAO QI","","20","120","0","","True","False","False","0","0","0","","","","","","0","2/9/2026 3:53:06 PM","","0","0","","False","",""
"448","رموش BOHJOUR","2.5","10","10","10","10","رموش BOHJOUR","","11","27.5","0","","True","False","False","0","0","0","","","","","","0","2/9/2026 3:53:06 PM","","0","0","","False","",""
"449","رموش حريمي","2","8","8","8","8","رموش حريمي","","6","12","0","","True","False","False","0","0","0","","","","","","0","2/9/2026 3:53:06 PM","","0","0","","False","",""
"450","مبرد اظافر","3","10","10","10","10","مبرد اظافر","","20","60","0","","True","False","False","0","0","0","","","","","","0","2/9/2026 3:53:06 PM","","0","0","","False","",""
"451","قلم كحل بنيBONJOUR بالواحد","3.5","10","10","10","10","قلم كحل بنيBONJOUR بالواحد","","50","175","0","","True","False","False","0","0","0","","","","","","0","2/9/2026 3:53:06 PM","","0","0","","False","",""
"452","مشط شعر كبير","3.75","5","5","5","7","مشط شعر كبير","","12","45","0","","True","False","False","0","0","0","","","","","","0","2/9/2026 3:53:06 PM","","0","0","","False","",""
"453","اظافر الوان ","5","15","15","15","15","اظافر الوان ","","19","95","0","","True","False","False","0","0","0","","","","","","0","2/9/2026 3:53:06 PM","","0","0","","False","",""
"454","خاتم تسبيح","4","7.5","7.5","7.5","7.5","خاتم تسبيح","","26","104","0","","True","False","False","0","0","0","","","","","","0","2/9/2026 3:53:06 PM","","0","0","","False","",""
"455","بنس شعر","4.5","10","10","10","12","بنس شعر","","48","216","0","","True","False","False","0","0","0","","","","","","0","2/9/2026 3:53:06 PM","","0","0","","False","",""
"456","مرايا","4","10","10","10","10","مرايا","","21","84","0","","True","False","False","0","0","0","","","","","","0","2/9/2026 3:53:06 PM","","0","0","","False","",""
"457","طقم باديكير","8","20","20","20","20","طقم باديكير","","9","72","0","","True","False","False","0","0","0","","","","","","0","2/9/2026 3:53:06 PM","","0","0","","False","",""
"458","اينسيال حريمي حروف","5","10","10","10","10","اينسيال حريمي حروف","","24","120","0","","True","False","False","0","0","0","","","","","","0","2/9/2026 3:53:06 PM","","0","0","","False","",""
"459","دبوس كارت 6 ","4.5","10","10","10","10","دبوس كارت 6 ","","12","54","0","","True","False","False","0","0","0","","","","","","0","2/9/2026 3:53:06 PM","","0","0","","False","",""
"460","ملقاط بصمه بالواحده","2","10","10","10","10","ملقاط بصمه بالواحده","","12","24","0","","True","False","False","0","0","0","","","","","","0","2/9/2026 3:53:06 PM","","0","0","","False","",""
"461","حلق كوره لولي بالواحده","2","5","5","5","5","حلق كوره لولي","","26","52","0","","True","False","False","0","0","0","","","","","","0","2/9/2026 3:53:06 PM","","0","0","","False","",""
"462","حلق الوان ","1.5","5","5","5","5","حلق الوان ","","45","67.5","0","","True","False","False","0","0","0","","","","","","0","2/9/2026 3:53:06 PM","","0","0","","False","",""
"463","حلق فضي اشكال","1","5","5","5","5","حلق فضي اشكال","","35","35","0","","True","False","False","0","0","0","","","","","","0","2/9/2026 3:53:06 PM","","0","0","","False","",""
"464","سلسله اهلي","5","10","10","10","10","سلسله اهلي","","2","10","0","","True","False","False","0","0","0","","","","","","0","2/9/2026 3:53:06 PM","","0","0","","False","",""
"465","سلسله زمالك","5","10","10","10","10","سلسله زمالك","","2","10","0","","True","False","False","0","0","0","","","","","","0","2/9/2026 3:53:06 PM","","0","0","","False","",""
"466","سلسله فضه","6","15","15","15","15","سلسله فضه","","11","66","0","","True","False","False","0","0","0","","","","","","0","2/9/2026 3:53:06 PM","","0","0","","False","",""
"467","سلسله قرن جلد","3","10","10","10","10","سلسله قرن جلد","","10","30","0","","True","False","False","0","0","0","","","","","","0","2/9/2026 3:53:06 PM","","0","0","","False","",""
"468","سلسله جلد ","10","20","20","20","20","سلسله جلد ","","5","50","0","","True","False","False","0","0","0","","","","","","0","2/9/2026 3:53:06 PM","","0","0","","False","",""
"469","سلسله راقبه فضي","10","20","20","20","20","سلسله راقبه فضي","","12","120","0","","True","False","False","0","0","0","","","","","","0","2/9/2026 3:53:06 PM","","0","0","","False","",""
"470","دبوس عجله بالواحده","0.9","5","5","5","5","دبوس عجله بالواحده","","51","45.9","0","","True","False","False","0","0","0","","","","","","0","2/9/2026 3:53:06 PM","","0","0","","False","",""
"471","حلق مغناطيس","1","5","5","5","5","حلق مغناطيس","","24","24","0","","True","False","False","0","0","0","","","","","","0","2/9/2026 3:53:06 PM","","0","0","","False","",""
"472","حظاظه رجالي","8","15","15","15","15","حظاظه رجالي","","3","24","0","","True","False","False","0","0","0","","","","","","0","2/9/2026 3:53:06 PM","","0","0","","False","",""
"473","طوق ميكي","5","15","15","15","15","طوق ميكي","","12","60","0","","True","False","False","0","0","0","","","","","","0","2/9/2026 3:53:06 PM","","0","0","","False","",""
"474","تاتو اسود","2","5","5","5","5","تاتو اسود","","110","220","0","","True","False","False","0","0","0","","","","","","0","2/9/2026 3:53:06 PM","","0","0","","False","",""
"475","بندانه ارنب","3.75","15","15","15","15","بندانه ارنب","","12","45","0","","True","False","False","0","0","0","","","","","","0","2/9/2026 3:53:06 PM","","0","0","","False","",""
"476","توكه كلبس ذهبي بالقطعه","3.5","10","10","10","10","توكه كلبس ذهبي بالقطعه","","12","42","0","","True","False","False","0","0","0","","","","","","0","2/9/2026 3:53:06 PM","","0","0","","False","",""
"477","حظاظه بنات","7","15","15","15","15","حظاظه بنات","","6","42","0","","True","False","False","0","0","0","","","","","","0","2/9/2026 3:53:06 PM","","0","0","","False","",""
"478","دبوس حجاب الاثنين","1.25","5","5","5","5","دبوس حجاب الاثنين","","36","45","0","","True","False","False","0","0","0","","","","","","0","2/9/2026 3:53:06 PM","","0","0","","False","",""
"479","حلق دايره ذهبي","3.5","10","10","10","10","حلق دايره","","18","63","0","","True","False","False","0","0","0","","","","","","0","2/9/2026 3:53:06 PM","","0","0","","False","",""
"480","ثلج ","19","10","10","10","35","ثلج ","","1150","21850","0","","True","False","False","0","0","0","","","0","1","0","0","2/9/2026 3:53:06 PM","","0","0","","False","",""
"481","كارت خاتم صباع","3.5","15","15","15","15","كارت خاتم صباع","","27","94.5","0","","True","False","False","0","0","0","","","","","","0","2/9/2026 3:53:06 PM","","0","0","","False","",""
"482","توك كلبس الوان","2.5","5","5","5","5","توك كلبس الوان","","24","60","0","","True","False","False","0","0","0","","","","","","0","2/9/2026 3:53:06 PM","","0","0","","False","",""
"483","توك كلبس اسود","5","15","15","15","15","توك كلبس اسود","","5","25","0","","True","False","False","0","0","0","","","","","","0","2/9/2026 3:53:06 PM","","0","0","","False","",""
"484","علبه استيك شعر الوان","3.75","10","10","10","10","علبه استيك شعر الوان","","12","45","0","","True","False","False","0","0","0","","","","","","0","2/9/2026 3:53:06 PM","","0","0","","False","",""
"485","دبله رجالي","3","10","10","10","10","دبله رجالي","","36","108","0","","True","False","False","0","0","0","","","","","","0","2/9/2026 3:53:06 PM","","0","0","","False","",""
"486","خاتم اطفال","2","5","5","5","5","خاتم اطفال","","24","48","0","","True","False","False","0","0","0","","","","","","0","2/9/2026 3:53:06 PM","","0","0","","False","",""
"487","خاتم الوان رجالي","1.1666","5","5","5","5","خاتم الوان رجالي","","36","41.9976","0","","True","False","False","0","0","0","","","","","","0","2/9/2026 3:53:06 PM","","0","0","","False","",""
"488","خاتم POLO رجالي","8","20","20","20","20","خاتم POLO رجالي","","12","96","0","","True","False","False","0","0","0","","","","","","0","2/9/2026 3:53:06 PM","","0","0","","False","",""
"489","خاتم اسود رجالي","6","15","15","15","15","خاتم اسود رجالي","","5","30","0","","True","False","False","0","0","0","","","","","","0","2/9/2026 3:53:06 PM","","0","0","","False","",""
"490","سلسله فضي بناتي","4","15","15","15","15","سلسله فضي بناتي","","27","108","0","","True","False","False","0","0","0","","","","","","0","2/9/2026 3:53:06 PM","","0","0","","False","",""
"491","حلق اسود ذهبي ","2.6666","6","6","6","6","حلق اسود ذهبي ","","24","63.9984","0","","True","False","False","0","0","0","","","","","","0","2/9/2026 3:53:06 PM","","0","0","","False","",""
"492","خاتم حريمي ","5.5","15","15","15","15","خاتم حريمي ","","22","121","0","","True","False","False","0","0","0","","","","","","0","2/9/2026 3:53:06 PM","","0","0","","False","",""
"493","طوق قماش","2","7","7","7","7","طوق قماش","","12","24","0","","True","False","False","0","0","0","","","","","","0","2/9/2026 3:53:06 PM","","0","0","","False","",""
"494","توك شعر صغير الوان","1.25","5","5","5","5","توك شعر صغير الوان","","34","42.5","0","","True","False","False","0","0","0","","","","","","0","2/9/2026 3:53:06 PM","","0","0","","False","",""
"495","توك كلبس الثنين مع بعض","1","5","5","5","5","توك كلبس  الثنين مع بعض","","40","40","0","","True","False","False","0","0","0","","","","","","0","2/9/2026 3:53:06 PM","","0","0","","False","",""
"496","سلسله حروف فضي ","6","15","15","15","15","سلسله حروف  فضي","","67","402","0","","True","False","False","0","0","0","","","","","","0","2/9/2026 3:53:06 PM","","0","0","","False","",""
"497","استك شعر حظاظه","3.5","10","10","10","10","استك شعر حظاظه","","25","87.5","0","","True","False","False","0","0","0","","","","","","0","2/9/2026 3:53:06 PM","","0","0","","False","",""
"498","توك الوان استيك كارت","1","5","5","5","5","توك الوان استيك كارت","","50","50","0","","True","False","False","0","0","0","","","","","","0","2/9/2026 3:53:06 PM","","0","0","","False","",""
"499","قصافه ","2.75","10","10","10","10","قصافه ","","47","129.25","0","","True","False","False","0","0","0","","","","","","0","2/9/2026 3:53:06 PM","","0","0","","False","",""
"500","حظاظه نبض","1.25","5","5","5","5","حظاظه نبض","","49","61.25","0","","True","False","False","0","0","0","","","","","","0","2/9/2026 3:53:06 PM","","0","0","","False","",""
"501","توكه شعبي","1.25","5","5","5","5","توكه شعبي","","35","43.75","0","","True","False","False","0","0","0","","","","","","0","2/9/2026 3:53:06 PM","","0","0","","False","",""
"502","كلبس شعر فضي","12","25","25","25","25","كلبس شعر فضي","","2","24","0","","True","False","False","0","0","0","","","","","","0","2/9/2026 3:53:06 PM","","0","0","","False","",""
"503","انسيال بناتي","2.5","10","10","10","10","انسيال بناتي","","14","35","0","","True","False","False","0","0","0","","","","","","0","2/9/2026 3:53:06 PM","","0","0","","False","",""
"504","حلق طبي علبه ","0.4","5","5","5","5","حلق طبي علبه ","","150","60","0","","True","False","False","0","0","0","","","","","","0","2/9/2026 3:53:06 PM","","0","0","","False","",""
"505","اظافر كارت ","1.5","5","5","5","5","اظافر كارت ","","35","52.5","0","","True","False","False","0","0","0","","","","","","0","2/9/2026 3:53:06 PM","","0","0","","False","",""
"506","عنق رقبه استراس","3","15","15","15","15","عنق رقبه استراس","","12","36","0","","True","False","False","0","0","0","","","","","","0","2/9/2026 3:53:06 PM","","0","0","","False","",""
"507","تاتو الوان","3","10","10","10","10","تاتو الوان","","85","255","0","","True","False","False","0","0","0","","","","","","0","2/9/2026 3:53:06 PM","","0","0","","False","",""
"508","توكه حصان بالوحده","5","5","5","5","10","توكه حصان ","","25","125","0","","True","False","False","0","0","0","","","","","","0","2/9/2026 3:53:06 PM","","0","0","","False","",""
"509","توكه شعر استيك استيراس بالوحده","5","10","10","10","10","توكه شعر استيك استيراس","","36","180","0","","True","False","False","0","0","0","","","","","","0","2/9/2026 3:53:06 PM","","0","0","","False","",""
"510","توكه استيك الوان كبيره","1.75","7.5","7.5","7.5","7.5","توكه استيك الوان كبيره","","50","87.5","0","","True","False","False","0","0","0","","","","","","0","2/9/2026 3:53:06 PM","","0","0","","False","",""
"511","علبه دبوس كبير","7","15","15","15","15","علبه دبوس كبير","","4","28","0","","True","False","False","0","0","0","","","","","","0","2/9/2026 3:53:06 PM","","0","0","","False","",""
"512","سلسله ذهبي ","6","15","15","15","15","سلسله ذهبي ","","44","264","0","","True","False","False","0","0","0","","","","","","0","2/9/2026 3:53:06 PM","","0","0","","False","",""
"513","كلبس بيبي","1.5","5","5","5","5","كلبس بيبي","","12","18","0","","True","False","False","0","0","0","","","","","","0","2/9/2026 3:53:06 PM","","0","0","","False","",""
"514","دبوس حجاب مشبك","1.5","5","5","5","5","دبوس حجاب مشبك","","36","54","0","","True","False","False","0","0","0","","","","","","0","2/9/2026 3:53:06 PM","","0","0","","False","",""
"515","كيس توك الوان استيك","10","20","20","20","20","كيس توك الوان استيك","","4","40","0","","True","False","False","0","0","0","","","","","","0","2/9/2026 3:53:06 PM","","0","0","","False","",""
"516","باسكت منترا","21","30","30","30","30","باسكت منترا","","10","210","0","","True","False","False","0","0","0","","","","","","0","2/9/2026 3:53:06 PM","","0","0","","False","",""
"517","صنيه بيضاوي بلاستيك","15","30","30","30","30","صنيه بيضاوي بلاستيك","","24","360","0","","True","False","False","0","0","0","","","","","","0","2/9/2026 3:53:06 PM","","0","0","","False","",""
"518","كوب اطفال الوان مينترا","6","10","10","10","10","كوب اطفال الوان مينترا","","8","48","0","","True","False","False","0","0","0","","","","","","0","2/9/2026 3:53:06 PM","","0","0","","False","",""
"519","كوب كبير مينترا","5","12.5","12.5","12.5","12.5","كوب كبير مينترا","","10","50","0","","True","False","False","0","0","0","","","","","","0","2/9/2026 3:53:06 PM","","0","0","","False","",""
"520","كوب وسط مينترا","3","7.5","7.5","7.5","7.5","كوب وسط مينترا","","20","60","0","","True","False","False","0","0","0","","","","","","0","2/9/2026 3:53:06 PM","","0","0","","False","",""
"521","بولاه صغيرا مينترا ","2.5","5","5","5","5","بولاه صغيرا مينترا ","","40","100","0","","True","False","False","0","0","0","","","","","","0","2/9/2026 3:53:06 PM","","0","0","","False","",""
"522","مصفه حجم صغيرا مينترا","15","25","25","25","25","مصفه حجم صغيرا مينترا","","6","90","0","","True","False","False","0","0","0","","","","","","0","2/9/2026 3:53:06 PM","","0","0","","False","",""
"523","مصفه حجم متوسط مينترا","20","30","30","30","30","مصفه حجم متوسط مينترا","","6","120","0","","True","False","False","0","0","0","","","","","","0","2/9/2026 3:53:06 PM","","0","0","","False","",""
"524","مغرفه مينترا","10","15","15","15","15","مغرفه مينترا","","8","80","0","","True","False","False","0","0","0","","","","","","0","2/9/2026 3:53:06 PM","","0","0","","False","",""
"525","معلقه غرف مينترا","10","15","15","15","15","معلقه غرف مينترا","","8","80","0","","True","False","False","0","0","0","","","","","","0","2/9/2026 3:53:06 PM","","0","0","","False","",""
"526","توكه الوان اطفال","1.5","5","5","5","5","توكه الوان اطفال","","15","22.5","0","","True","False","False","0","0","0","","","","","","0","2/9/2026 3:53:06 PM","","0","0","","False","",""
"527","صنيه مستطيل مينترا","6","12.5","12.5","12.5","12.5","صنيه مستطيل مينترا","","9","54","0","","True","False","False","0","0","0","","","","","","0","2/9/2026 3:53:06 PM","","0","0","","False","",""
"528","بوله وسط مينترا","3","8","8","8","10","بوله وسط مينترا","","12","36","0","","True","False","False","0","0","0","","","","","","0","2/9/2026 3:53:06 PM","","0","0","","False","",""
"529","معلقه بسطه مينترا","10","15","15","15","15","معلقه بسطه مينترا","","12","120","0","","True","False","False","0","0","0","","","","","","0","2/9/2026 3:53:06 PM","","0","0","","False","",""
"530","سله خبز مينترا","15","25","25","25","25","سله خبز مينترا","","6","90","0","","True","False","False","0","0","0","","","","","","0","2/9/2026 3:53:06 PM","","0","0","","False","",""
"531","مغرفه مكرونه مينترا","10","15","15","15","15","مغرفه مكرونه مينترا","","10","100","0","","True","False","False","0","0","0","","","","","","0","2/9/2026 3:53:06 PM","","0","0","","False","",""
"532","طبق حوض كبير مينترا","18","25","25","25","25","طبق حوض كبير مينترا","","12","216","0","","True","False","False","0","0","0","","","","","","0","2/9/2026 3:53:06 PM","","0","0","","False","",""
"533","طبق حوض وسط مينترا","12","20","20","20","20","طبق حوض وسط مينترا","","9","108","0","","True","False","False","0","0","0","","","","","","0","2/9/2026 3:53:06 PM","","0","0","","False","",""
"534","مصفه رز كبيره","30","35","35","35","35","مصفه رز كبيره","","12","360","0","","True","False","False","0","0","0","","","","","","0","2/9/2026 3:53:06 PM","","0","0","","False","",""
"535","طبق بلاستيك مينترا","3","6","6","6","6","طبق بلاستيك مينترا","","10","30","0","","True","False","False","0","0","0","","","","","","0","2/9/2026 3:53:06 PM","","0","0","","False","",""
"536","طبق بلاستيك مينترا مستدير","5","10","10","10","10","طبق بلاستيك مينترا مستدير","","10","50","0","","True","False","False","0","0","0","","","","","","0","2/9/2026 3:53:06 PM","","0","0","","False","",""
"537","بولاه كبيره+ مصفه مينترا","35","40","40","40","40","بولاه كبيره+ مصفه مينترا","","4","140","0","","True","False","False","0","0","0","","","","","","0","2/9/2026 3:53:06 PM","","0","0","","False","",""
"538","علبه ثلاجه 3 في 1 مينترا","30","40","40","40","40","علبه ثلاجه 3 في 1 مينترا","","7","210","0","","True","False","False","0","0","0","","","","","","0","2/9/2026 3:53:06 PM","","0","0","","False","",""
"539","شوكه عيدميلاد 1","12.5","15","15","15","25","شوكه عيدميلاد مينترا","","81","1012.5","0","","True","False","False","0","0","0","","","","","","0","2/9/2026 3:53:06 PM","","0","0","","False","",""
"540","طبق فاكهه مينترا","25","35","35","35","35","طبق فاكهه مينترا","","12","300","0","","True","False","False","0","0","0","","","","","","0","2/9/2026 3:53:06 PM","","0","0","","False","",""
"541","بولاه مشنشر مينترا","20","30","30","30","30","بولاه مشنشر مينترا","","14","280","0","","True","False","False","0","0","0","","","","","","0","2/9/2026 3:53:06 PM","","0","0","","False","",""
"542","طبق مسطح كبير مينترا","15","20","20","20","20","طبق مسطح كبير مينترا","","14","210","0","","True","False","False","0","0","0","","","","","","0","2/9/2026 3:53:06 PM","","0","0","","False","",""
"543","بولاه خلط كبير مينترا","20","30","30","30","30","بولاه خلط كبير مينترا","","22","440","0","","True","False","False","0","0","0","","","","","","0","2/9/2026 3:53:06 PM","","0","0","","False","",""
"544","مصفه للخضار مينترا","15","25","25","25","25","مصفه للخضار مينترا","","8","120","0","","True","False","False","0","0","0","","","","","","0","2/9/2026 3:53:06 PM","","0","0","","False","",""
"545","مصفه للخضار مينترا برجل","15","20","20","20","20","مصفه للخضار مينترا برجل","","6","90","0","","True","False","False","0","0","0","","","","","","0","2/9/2026 3:53:06 PM","","0","0","","False","",""
"546","طبق غويط مشنشار مينترا","20","25","25","25","25","طبق غويط مشنشار مينترا","","14","280","0","","True","False","False","0","0","0","","","","","","0","2/9/2026 3:53:06 PM","","0","0","","False","",""
"547","بولاه طعام يد صغير مينترا","6","10","10","10","10","بولاه طعام يد صغير مينترا","","12","72","0","","True","False","False","0","0","0","","","","","","0","2/9/2026 3:53:06 PM","","0","0","","False","",""
"548","بولاه طعام يد وسط مينترا","12","17.5","17.5","17.5","17.5","بولاه طعام يد وسط مينترا","","12","144","0","","True","False","False","0","0","0","","","","","","0","2/9/2026 3:53:06 PM","","0","0","","False","",""
"549","بولاه طعام يد كبير مينترا","18","25","25","25","25","بولاه طعام يد كبير مينترا","","12","216","0","","True","False","False","0","0","0","","","","","","0","2/9/2026 3:53:06 PM","","0","0","","False","",""
"550","صنيه بلستيك كبيره مينترا","40","50","50","50","50","صنيه بلستيك كبيره مينترا","","7","280","0","","True","False","False","0","0","0","","","","","","0","2/9/2026 3:53:06 PM","","0","0","","False","",""
"551","طبق تقديم مستطيل مينترا","10","15","15","15","15","طبق تقديم مستطيل مينترا","","14","140","0","","True","False","False","0","0","0","","","","","","0","2/9/2026 3:53:06 PM","","0","0","","False","",""
"552","طبق تقديم فاكهه مينترا","25","30","30","30","30","طبق تقديم فاكهه مينترا","","12","300","0","","True","False","False","0","0","0","","","","","","0","2/9/2026 3:53:06 PM","","0","0","","False","",""
"553","كوره بلاستيك","5","10","10","10","10","كوره بلاستيك","","135","675","0","","True","False","False","0","0","0","","","","","","0","2/9/2026 3:53:06 PM","","0","0","","False","",""
"554","شنطه مينترا","100","120","120","120","120","شنطه مينترا","","3","300","0","","True","False","False","0","0","0","","","","","","0","2/9/2026 3:53:06 PM","","0","0","","False","",""
"555","شنطه وسط مينترا","45","65","65","65","65","شنطه وسط مينترا","","6","270","0","","True","False","False","0","0","0","","","","","","0","2/9/2026 3:53:06 PM","","0","0","","False","",""
"556","شنطه صغيره مينترا","55","75","75","75","75","شنطه صغيره مينترا","","3","165","0","","True","False","False","0","0","0","","","","","","0","2/9/2026 3:53:06 PM","","0","0","","False","",""
"557","شنطه وسط مينتراا","80","90","90","90","90","شنطه وسط مينترا","","2","160","0","","True","False","False","0","0","0","","","","","","0","2/9/2026 3:53:06 PM","","0","0","","False","",""
"558","كوريكتور صغير","7","7.5","7.5","7.5","12","كوريكتور صغير","","155","1085","0","","True","False","False","0","0","0","","","0","1","0","0","2/9/2026 3:53:06 PM","","0","0","","False","",""
"559","كوريكتور كبير","8.5","10","10","10","15","كوريكتور كبير","","510","4335","0","","True","False","False","0","0","0","","","0","1","0","0","2/9/2026 3:53:06 PM","","0","0","","False","",""
"560","قلم GENTA ازرق","1.5","3","3","3","3","قلم GENTA ازرق","","50","75","0","","True","False","False","0","0","0","","","","","","0","2/9/2026 3:53:06 PM","","0","0","","False","",""
"561","قلم جل ازرق POS 0.5","8.5","5","5","5","15","قلم جل ازرق POS 0.5","","325","2762.5","0","","True","False","False","0","0","0","","","0","1","0","0","2/9/2026 3:53:06 PM","","0","0","","False","",""
"562","قلم  BRAVO 200","3","3","3","3","6","قلم  BRAVO 1.0","","294","882","0","","True","False","False","0","0","0","","","","","","0","2/9/2026 3:53:06 PM","","0","0","","False","",""
"563","قلم GP-355 GEL INK","2.5","7","7","7","7","قلم GP-355 GEL INK","","38","95","0","","True","False","False","0","0","0","","","","","","0","2/9/2026 3:53:06 PM","","0","0","","False","",""
"564","قلم رصاص  FABER CASTELL","6.8","5","5","5","10","قلم رصاص  FABER CASTELL","","3100","21080","0","","True","False","False","0","0","0","","","0","1","0","0","2/9/2026 3:53:06 PM","","0","0","","False","",""
"565","قلم SUNNY 1.0","1","3","3","3","3","قلم SUNNY 1.0","","37","37","0","","True","False","False","0","0","0","","","","","","0","2/9/2026 3:53:06 PM","","0","0","","False","",""
"566","قلم ROTO LIQUD BALL","3.1","3","3","3","5","قلم ROTO LIQUD BALL","","6850","21235","0","","True","False","False","0","0","0","","","","","","0","2/9/2026 3:53:06 PM","","0","0","","False","",""
"567","قلم EASY FLOW ROTO","3","3","3","3","6","قلم EASY FLOW ROTO","","155","465","0","","True","False","False","0","0","0","","","","","","0","2/9/2026 3:53:06 PM","","0","0","","False","",""
"568","قلم العطار 4 الوان ","12.5","10","10","10","25","قلم العطار 4 الوان ","","120","1500","0","","True","False","False","0","0","0","","","","","","0","2/9/2026 3:53:06 PM","","0","0","","False","",""
"569","قلم BRAVO DARK","3","7","7","7","5","قلم BRAVO DARK","","110","330","0","","True","False","False","0","0","0","","","","","","0","2/9/2026 3:53:06 PM","","0","0","","False","",""
"570","مسطره هندسيه","3.5","5","5","5","8","مسطره هندسيه","","126","252","0","","True","False","False","0","0","0","","","0","1","0","0","2/9/2026 3:53:06 PM","","0","0","","False","",""
"571","قلم HIGH LIGHTER","4","5","5","5","7","قلم HIGH LIGHTER","","108","432","0","","True","False","False","0","0","0","","","","","","0","2/9/2026 3:53:06 PM","","0","0","","False","",""
"572","قلم رصاص بالوحده","1.25","3","3","3","3","قلم رصاص GOLDEN VIETNAM","","383","478.75","0","","True","False","False","0","0","0","","","","","","0","2/9/2026 3:53:06 PM","","0","0","","False","",""
"573","قلم UNO PRIMA","1.5","3","3","3","3","قلم UNO PRIMA","","76","114","0","","True","False","False","0","0","0","","","","","","0","2/9/2026 3:53:06 PM","","0","0","","False","",""
"574","قلم رصاص neon ","2","2","2","2","5","قلم رصاص ","","612","1224","0","","True","False","False","0","0","0","","","","","","0","2/9/2026 3:53:06 PM","","0","0","","False","",""
"575","قلم سنون JEDOO ","13","15","15","15","25","قلم سنون JEDOO 0.7","","220","2860","0","","True","False","False","0","0","0","","","","","","0","2/9/2026 3:53:06 PM","","0","0","","False","",""
"576","قلم سنون ALPHA","1.75","10","10","10","15","قلم سنون ALPHA","","35","61.25","0","","True","False","False","0","0","0","","","","","","0","2/9/2026 3:53:06 PM","","0","0","","False","",""
"577","صمغ جليتار كبير","1.5","5","5","5","5","صمغ جليتار كبير","","45","67.5","0","","True","False","False","0","0","0","","","","","","0","2/9/2026 3:53:06 PM","","0","0","","False","",""
"578","قلم مستوى خامس","3","5","5","5","5","قلم TRIBALL","","650","1950","0","","True","False","False","0","0","0","","","","","","0","2/9/2026 3:53:06 PM","","0","0","","False","",""
"579","قلم مستوى تاني","1","2","2","2","4","","","1030","1030","0","","True","False","False","0","0","0","","","","","","0","2/9/2026 3:53:06 PM","","0","0","","False","",""
"580","قلم مستوى اول","0.4","1","1","1","3","قلم مستوى اول","","519","207.6","0","","True","False","False","0","0","0","","","","","","0","2/9/2026 3:53:06 PM","","0","0","","False","",""
"581","بابلز صابون ","11","10","10","10","20","بابلز صابون ","","235","2585","0","","True","False","False","0","0","0","","","","","","0","2/9/2026 3:53:06 PM","","0","0","","False","",""
"582","بوكس هدايا 1","10","50","50","50","50","بوكس هدايا 1","","4","40","0","","True","False","False","0","0","0","","","","","","0","2/9/2026 3:53:06 PM","","0","0","","False","",""
"583","بوكس هدايا 2","20","45","45","45","45","بوكس هدايا 2","","5","100","0","","True","False","False","0","0","0","","","","","","0","2/9/2026 3:53:06 PM","","0","0","","False","",""
"584","بوكس هدايا 3","20","40","40","40","40","بوكس هدايا 3","","4","80","0","","True","False","False","0","0","0","","","","","","0","2/9/2026 3:53:06 PM","","0","0","","False","",""
"585","بوكس هدايا 4","10","35","35","35","35","بوكس هدايا 4","","3","30","0","","True","False","False","0","0","0","","","","","","0","2/9/2026 3:53:06 PM","","0","0","","False","",""
"586","بوكس هدايا 5","10","30","30","30","30","بوكس هدايا 5","","6","60","0","","True","False","False","0","0","0","","","","","","0","2/9/2026 3:53:06 PM","","0","0","","False","",""
"587","بوكس هدايا 6","10","25","25","25","25","بوكس هدايا 6","","4","40","0","","True","False","False","0","0","0","","","","","","0","2/9/2026 3:53:06 PM","","0","0","","False","",""
"588","بوكس هدايا 7","5","20","20","20","20","بوكس هدايا 7","","4","20","0","","True","False","False","0","0","0","","","","","","0","2/9/2026 3:53:06 PM","","0","0","","False","",""
"589","بوكس هدايا 8","5","15","15","15","15","بوكس هدايا 8","","6","30","0","","True","False","False","0","0","0","","","","","","0","2/9/2026 3:53:06 PM","","0","0","","False","",""
"590","بوكس هدايا 9","5","10","10","10","10","بوكس هدايا 9","","3","15","0","","True","False","False","0","0","0","","","","","","0","2/9/2026 3:53:06 PM","","0","0","","False","",""
"591","بوكس هدايا 10","1","5","5","5","5","بوكس هدايا 10","","4","4","0","","True","False","False","0","0","0","","","","","","0","2/9/2026 3:53:06 PM","","0","0","","False","",""
"592","بوكس قلب 1","25","50","50","50","50","بوكس قلب 1","","1","25","0","","True","False","False","0","0","0","","","","","","0","2/9/2026 3:53:06 PM","","0","0","","False","",""
"593","بوكس قلب 2","20","45","45","45","45","بوكس قلب 2","","1","20","0","","True","False","False","0","0","0","","","","","","0","2/9/2026 3:53:06 PM","","0","0","","False","",""
"594","بوكس قلب 3","20","40","40","40","40","بوكس قلب 3","","1","20","0","","True","False","False","0","0","0","","","","","","0","2/9/2026 3:53:06 PM","","0","0","","False","",""
"595","بوكس قلب 4","10","35","35","35","35","بوكس قلب 4","","1","10","0","","True","False","False","0","0","0","","","","","","0","2/9/2026 3:53:06 PM","","0","0","","False","",""
"596","بوكس قلب 5","12","30","30","30","30","بوكس قلب 5","","1","12","0","","True","False","False","0","0","0","","","","","","0","2/9/2026 3:53:06 PM","","0","0","","False","",""
"597","بنك الحظ","6","10","10","10","15","بنك الحظ","","72","432","0","","True","False","False","0","0","0","","","","","","0","2/9/2026 3:53:06 PM","","0","0","","False","",""
"598","قلم صغير","1","2","2","2","2","قلم صغير","","30","30","0","","True","False","False","0","0","0","","","","","","0","2/9/2026 3:53:06 PM","","0","0","","False","",""
"599","كلرت عربيه صغير","15","30","30","30","30","كلرت عربيه صغير","","3","45","0","","True","False","False","0","0","0","","","","","","0","2/9/2026 3:53:06 PM","","0","0","","False","",""
"600","كارت طقم مطبخ","10","25","25","25","25","كارت طقم مطبخ","","9","90","0","","True","False","False","0","0","0","","","","","","0","2/9/2026 3:53:06 PM","","0","0","","False","",""
"601","كارت طقم مطبخ LOL","10","25","25","25","25","كارت طقم مطبخ LOL","","3","30","0","","True","False","False","0","0","0","","","","","","0","2/9/2026 3:53:06 PM","","0","0","","False","",""
"602","عربيه مطافي كارت","10","35","35","35","35","عربيه مطافي كارت","","2","20","0","","True","False","False","0","0","0","","","","","","0","2/9/2026 3:53:06 PM","","0","0","","False","",""
"603","كارت عربيه اخضر","10","35","35","35","35","كارت عربيه اخضر","","2","20","0","","True","False","False","0","0","0","","","","","","0","2/9/2026 3:53:06 PM","","0","0","","False","",""
"604","طقم مطبخ وسط","25","40","40","40","40","طقم مطبخ وسط","","3","75","0","","True","False","False","0","0","0","","","","","","0","2/9/2026 3:53:06 PM","","0","0","","False","",""
"605","كارت بيت","15","35","35","35","35","كارت بيت","","2","30","0","","True","False","False","0","0","0","","","","","","0","2/9/2026 3:53:06 PM","","0","0","","False","",""
"606","HUGO","15","50","50","50","50","HUGO","","3","45","0","","True","False","False","0","0","0","","","","","","0","2/9/2026 3:53:06 PM","","0","0","","False","",""
"607","BOSS","15","50","50","50","50","BOSS","","3","45","0","","True","False","False","0","0","0","","","","","","0","2/9/2026 3:53:06 PM","","0","0","","False","",""
"608","212","15","50","50","50","50","212","","2","30","0","","True","False","False","0","0","0","","","","","","0","2/9/2026 3:53:06 PM","","0","0","","False","",""
"609","JADORE","15","50","50","50","50","JADORE","","3","45","0","","True","False","False","0","0","0","","","","","","0","2/9/2026 3:53:06 PM","","0","0","","False","",""
"610","SLIVER SCENT","15","45","45","45","45","SLIVER SCENT","","1","15","0","","True","False","False","0","0","0","","","","","","0","2/9/2026 3:53:06 PM","","0","0","","False","",""
"611","لعبه جنود","20","30","30","30","30","لعبه جنود","","2","40","0","","True","False","False","0","0","0","","","","","","0","2/9/2026 3:53:06 PM","","0","0","","False","",""
"612","دبل فيس 2","10","18","18","18","18","دبل فيس 2","","13","130","0","","True","False","False","0","0","0","","","","","","0","2/9/2026 3:53:06 PM","","0","0","","False","",""
"613","زماره عيد ميلاد","5","10","10","10","10","زماره عيد ميلاد","","8","40","0","","True","False","False","0","0","0","","","","","","0","2/9/2026 3:53:06 PM","","0","0","","False","",""
"614","لنش بوكس + مطاره","15","30","30","30","30","لنش بوكس + مطاره","","8","120","0","","True","False","False","0","0","0","","","","","","0","2/9/2026 3:53:06 PM","","0","0","","False","",""
"615","صلصلال + 2 لعبه صغير","4.25","10","10","10","10","صلصلال + 2 لعبه صغير","","6","25.5","0","","True","False","False","0","0","0","","","","","","0","2/9/2026 3:53:06 PM","","0","0","","False","",""
"616","اسكتش رسم ابيض كبير","15","15","15","15","25","اسكتش رسم ابيض كبير","","280","2100","0","","True","False","False","0","0","0","","","0","1","0","0","2/9/2026 3:53:06 PM","","0","0","","False","",""
"617","لوحه تعليميه كبيره ","2","5","5","5","10","لوحه تعليميه كبيره ","","162","324","0","","True","False","False","0","0","0","","","","","","0","2/9/2026 3:53:06 PM","","0","0","","False","",""
"618","لوحه رسم كبير","1.25","5","5","5","5","لوحه رسم كبير","","75","93.75","0","","True","False","False","0","0","0","","","","","","0","2/9/2026 3:53:06 PM","","0","0","","False","",""
"619","مسدس ","21","45","45","45","45","مسدس حيوانات","","7","147","0","","True","False","False","0","0","0","","","","","","0","2/9/2026 3:53:06 PM","","0","0","","False","",""
"620","مسدس امريكي","55","30","30","30","145","مسدس امريكي","","36","1980","0","","True","False","False","0","0","0","","","","","","0","2/9/2026 3:53:06 PM","","0","0","","False","",""
"621","قطار اطفال ","35","60","60","60","60","قطار شجره","","28","980","0","","True","False","False","0","0","0","","","","","","0","2/9/2026 3:53:06 PM","","0","0","","False","",""
"622","مطبخ فروزن","17","35","35","35","35","مطبخ فروزن","","2","34","0","","True","False","False","0","0","0","","","","","","0","2/9/2026 3:53:06 PM","","0","0","","False","",""
"623","مطبخ فروزن بالعروسه","75","60","60","60","135","مطبخ فروزن بالعروسه","","15","1125","0","","True","False","False","0","0","0","","","","","","0","2/9/2026 3:53:06 PM","","0","0","","False","",""
"624","مسدس 4 في 1","13.5","25","25","25","25","مسدس 4 في 1","","2","27","0","","True","False","False","0","0","0","","","","","","0","2/9/2026 3:53:06 PM","","0","0","","False","",""
"625","مطبخ صغير احمرر","9.5","25","25","25","25","مطبخ صغير احمرر","","4","38","0","","True","False","False","0","0","0","","","","","","0","2/9/2026 3:53:06 PM","","0","0","","False","",""
"626","كارت دكتور","38","35","35","35","75","كارت دكتور","","5","190","0","","True","False","False","0","0","0","","","","","","0","2/9/2026 3:53:06 PM","","0","0","","False","",""
"627","شخصيات 2في 1","6.5","20","20","20","20","شخصيات 2في 1","","3","19.5","0","","True","False","False","0","0","0","","","","","","0","2/9/2026 3:53:06 PM","","0","0","","False","",""
"628","مسدس كلبش","27","65","65","65","65","مسدس كلبش","","4","108","0","","True","False","False","0","0","0","","","","","","0","2/9/2026 3:53:06 PM","","0","0","","False","",""
"629","شنطه نجار","75","50","50","50","175","شنطه نجار","","40","3000","0","","True","False","False","0","0","0","","","","","","0","2/9/2026 3:53:06 PM","","0","0","","False","",""
"630","منفاخ بالون ","8","20","20","20","20","منفاخ بالون ","","10","80","0","","True","False","False","0","0","0","","","","","","0","2/9/2026 3:53:06 PM","","0","0","","False","",""
"631","شنطه هدايا كبير","9.5","20","20","20","35","شنطه هدايا كبير","","118","1121","0","","True","False","False","0","0","0","","","","","","0","2/9/2026 3:53:06 PM","","0","0","","False","",""
"632","واصله iphone ","25","60","60","60","75","واصله iphone سماعه وشاحن","","20","500","0","","True","False","False","0","0","0","","","","","","0","2/9/2026 3:53:06 PM","","0","0","","False","",""
"633","مقلمه Nike","25","30","30","30","65","","","4","100","0","","True","False","False","0","0","0","","","","","","0","2/9/2026 3:53:06 PM","","0","0","","False","",""
"634","بولنج","21","50","50","50","50","","","3","63","0","","True","False","False","0","0","0","","","","","","0","2/9/2026 3:53:06 PM","","0","0","","False","",""
"635","مقلمه قلم","15","20","20","20","30","","","21","315","0","","True","False","False","0","0","0","","","","","","0","2/9/2026 3:53:06 PM","","0","0","","False","",""
"636","شبكة كور ا 50 اطفال كبيره ","33","50","50","50","65","شبكة كور اطفال كبيره ","","4","132","0","","True","False","False","0","0","0","","","","","","0","2/9/2026 3:53:06 PM","","0","0","","False","",""
"637","مقلمه فرست","20","35","35","35","35","","","5","100","0","","True","False","False","0","0","0","","","","","","0","2/9/2026 3:53:06 PM","","0","0","","False","",""
"638","مقلمه لعبه","10","25","25","25","25","","","1","10","0","","True","False","False","0","0","0","","","","","","0","2/9/2026 3:53:06 PM","","0","0","","False","",""
"639","كيس شليمو","10","25","25","25","25","","","1","10","0","","True","False","False","0","0","0","","","","","","0","2/9/2026 3:53:06 PM","","0","0","","False","",""
"640","منفاخ كوره ص","5","15","15","15","15","","","1","5","0","","True","False","False","0","0","0","","","","","","0","2/9/2026 3:53:06 PM","","0","0","","False","",""
"641","حصاله كبيره","7","20","20","20","20","حصاله كبيره","","2","14","0","","True","False","False","0","0","0","","","","","","0","2/9/2026 3:53:06 PM","","0","0","","False","",""
"642","حصاله صغير","7","15","15","15","15","حصاله صغير","","2","14","0","","True","False","False","0","0","0","","","","","","0","2/9/2026 3:53:06 PM","","0","0","","False","",""
"643","نظاره الوان","5","15","15","15","15","","","3","15","0","","True","False","False","0","0","0","","","","","","0","2/9/2026 3:53:06 PM","","0","0","","False","",""
"644","نحله نور","1.5","5","5","5","5","نحله نور","","42","63","0","","True","False","False","0","0","0","","","","","","0","2/9/2026 3:53:06 PM","","0","0","","False","",""
"645","سلايم","2","5","5","5","5","سلايم","","110","220","0","","True","False","False","0","0","0","","","","","","0","2/9/2026 3:53:06 PM","","0","0","","False","",""
"646","كراسه مينترا 28 9 اسطر","5","4","4","4","10","كراسه مينترا 28","","225","1125","0","","True","False","False","0","0","0","","","","","","0","2/9/2026 3:53:06 PM","","0","0","","False","",""
"647","كراسه مينترا 60","2","6","6","6","6","كراسه مينترا 60","","60","120","0","","True","False","False","0","0","0","","","0","1","0","0","2/9/2026 3:53:06 PM","","0","0","","False","",""
"648","كراسه دبوس 100 الوحده","10","10","10","10","22","كراسه دبوس 100","","20","200","0","","True","False","False","0","0","0","","","","","","0","2/9/2026 3:53:06 PM","","0","0","","False","",""
"649","كراسه مينترا 40","10","5","5","5","13","كراسه مينترا 40","","50","500","0","","True","False","False","0","0","0","","","","","","0","2/9/2026 3:53:06 PM","","0","0","","False","",""
"650","استند نوته اطفال","2.5","6","6","6","6","استند نوته اطفال","","14","35","0","","True","False","False","0","0","0","","","","","","0","2/9/2026 3:53:06 PM","","0","0","","False","",""
"651","سلايم كبير بالواحده","4.5","10","10","10","10","سلايم كبير","","281","1264.5","0","","True","False","False","0","0","0","","","","","","0","2/9/2026 3:53:06 PM","","0","0","","False","",""
"652","مسطره محمد صلاح او شخصيات ","2.25","5","5","5","7","مسطره محمد صلاح","","56","126","0","","True","False","False","0","0","0","","","","","","0","2/9/2026 3:53:06 PM","","0","0","","False","",""
"653","UNO","20","15","15","15","40","UNO","","12","1710","0","","True","False","False","0","0","0","","","0","1","0","0","2/9/2026 3:53:06 PM","","0","0","","False","",""
"654","كارت خربشه","1","5","5","5","5","كارت خربشه","","20","20","0","","True","False","False","0","0","0","","","","","","0","2/9/2026 3:53:06 PM","","0","0","","False","",""
"655","كوره بينج بونج بالواحده","1.5","5","5","5","5","كوره بينج بونج","","33","49.5","0","","True","False","False","0","0","0","","","","","","0","2/9/2026 3:53:06 PM","","0","0","","False","",""
"656","سكتش وسط ","1.25","5","5","5","5","سكتش وسط ","","150","187.5","0","","True","False","False","0","0","0","","","","","","0","2/9/2026 3:53:06 PM","","0","0","","False","",""
"657","اسكتش كبير","15","10","10","10","25","سكتش كبير","","600","9000","0","","True","False","False","0","0","0","","","","","","0","2/9/2026 3:53:06 PM","","0","0","","False","",""
"658","صفاره بلاستيك","1","3","3","3","3","صفاره بلاستيك","","50","50","0","","True","False","False","0","0","0","","","","","","0","2/9/2026 3:53:06 PM","","0","0","","False","",""
"659","برطمان برونز صغير","3","3","3","3","5","برطمان برونز صغير","","155","465","0","","True","False","False","0","0","0","","","","","","0","2/9/2026 3:53:06 PM","","0","0","","False","",""
"660","ورق لف هدايا","1","5","5","5","5","ورق لف هدايا","","95","95","0","","True","False","False","0","0","0","","","","","","0","2/9/2026 3:53:06 PM","","0","0","","False","",""
"661","سلم والثعبان","15","20","20","20","20","سلم والثعبان","","38","570","0","","True","False","False","0","0","0","","","","","","0","2/9/2026 3:53:06 PM","","0","0","","False","",""
"662","يوجي","1.5","5","5","5","5","يوجي","","71","106.5","0","","True","False","False","0","0","0","","","","","","0","2/9/2026 3:53:06 PM","","0","0","","False","",""
"663","بازل فوم جليتار","5","10","10","10","10","بازل فوم جليتار","","15","75","0","","True","False","False","0","0","0","","","","","","0","2/9/2026 3:53:06 PM","","0","0","","False","",""
"664","بالون بينور ","22.5","20","20","20","40","بالون مضيءه","","96","1200","0","","True","False","False","0","0","0","","","0","1","0","0","2/9/2026 3:53:06 PM","","0","0","","False","",""
"665","ميكانو صغير","17.5","30","30","30","30","ميكانو صغير","","4","70","0","","True","False","False","0","0","0","","","","","","0","2/9/2026 3:53:06 PM","","0","0","","False","",""
"666","قصص اطفال صغير","0.5","3","3","3","3","قصص اطفال صغير","","50","25","0","","True","False","False","0","0","0","","","","","","0","2/9/2026 3:53:06 PM","","0","0","","False","",""
"667","زهر وسط","0.4","1","1","1","1","زهر وسط","","50","20","0","","True","False","False","0","0","0","","","","","","0","2/9/2026 3:53:06 PM","","0","0","","False","",""
"668","كوبيه عيدميلاد","6","15","15","15","15","كوبيات باوحده ","","46","276","0","","True","False","False","0","0","0","","","","","","0","2/9/2026 3:53:06 PM","","0","0","","False","",""
"669","نوته سلك كبير قدوسي ","40","50","50","50","60","نوته سلك كبير م","","65","2600","0","","True","False","False","0","0","0","","","","","","0","2/9/2026 3:53:06 PM","","0","0","","False","",""
"670","نوته سلك صغير قدوسي ","20","30","30","30","40","نوته سلك صغير م","","57","1140","0","","True","False","False","0","0","0","","","","","","0","2/9/2026 3:53:06 PM","","0","0","","False","",""
"671","مطاره","5","15","15","15","15","مطاره","","8","40","0","","True","False","False","0","0","0","","","","","","0","2/9/2026 3:53:06 PM","","0","0","","False","",""
"672","ختامه","17","10","10","10","35","ختامه","","12","826.5","0","","True","False","False","0","0","0","","","0","1","0","0","2/9/2026 3:53:06 PM","","0","0","","False","",""
"673","شراب محجابات ","2","5","5","5","5","شراب محجابات ","","42","84","0","","True","False","False","0","0","0","","","","","","0","2/9/2026 3:53:06 PM","","0","0","","False","",""
"674","ودانه كبيره","5","10","10","10","10","ودانه كبيره","","4","20","0","","True","False","False","0","0","0","","","","","","0","2/9/2026 3:53:06 PM","","0","0","","False","",""
"675","ودانه صغير","2","5","5","5","5","ودانه صغير","","7","14","0","","True","False","False","0","0","0","","","","","","0","2/9/2026 3:53:06 PM","","0","0","","False","",""
"676","مسدس خرز","15","35","35","35","35","مسدس خرز","","2","30","0","","True","False","False","0","0","0","","","","","","0","2/9/2026 3:53:06 PM","","0","0","","False","",""
"677","مضرب بينج بلاستيك","15","30","30","30","30","مضرب بينج بلاستيك","","8","120","0","","True","False","False","0","0","0","","","","","","0","2/9/2026 3:53:06 PM","","0","0","","False","",""
"678","نتيجه","10","30","30","30","30","","","2","20","0","","True","False","False","0","0","0","","","","","","0","2/9/2026 3:53:06 PM","","0","0","","False","",""
"679","SCREAM","5","15","15","15","15","SCREAM","","5","25","0","","True","False","False","0","0","0","","","","","","0","2/9/2026 3:53:06 PM","","0","0","","False","",""
"680","شال","30","50","50","50","50","شال","","2","60","0","","True","False","False","0","0","0","","","","","","0","2/9/2026 3:53:06 PM","","0","0","","False","",""
"681","جونتي كبير","10","20","20","20","20","جونتي كبير","","2","20","0","","True","False","False","0","0","0","","","","","","0","2/9/2026 3:53:06 PM","","0","0","","False","",""
"682","جونتي صغير","10","15","15","15","15","جونتي صغير","","5","50","0","","True","False","False","0","0","0","","","","","","0","2/9/2026 3:53:06 PM","","0","0","","False","",""
"683"," BIG ICE CAP","15","25","25","25","25","ICE CAP BIG","","2","30","0","","True","False","False","0","0","0","","","","","","0","2/9/2026 3:53:06 PM","","0","0","","False","",""
"684","ICE CAP SMALL","10","20","20","20","20","","","6","60","0","","True","False","False","0","0","0","","","","","","0","2/9/2026 3:53:06 PM","","0","0","","False","",""
"685","ICE CAP","25","35","35","35","35","ICE CAP BIG","","5","125","0","","True","False","False","0","0","0","","","","","","0","2/9/2026 3:53:06 PM","","0","0","","False","",""
"686","كوفيه كبيره","25","35","35","35","35","كوفيه كبيره","","3","75","0","","True","False","False","0","0","0","","","","","","0","2/9/2026 3:53:06 PM","","0","0","","False","",""
"687","كوفيه صغيره","15","25","25","25","25","كوفيه صغيره","","1","15","0","","True","False","False","0","0","0","","","","","","0","2/9/2026 3:53:06 PM","","0","0","","False","",""
"688","سلايم سحري ","2","7","7","7","7","سلايم سحري ","","250","500","0","","True","False","False","0","0","0","","","","","","0","2/9/2026 3:53:06 PM","","0","0","","False","",""
"689","قصص انجلش وعربي","10","15","15","15","20","قصص انجلش ","","120","1200","0","","True","False","False","0","0","0","","","","","","0","2/9/2026 3:53:06 PM","","0","0","","False","",""
"690","حظك","1","5","5","5","5","حظك","","30","30","0","","True","False","False","0","0","0","","","","","","0","2/9/2026 3:53:06 PM","","0","0","","False","",""
"691","شنطه هدايا مربعه","5","15","15","15","15","شنطه هدايا مربعه","","34","170","0","","True","False","False","0","0","0","","","","","","0","2/9/2026 3:53:06 PM","","0","0","","False","",""
"692","لوح ارسم ولون صغير بالواحده","2.5","5","5","5","5","لوح ارسم ولون صغير","","39","97.5","0","","True","False","False","0","0","0","","","","","","0","2/9/2026 3:53:06 PM","","0","0","","False","",""
"693","CLARO قلم ازرق","2","5","5","5","5","CLARO قلم ازرق","","12","24","0","","True","False","False","0","0","0","","","","","","0","2/9/2026 3:53:06 PM","","0","0","","False","",""
"694","قلم شعر عروسه","3","7.5","7.5","7.5","7.5","قلم شعر عروسه","","11","33","0","","True","False","False","0","0","0","","","","","","0","2/9/2026 3:53:06 PM","","0","0","","False","",""
"695","مدليه رمضان كريم بالوحده","10","15","15","15","30","مدليه","","12","42","0","","True","False","False","0","0","0","","","0","1","0","0","2/9/2026 3:53:06 PM","","0","0","","False","",""
"696","مدليه فرو","2","10","10","10","10","مدليه فرو","","12","24","0","","True","False","False","0","0","0","","","","","","0","2/9/2026 3:53:06 PM","","0","0","","False","",""
"697","كارت دبابيس","1","5","5","5","5","كارت دبابيس","","43","43","0","","True","False","False","0","0","0","","","","","","0","2/9/2026 3:53:06 PM","","0","0","","False","",""
"698","توكه كلبس","5","10","10","10","10","توكه كلبس ","","6","30","0","","True","False","False","0","0","0","","","","","","0","2/9/2026 3:53:06 PM","","0","0","","False","",""
"699","ابره خياطه كارت","1.5","10","10","10","10","ابره خياطه كارت","","34","51","0","","True","False","False","0","0","0","","","","","","0","2/9/2026 3:53:06 PM","","0","0","","False","",""
"700","مضرب نسكافيه ","15","25","25","25","30","مضرب نسكافيه ","","35","525","0","","True","False","False","0","0","0","","","","","","0","2/9/2026 3:53:06 PM","","0","0","","False","",""
"701","مصفى بطبق","15","25","25","25","25","","","2","30","0","","True","False","False","0","0","0","","","","","","0","2/9/2026 3:53:06 PM","","0","0","","False","",""
"702","مصفه بلاستيك","10","25","25","25","25","مصفه بلاستيك","","4","40","0","","True","False","False","0","0","0","","","","","","0","2/9/2026 3:53:06 PM","","0","0","","False","",""
"703","سداده","18","25","25","25","25","سداده","","26","468","0","","True","False","False","0","0","0","","","","","","0","2/9/2026 3:53:06 PM","","0","0","","False","",""
"704","جونتي فوطه","5","10","10","10","10","جونتي فوطه","","25","125","0","","True","False","False","0","0","0","","","","","","0","2/9/2026 3:53:06 PM","","0","0","","False","",""
"705","جردل موب","35","55","55","55","55","جردل موب","","4","140","0","","True","False","False","0","0","0","","","","","","0","2/9/2026 3:53:06 PM","","0","0","","False","",""
"706","طبق شجره","11","25","25","25","25","طبق شجره","","7","77","0","","True","False","False","0","0","0","","","","","","0","2/9/2026 3:53:06 PM","","0","0","","False","",""
"707","طبق ارز تركي ","15","20","20","20","20","طبق ارز تركي","","4","60","0","","True","False","False","0","0","0","","","","","","0","2/9/2026 3:53:06 PM","","0","0","","False","",""
"708","طبق عجان كبير","14","30","30","30","30","طبق عجان كبير","","14","196","0","","True","False","False","0","0","0","","","","","","0","2/9/2026 3:53:06 PM","","0","0","","False","",""
"709","عصا زان","3.5","8","8","8","10","عصا زان","","43","150.5","0","","True","False","False","0","0","0","","","","","","0","2/9/2026 3:53:06 PM","","0","0","","False","",""
"710","مساحه بركيه","28","35","35","35","50","مساحه بركيه","","35","980","0","","True","False","False","0","0","0","","","","","","0","2/9/2026 3:53:06 PM","","0","0","","False","",""
"711","قطاعه خشب","18.5","30","30","30","30","قطاعه خشب","","3","55.5","0","","True","False","False","0","0","0","","","","","","0","2/9/2026 3:53:06 PM","","0","0","","False","",""
"712","بشاره","10","17","17","17","17","بشاره","","6","60","0","","True","False","False","0","0","0","","","","","","0","2/9/2026 3:53:06 PM","","0","0","","False","",""
"713","علبه خزينه وسط","38","45","45","45","60","علبه خزينه وسط","","39","1482","0","","True","False","False","0","0","0","","","","","","0","2/9/2026 3:53:06 PM","","0","0","","False","",""
"714","علبه خزينه كبير","33","60","60","60","60","علبه خزينه كبير","","27","891","0","","True","False","False","0","0","0","","","","","","0","2/9/2026 3:53:06 PM","","0","0","","False","",""
"715","طبق تسالي تفاحه","6.5","15","15","15","15","طبق تسالي تفاحه","","8","52","0","","True","False","False","0","0","0","","","","","","0","2/9/2026 3:53:06 PM","","0","0","","False","",""
"716","طبق غسيل كبير","40","60","60","60","60","طبق غسيل كبير","","6","240","0","","True","False","False","0","0","0","","","","","","0","2/9/2026 3:53:06 PM","","0","0","","False","",""
"717","مصفه حوض كبير","15","30","30","30","30","مصفه حوض كبير","","14","210","0","","True","False","False","0","0","0","","","","","","0","2/9/2026 3:53:06 PM","","0","0","","False","",""
"718","معيار","7.5","20","20","20","25","معيار","","6","45","0","","True","False","False","0","0","0","","","","","","0","2/9/2026 3:53:06 PM","","0","0","","False","",""
"719","صفايه حوض كبير","17.5","40","40","40","40","صفايه حوض كبير","","9","157.5","0","","True","False","False","0","0","0","","","","","","0","2/9/2026 3:53:06 PM","","0","0","","False","",""
"720","علبه خزين green","65","80","80","80","90","علبه خزين green","","4","260","0","","True","False","False","0","0","0","","","","","","0","2/9/2026 3:53:06 PM","","0","0","","False","",""
"721","منظم ثلاجه عريضه","9","20","20","20","20","منظم ثلاجه عريضه","","17","153","0","","True","False","False","0","0","0","","","","","","0","2/9/2026 3:53:06 PM","","0","0","","False","",""
"722","منظم جمبو","17","35","35","35","35","منظم جمبو","","4","68","0","","True","False","False","0","0","0","","","","","","0","2/9/2026 3:53:06 PM","","0","0","","False","",""
"723","درج معالق","30","55","55","55","55","درج معالق","","3","90","0","","True","False","False","0","0","0","","","","","","0","2/9/2026 3:53:06 PM","","0","0","","False","",""
"724","منظم ثلاجه 3 في 1","30","50","50","50","50","منظم ثلاجه 3 في 1","","2","60","0","","True","False","False","0","0","0","","","","","","0","2/9/2026 3:53:06 PM","","0","0","","False","",""
"725","جروف ","12.5","20","20","20","20","جروف ","","7","87.5","0","","True","False","False","0","0","0","","","","","","0","2/9/2026 3:53:06 PM","","0","0","","False","",""
"726","فرشة توليت","22.5","35","35","35","35","فرشة توليت","","6","135","0","","True","False","False","0","0","0","","","","","","0","2/9/2026 3:53:06 PM","","0","0","","False","",""
"727","موب قطيفه ","5","12","12","12","12","موب قطيفه ","","11","55","0","","True","False","False","0","0","0","","","","","","0","2/9/2026 3:53:06 PM","","0","0","","False","",""
"728","صفايه حوض","55","85","85","85","85","صفايه حوض كبير","","2","110","0","","True","False","False","0","0","0","","","","","","0","2/9/2026 3:53:06 PM","","0","0","","False","",""
"729","قطاعه مصفه","16.5","40","40","40","40","قطاعه مصفه","","6","99","0","","True","False","False","0","0","0","","","","","","0","2/9/2026 3:53:06 PM","","0","0","","False","",""
"730","موب دوار","25","50","50","50","50","موب دوار","","1","25","0","","True","False","False","0","0","0","","","","","","0","2/9/2026 3:53:06 PM","","0","0","","False","",""
"731","باسكت حمام","40","75","75","75","75","باسكت حمام","","3","120","0","","True","False","False","0","0","0","","","","","","0","2/9/2026 3:53:06 PM","","0","0","","False","",""
"732","قمع 3 في 1","11","25","25","25","25","قمع 3 في 1","","3","33","0","","True","False","False","0","0","0","","","","","","0","2/9/2026 3:53:06 PM","","0","0","","False","",""
"733","cutting board","17.5","30","30","30","30","cutting board","","3","52.5","0","","True","False","False","0","0","0","","","","","","0","2/9/2026 3:53:06 PM","","0","0","","False","",""
"734","خزين green وسط","53","60","60","60","80","خزين green وسط","","6","318","0","","True","False","False","0","0","0","","","","","","0","2/9/2026 3:53:06 PM","","0","0","","False","",""
"735","خزين green صغير","25","45","45","45","55","خزين green صغير","","2","50","0","","True","False","False","0","0","0","","","","","","0","2/9/2026 3:53:06 PM","","0","0","","False","",""
"736","زجاجه بلاستيك بالوحده","10","15","15","15","15","زجاجه بلاستيك","","25","250","0","","True","False","False","0","0","0","","","","","","0","2/9/2026 3:53:06 PM","","0","0","","False","",""
"737","علبه بقليه وسط","12","30","30","30","30","علبه بقليه وسط","","3","36","0","","True","False","False","0","0","0","","","","","","0","2/9/2026 3:53:06 PM","","0","0","","False","",""
"738","علبه توابل","15","30","30","30","30","علبه توابل","","7","105","0","","True","False","False","0","0","0","","","","","","0","2/9/2026 3:53:06 PM","","0","0","","False","",""
"739","صفايه معالق صغير","10","20","20","20","20","صفايه معالق صغير","","4","40","0","","True","False","False","0","0","0","","","","","","0","2/9/2026 3:53:06 PM","","0","0","","False","",""
"740","عربيه سبايدرمان","5","20","20","20","20","عربيه سبايدرمان","","12","60","0","","True","False","False","0","0","0","","","","","","0","2/9/2026 3:53:06 PM","","0","0","","False","",""
"741","صفايه معالق كبير","20","35","35","35","35","صفايه معالق كبير","","5","100","0","","True","False","False","0","0","0","","","","","","0","2/9/2026 3:53:06 PM","","0","0","","False","",""
"742","صنيه مربع غويط","35","60","60","60","60","صنيه مربع غويط","","6","210","0","","True","False","False","0","0","0","","","","","","0","2/9/2026 3:53:06 PM","","0","0","","False","",""
"743","صنيه عشاء","55","85","85","85","85","صنيه عشاء","","4","220","0","","True","False","False","0","0","0","","","","","","0","2/9/2026 3:53:06 PM","","0","0","","False","",""
"744","منشر مشبك","17","30","30","30","30","منشر مشبك","","3","51","0","","True","False","False","0","0","0","","","","","","0","2/9/2026 3:53:06 PM","","0","0","","False","",""
"745","صفايه اطباق ","65","95","95","95","95","صفايه اطباق ","","5","325","0","","True","False","False","0","0","0","","","","","","0","2/9/2026 3:53:06 PM","","0","0","","False","",""
"746","عربيه ريموت كنترول XF","180","140","140","140","235","عربيه ريموت كنترول XF","","8","1440","0","","True","False","False","0","0","0","","","","","","0","2/9/2026 3:53:06 PM","","0","0","","False","",""
"747","فرشه + مساحه","25","40","40","40","40","فرشه + مساحه","","7","175","0","","True","False","False","0","0","0","","","","","","0","2/9/2026 3:53:06 PM","","0","0","","False","",""
"748","علبه خزين شفاف","27.5","60","60","60","60","علبه خزين شفاف","","6","165","0","","True","False","False","0","0","0","","","","","","0","2/9/2026 3:53:06 PM","","0","0","","False","",""
"749","علبه خزين شفاف احمر","55","80","80","80","80","علبه خزين شفاف احمر","","1","55","0","","True","False","False","0","0","0","","","","","","0","2/9/2026 3:53:06 PM","","0","0","","False","",""
"750","فرشه خشنه","20","20","20","20","30","فرشه خشنه","","10","200","0","","True","False","False","0","0","0","","","","","","0","2/9/2026 3:53:06 PM","","0","0","","False","",""
"751","مساحه","17","25","25","25","25","مساحه بركيه","","3","51","0","","True","False","False","0","0","0","","","","","","0","2/9/2026 3:53:06 PM","","0","0","","False","",""
"752","فرشه هلال","12","25","25","25","25","فرشه هلال","","9","108","0","","True","False","False","0","0","0","","","","","","0","2/9/2026 3:53:06 PM","","0","0","","False","",""
"753","علبه ثلاجه GREEN","25","40","40","40","40","علبه ثلاجه GREEN","","2","50","0","","True","False","False","0","0","0","","","","","","0","2/9/2026 3:53:06 PM","","0","0","","False","",""
"754","طقم هلال ثلاجه ","25","40","40","40","40","طقم هلال ثلاجه ","","2","50","0","","True","False","False","0","0","0","","","","","","0","2/9/2026 3:53:06 PM","","0","0","","False","",""
"755","طقم WAFERثلاجه ","22.5","45","45","45","45","طقم WAFERثلاجه ","","2","45","0","","True","False","False","0","0","0","","","","","","0","2/9/2026 3:53:06 PM","","0","0","","False","",""
"756","علاقه فرش ارض","45","70","70","70","70","علاقه فرش ارض","","6","270","0","","True","False","False","0","0","0","","","","","","0","2/9/2026 3:53:06 PM","","0","0","","False","",""
"757","صفايه طبق","16.5","40","40","40","40","صفايه طبق","","4","66","0","","True","False","False","0","0","0","","","","","","0","2/9/2026 3:53:06 PM","","0","0","","False","",""
"758","شاحنه","20","35","35","35","40","شاحنه","","12","240","0","","True","False","False","0","0","0","","","","","","0","2/9/2026 3:53:06 PM","","0","0","","False","",""
"759","FROZEN PLASTIC","30","60","60","60","60","FROZEN PLASTIC","","2","60","0","","True","False","False","0","0","0","","","","","","0","2/9/2026 3:53:06 PM","","0","0","","False","",""
"760","مسدس طلق كبير","100","80","80","80","225","مسدس طلق كبير","","12","1020","0","","True","False","False","0","0","0","","","0","1","0","0","2/9/2026 3:53:06 PM","","0","0","","False","",""
"761","مسدس طلق حيوانات","35","60","60","60","60","مسدس طلق حيوانات","","4","140","0","","True","False","False","0","0","0","","","","","","0","2/9/2026 3:53:06 PM","","0","0","","False","",""
"762","مصفه زيت كبير","17","30","30","30","35","مصفه زيت كبير","","5","85","0","","True","False","False","0","0","0","","","","","","0","2/9/2026 3:53:06 PM","","0","0","","False","",""
"763","مصفه زيت وسط","16","25","25","25","30","مصفه زيت وسط","","18","288","0","","True","False","False","0","0","0","","","","","","0","2/9/2026 3:53:06 PM","","0","0","","False","",""
"764","مصفه زيت صغير","15","20","20","20","23","مصفه زيت صغير","","5","75","0","","True","False","False","0","0","0","","","","","","0","2/9/2026 3:53:06 PM","","0","0","","False","",""
"765","مضرب سيليكون","11","25","25","25","25","مضرب سيليكون","","3","33","0","","True","False","False","0","0","0","","","","","","0","2/9/2026 3:53:06 PM","","0","0","","False","",""
"766","مضرب سيلك","6","20","20","20","30","مضرب سيلك","","8","48","0","","True","False","False","0","0","0","","","","","","0","2/9/2026 3:53:06 PM","","0","0","","False","",""
"767","ولاعه مطبخ","7.5","20","20","20","20","ولاعه مطبخ","","10","75","0","","True","False","False","0","0","0","","","","","","0","2/9/2026 3:53:06 PM","","0","0","","False","",""
"768"," 10 BOX GOLD","45","50","50","50","60"," BOX GOLD","","2","20","0","","True","False","False","0","0","0","","","0","1","0","0","2/9/2026 3:53:06 PM","","0","0","","False","",""
"769"," BOX GOLD 9","45","45","45","45","55"," BOX GOLD 9","","2","20","0","","True","False","False","0","0","0","","","0","1","0","0","2/9/2026 3:53:06 PM","","0","0","","False","",""
"770"," BOX GOLD 8","45","40","40","40","50"," BOX GOLD 8","","2","20","0","","True","False","False","0","0","0","","","0","1","0","0","2/9/2026 3:53:06 PM","","0","0","","False","",""
"771"," BOX GOLD 7","40","35","35","35","45"," BOX GOLD 7","","2","20","0","","True","False","False","0","0","0","","","0","1","0","0","2/9/2026 3:53:06 PM","","0","0","","False","",""
"772"," BOX GOLD6","35","30","30","30","40"," BOX GOLD 6","","2","20","0","","True","False","False","0","0","0","","","0","1","0","0","2/9/2026 3:53:06 PM","","0","0","","False","",""
"773"," BOX GOLD 5","30","25","25","25","35"," BOX GOLD 5","","3","30","0","","True","False","False","0","0","0","","","0","1","0","0","2/9/2026 3:53:06 PM","","0","0","","False","",""
"774"," BOX GOLD 4","30","20","20","20","30"," BOX GOLD 4","","2","20","0","","True","False","False","0","0","0","","","0","1","0","0","2/9/2026 3:53:06 PM","","0","0","","False","",""
"775"," BOX GOLD 3","25","15","15","15","30"," BOX GOLD 3","","2","20","0","","True","False","False","0","0","0","","","0","1","0","0","2/9/2026 3:53:06 PM","","0","0","","False","",""
"776"," BOX GOLD 2","25","10","10","10","30"," BOX GOLD 2","","2","2","0","","True","False","False","0","0","0","","","0","1","0","0","2/9/2026 3:53:06 PM","","0","0","","False","",""
"777"," BOX GOLD 10","1","5","5","5","5"," BOX GOLD 10","","2","2","0","","True","False","False","0","0","0","","","","","","0","2/9/2026 3:53:06 PM","","0","0","","False","",""
"778","طقم علب طويل ","20","80","80","80","40","طقم علب طويل ","","1","20","0","","True","False","False","0","0","0","","","","","","0","2/9/2026 3:53:06 PM","","0","0","","False","",""
"779","طقم علب وسط","15","30","30","30","30","طقم علب وسط","","1","15","0","","True","False","False","0","0","0","","","","","","0","2/9/2026 3:53:06 PM","","0","0","","False","",""
"780","طقم علب صغير","10","20","20","20","20","طقم علب صغير","","1","10","0","","True","False","False","0","0","0","","","","","","0","2/9/2026 3:53:06 PM","","0","0","","False","",""
"781","قطاعه مخلل","6","15","15","15","15","قطاعه مخلل","","11","66","0","","True","False","False","0","0","0","","","","","","0","2/9/2026 3:53:06 PM","","0","0","","False","",""
"782","صفايه بالمعلقه","11","25","25","25","25","صفايه بالمعلقه","","3","33","0","","True","False","False","0","0","0","","","","","","0","2/9/2026 3:53:06 PM","","0","0","","False","",""
"783","معلقه سيليكون","12","25","25","25","25","معلقه سيليكون","","25","300","0","","True","False","False","0","0","0","","","","","","0","2/9/2026 3:53:06 PM","","0","0","","False","",""
"784","فرشه سيليكون","12","25","25","25","25","فرشه سيليكون","","25","300","0","","True","False","False","0","0","0","","","","","","0","2/9/2026 3:53:06 PM","","0","0","","False","",""
"785","ماسك تحمير كبير","16","30","30","30","30","ماسك تحمير كبير","","12","192","0","","True","False","False","0","0","0","","","","","","0","2/9/2026 3:53:06 PM","","0","0","","False","",""
"786","ماسك تحمير صغير","15","25","25","25","25","ماسك تحمير صغير","","12","180","0","","True","False","False","0","0","0","","","","","","0","2/9/2026 3:53:06 PM","","0","0","","False","",""
"787","فوطه مطبخ","10","15","15","15","15","فوطه مطبخ","","144","1440","0","","True","False","False","0","0","0","","","","","","0","2/9/2026 3:53:06 PM","","0","0","","False","",""
"788","استند تنشيف","15","25","25","25","25","استند تنشيف","","20","300","0","","True","False","False","0","0","0","","","","","","0","2/9/2026 3:53:06 PM","","0","0","","False","",""
"789","BOX SMALL","2.5","5","5","5","5","BOX SMALL","","12","30","0","","True","False","False","0","0","0","","","","","","0","2/9/2026 3:53:06 PM","","0","0","","False","",""
"790","رول مطبخ فضي ","20","30","30","30","30","رول مطبخ فضي 3 M","","62","1240","0","","True","False","False","0","0","0","","","","","","0","2/9/2026 3:53:06 PM","","0","0","","False","",""
"791","رول مطبخ عادي ","6","15","15","15","15","رول مطبخ عادي ","","2","12","0","","True","False","False","0","0","0","","","","","","0","2/9/2026 3:53:06 PM","","0","0","","False","",""
"792","فرشه شباك بيد كبير","18","30","30","30","30","فرشه شباك بيد كبير","","7","126","0","","True","False","False","0","0","0","","","","","","0","2/9/2026 3:53:06 PM","","0","0","","False","",""
"793","فرشه شباك بيد صغير","10","20","20","20","20","فرشه شباك بيد صغير","","3","30","0","","True","False","False","0","0","0","","","","","","0","2/9/2026 3:53:06 PM","","0","0","","False","",""
"794","نجوم نور","7","15","15","15","15","نجوم نور","","38","266","0","","True","False","False","0","0","0","","","","","","0","2/9/2026 3:53:06 PM","","0","0","","False","",""
"795","نجمه مصفه بالواحده","4","25","25","25","10","نجمه مصفه","","38","152","0","","True","False","False","0","0","0","","","","","","0","2/9/2026 3:53:06 PM","","0","0","","False","",""
"796","اسبتيوله و فرشه شفاف","4","20","20","20","20","اسبتيوله و فرشه شفاف","","6","24","0","","True","False","False","0","0","0","","","","","","0","2/9/2026 3:53:06 PM","","0","0","","False","",""
"797","اسبتيوله و فرشه ","9","25","25","25","40","اسبتيوله و فرشه ","","12","108","0","","True","False","False","0","0","0","","","","","","0","2/9/2026 3:53:06 PM","","0","0","","False","",""
"798","استيكر بوتجاز","12","20","20","20","20","استيكر بوتجاز","","8","96","0","","True","False","False","0","0","0","","","","","","0","2/9/2026 3:53:06 PM","","0","0","","False","",""
"799","مسدس خرز صغير","18","35","35","35","35","مسدس خرز صغير","","3","54","0","","True","False","False","0","0","0","","","","","","0","2/9/2026 3:53:06 PM","","0","0","","False","",""
"800","كرت خرز","12","30","30","30","30","كرت خرز","","2","24","0","","True","False","False","0","0","0","","","","","","0","2/9/2026 3:53:06 PM","","0","0","","False","",""
"801","طقم فرش ميكاب","25","40","40","40","40","طقم فرش ميكاب","","4","100","0","","True","False","False","0","0","0","","","","","","0","2/9/2026 3:53:06 PM","","0","0","","False","",""
"802","شوكه عيدميلاد ","12.5","10","10","10","25","شوكه عيدميلاد ","","27","337.5","0","","True","False","False","0","0","0","","","","","","0","2/9/2026 3:53:06 PM","","0","0","","False","",""
"803","سماعه BEATS ","110","150","150","150","180","سماعه BEATS ","","5","550","0","","True","False","False","0","0","0","","","","","","0","2/9/2026 3:53:06 PM","","0","0","","False","",""
"804","سماعهCELEBRAT ","15","30","30","30","30","سماعهCELEBRAT ","","5","75","0","","True","False","False","0","0","0","","","","","","0","2/9/2026 3:53:06 PM","","0","0","","False","",""
"805","سماعهEARPHONE","15","25","25","25","25","سماعهEARPHONE","","2","30","0","","True","False","False","0","0","0","","","","","","0","2/9/2026 3:53:06 PM","","0","0","","False","",""
"806","سماعه LEADER","45","65","65","65","65","سماعه LEADER","","1","45","0","","True","False","False","0","0","0","","","","","","0","2/9/2026 3:53:06 PM","","0","0","","False","",""
"807","سماعه BLUE D42","16","45","45","45","45","سماعه BLUE D42","","5","80","0","","True","False","False","0","0","0","","","","","","0","2/9/2026 3:53:06 PM","","0","0","","False","",""
"808","USB SUMSONG","6","20","20","20","20","USB SUMSONG","","7","42","0","","True","False","False","0","0","0","","","","","","0","2/9/2026 3:53:06 PM","","0","0","","False","",""
"809","مكبر صوت انوار ","39","90","90","90","75","مكبر صوت انوار ","","9","351","0","","True","False","False","0","0","0","","","","","","0","2/9/2026 3:53:06 PM","","0","0","","False","",""
"810","واصله AUX  sr07","15","25","25","25","30","واصله AUX REMAX","","23","345","0","","True","False","False","0","0","0","","","","","","0","2/9/2026 3:53:06 PM","","0","0","","False","",""
"811","واصله AUX WEAVE","17.5","30","30","30","30","واصله AUX WEAVE","","2","35","0","","True","False","False","0","0","0","","","","","","0","2/9/2026 3:53:06 PM","","0","0","","False","",""
"812","AUX","20","40","40","40","40","AUX","","1","20","0","","True","False","False","0","0","0","","","","","","0","2/9/2026 3:53:06 PM","","0","0","","False","",""
"813","POWER BANK ","50","100","100","100","100","POWER BANK ","","1","50","0","","True","False","False","0","0","0","","","","","","0","2/9/2026 3:53:06 PM","","0","0","","False","",""
"814","FLASH 16GB","95","100","100","100","155","FLASH 16GB","","13","1235","0","","True","False","False","0","0","0","","","","","","0","2/9/2026 3:53:06 PM","","0","0","","False","",""
"815","FLASH 32GB","145","120","120","120","270","FLASH 32GB","","18","2610","0","","True","False","False","0","0","0","","","","","","0","2/9/2026 3:53:06 PM","","0","0","","False","",""
"816","FLASH 64GB","135","190","190","190","210","FLASH 64GB","","5","675","0","","True","False","False","0","0","0","","","","","","0","2/9/2026 3:53:06 PM","","0","0","","False","",""
"817","SPEAKER PORTABLE","100","170","170","170","150","SPEAKER PORTABLE","","2","200","0","","True","False","False","0","0","0","","","","","","0","2/9/2026 3:53:06 PM","","0","0","","False","",""
"818","شاحن كامل  IPHONE علبه","55","100","100","100","100","شاحن كامل  IPHONE علبه","","3","165","0","","True","False","False","0","0","0","","","","","","0","2/9/2026 3:53:06 PM","","0","0","","False","",""
"819","شاحن كامل OPPO","55","90","90","90","90","شاحن كامل OPPO","","10","550","0","","True","False","False","0","0","0","","","","","","0","2/9/2026 3:53:06 PM","","0","0","","False","",""
"820","واصله شاحن 5A","5","25","25","25","25","واصله شاحن 5A","","32","160","0","","True","False","False","0","0","0","","","","","","0","2/9/2026 3:53:06 PM","","0","0","","False","",""
"821","USB SUMSONG REMAX","4","30","30","30","25","USB SUMSONG REMAX","","35","140","0","","True","False","False","0","0","0","","","","","","0","2/9/2026 3:53:06 PM","","0","0","","False","",""
"822","سماعه ايفون 7BLASS","60","100","100","100","100","سماعه ايفون 7BLASS","","1","60","0","","True","False","False","0","0","0","","","","","","0","2/9/2026 3:53:06 PM","","0","0","","False","",""
"823","USB IPHONE X_PLUSS","25","50","50","50","50","USB IPHONE X_PLUSS","","2","50","0","","True","False","False","0","0","0","","","","","","0","2/9/2026 3:53:06 PM","","0","0","","False","",""
"824","USB IPHONE  GERLAX","25","45","45","45","45","USB IPHONE  GERLAX","","2","50","0","","True","False","False","0","0","0","","","","","","0","2/9/2026 3:53:06 PM","","0","0","","False","",""
"825","USB IPHONE   KIN","22.5","35","35","35","35","USB IPHONE   KIN","","1","22.5","0","","True","False","False","0","0","0","","","","","","0","2/9/2026 3:53:06 PM","","0","0","","False","",""
"826","USB IPHONE   DATA CABLE","20","30","30","30","30","USB IPHONE   DATA CABLE","","4","80","0","","True","False","False","0","0","0","","","","","","0","2/9/2026 3:53:06 PM","","0","0","","False","",""
"827","USB IPHONE   2A","30","60","60","60","60","USB IPHONE   2A","","2","60","0","","True","False","False","0","0","0","","","","","","0","2/9/2026 3:53:06 PM","","0","0","","False","",""
"828","SAMSUNG X_SCOOT","20","30","30","30","45","USB IPHONE   X_SCOOT","","3","60","0","","True","False","False","0","0","0","","","","","","0","2/9/2026 3:53:06 PM","","0","0","","False","",""
"829","CONVERTواصله ","55","75","75","75","75","CONVERTواصله ","","1","55","0","","True","False","False","0","0","0","","","","","","0","2/9/2026 3:53:06 PM","","0","0","","False","",""
"830","REALME YELLOW SAMSUNG","12","70","70","70","50","REALME YELLOW SAMSUNG","","3","36","0","","True","False","False","0","0","0","","","","","","0","2/9/2026 3:53:06 PM","","0","0","","False","",""
"831","كشكول انجليزي 60 ورقه ","11.5","6","6","6","15","كشكول انجليزي 60 ورقه ","","285","9924.5","0","","True","False","False","0","0","0","","","0","1","0","0","2/9/2026 3:53:06 PM","","0","0","","False","",""
"832","كراسه مربعات كبير 28 ورقه","7","4","4","4","10","كراسه مربعات كبير 28 ورقه","","241","1687","0","","True","False","False","0","0","0","","","","","","0","2/9/2026 3:53:06 PM","","0","0","","False","",""
"833","كراسه مربعات كبير 60ورقه","12","6","6","6","15","كراسه مربعات كبير 60ورقه","","140","3480","0","","True","False","False","0","0","0","","","0","1","0","0","2/9/2026 3:53:06 PM","","0","0","","False","",""
"834","كراسه  عربي 28 ورقه ","7","4","4","4","10","كراسه  عربي 28 ورقه ","","110","7000","0","","True","False","False","0","0","0","","","0","1","0","0","2/9/2026 3:53:06 PM","","0","0","","False","",""
"835","كشكول عربي 100 ورقه","20","10","10","10","25","كشكول عربي 100 ورقه","","200","4284","0","","True","False","False","0","0","0","","","0","1","0","0","2/9/2026 3:53:06 PM","","0","0","","False","",""
"836","كشكول مربعات ص60 ورقه","12","6","6","6","15","كشكول مربعات ص60 ورقه","","85","3720","0","","True","False","False","0","0","0","","","0","1","0","0","2/9/2026 3:53:06 PM","","0","0","","False","",""
"837","كشكول مربعات ص100 ورقه","18","10","10","10","25","كشكول مربعات ص100 ورقه","","32","85","0","","True","False","False","0","0","0","","","0","1","0","0","2/9/2026 3:53:06 PM","","0","0","","False","",""
"838","كشكول انجليزي 100 ورقه","20","10","10","10","25","كشكول انجليزي 100 ورقه","","112","2240","0","","True","False","False","0","0","0","","","","","","0","2/9/2026 3:53:06 PM","","0","0","","False","",""
"839","كشكول عربي 9اسطر 60 ورقه","12","6","6","6","15","كشكول عربي 9اسطر 60 ورقه","","116","2820","0","","True","False","False","0","0","0","","","0","1","0","0","2/9/2026 3:53:06 PM","","0","0","","False","",""
"840","كشكول انجليزي 80ورقه","15","8","8","8","20","كشكول انجليزي 80ورقه","","140","4500","0","","True","False","False","0","0","0","","","0","1","0","0","2/9/2026 3:53:06 PM","","0","0","","False","",""
"841","كشول انجليزي 40 ورقه","10","5","5","5","13","كشول انجليزي 40 ورقه","","260","2600","0","","True","False","False","0","0","0","","","","","","0","2/9/2026 3:53:06 PM","","0","0","","False","",""
"842","كراسه 28 انجليزي","7","4","4","4","10","كراسه 28 انجليزي","","150","3850","0","","True","False","False","0","0","0","","","0","1","0","0","2/9/2026 3:53:06 PM","","0","0","","False","",""
"843","كراسه 80 عربي","16","8","8","8","20","كراسه 80 عربي","","240","6400","0","","True","False","False","0","0","0","","","0","1","0","0","2/9/2026 3:53:06 PM","","0","0","","False","",""
"844","كشكول وجه وجه 60","12","6","6","6","15","كشكول وجه وجه 60","","255","3060","0","","True","False","False","0","0","0","","","","","","0","2/9/2026 3:53:06 PM","","0","0","","False","",""
"845","كراسه 100 انجليزي","17.5","10","10","10","25","كراسه 100 انجليزي","","140","1640","0","","True","False","False","0","0","0","","","0","1","0","0","2/9/2026 3:53:06 PM","","0","0","","False","",""
"846","liquid glue","8.5","5","5","5","15","liquid glue","","55","467.5","0","","True","False","False","0","0","0","","","","","","0","2/9/2026 3:53:06 PM","","0","0","","False","",""
"847","ولاعه حديد الوان","6.4","13","13","13","10","","","25","160","0","","True","False","False","0","0","0","","","","","","0","2/9/2026 3:53:06 PM","","0","0","","False","",""
"848","ولاعه heart","3.2","5","5","5","5","ولاعه heart","","167","534.4","0","","True","False","False","0","0","0","","","","","","0","2/9/2026 3:53:06 PM","","0","0","","False","",""
"849","كشكول 60 انجليزي","9","6","6","6","12","كشكول 60 انجليزي","","21","189","0","","True","False","False","0","0","0","","","","","","0","2/9/2026 3:53:06 PM","","0","0","","False","",""
"850","flash 8GB","60","90","90","90","100","flash 8GB","","11","660","0","","True","False","False","0","0","0","","","","","","0","2/9/2026 3:53:06 PM","","0","0","","False","",""
"851","سماعه HANDFREE","11","20","20","20","20","سماعه HANDFREE","","7","77","0","","True","False","False","0","0","0","","","","","","0","2/9/2026 3:53:06 PM","","0","0","","False","",""
"852","شاحن كامل TYPE-C LEADER","50","85","85","85","85","شاحن كامل TYPE-C LEADER","","2","100","0","","True","False","False","0","0","0","","","","","","0","2/9/2026 3:53:06 PM","","0","0","","False","",""
"853","SELFIE RING LIGHT","15","40","40","40","40","SELFIE RING LIGHT","","3","45","0","","True","False","False","0","0","0","","","","","","0","2/9/2026 3:53:06 PM","","0","0","","False","",""
"854","شفاطه كبير","17.5","35","35","35","35","شفاطه كبير","","2","35","0","","True","False","False","0","0","0","","","","","","0","2/9/2026 3:53:06 PM","","0","0","","False","",""
"855","شفاطه رفيعه","13.5","30","30","30","35","شفاطه رفيعه","","2","27","0","","True","False","False","0","0","0","","","","","","0","2/9/2026 3:53:06 PM","","0","0","","False","",""
"856","صنيه مسطح ","25","40","40","40","40","صنيه مسطح ","","2","50","0","","True","False","False","0","0","0","","","","","","0","2/9/2026 3:53:06 PM","","0","0","","False","",""
"857","صنيه غويطه وسط ","25","40","40","40","40","صنيه غويطه وسط ","","5","125","0","","True","False","False","0","0","0","","","","","","0","2/9/2026 3:53:06 PM","","0","0","","False","",""
"858","شربات سلفي","4","8","8","8","8","شربات سلفي","","3","12","0","","True","False","False","0","0","0","","","","","","0","2/9/2026 3:53:06 PM","","0","0","","False","",""
"859","جبس تلوين ","10","20","20","20","20","جبس تلوين ","","3","30","0","","True","False","False","0","0","0","","","","","","0","2/9/2026 3:53:06 PM","","0","0","","False","",""
"860","حجر ساعه ","3","7","7","7","7","حجر ساعه ","","191","573","0","","True","False","False","0","0","0","","","","","","0","2/9/2026 3:53:06 PM","","0","0","","False","",""
"861","حجر ساعه الاله حاسبه ","2","5","5","5","7","حجر ساعه الاله حاسبه ","","12","24","0","","True","False","False","0","0","0","","","","","","0","2/9/2026 3:53:06 PM","","0","0","","False","",""
"862","طاوله روسي","50","110","110","110","110","طاوله روسي","","1","50","0","","True","False","False","0","0","0","","","","","","0","2/9/2026 3:53:06 PM","","0","0","","False","",""
"863","جلو 21 جرام جديد","5","7.5","7.5","7.5","10","جلو كبير","","131","655","0","","True","False","False","0","0","0","","","","","","0","2/9/2026 3:53:06 PM","","0","0","","False","",""
"864","طقم دباسه +دبابيس Baishun","21","20","20","20","55","طقم دباسه +دبابيس Baishun","","22","462","0","","True","False","False","0","0","0","","","","","","0","2/9/2026 3:53:06 PM","","0","0","","False","",""
"865","عيون","8","5","5","5","15","عيون","","22","176","0","","True","False","False","0","0","0","","","","","","0","2/9/2026 3:53:06 PM","","0","0","","False","",""
"866","مثلث كبير","4","10","10","10","15","مثلث كبير","","5","20","0","","True","False","False","0","0","0","","","","","","0","2/9/2026 3:53:06 PM","","0","0","","False","",""
"867","سبحه","2","5","5","5","5","سبحه","","5","10","0","","True","False","False","0","0","0","","","","","","0","2/9/2026 3:53:06 PM","","0","0","","False","",""
"868","دبوس مكتب","2","5","5","5","5","دبوس مكتب","","6","12","0","","True","False","False","0","0","0","","","","","","0","2/9/2026 3:53:06 PM","","0","0","","False","",""
"869","معلقه خشب","12","25","25","25","25","معلقه خشب","","6","72","0","","True","False","False","0","0","0","","","","","","0","2/9/2026 3:53:06 PM","","0","0","","False","",""
"870","واصله حنفيه","10","20","20","20","20","واصله حنفيه","","5","50","0","","True","False","False","0","0","0","","","","","","0","2/9/2026 3:53:06 PM","","0","0","","False","",""
"871","شبكه تحمير","10","25","25","25","25","شبكه تحمير","","14","140","0","","True","False","False","0","0","0","","","","","","0","2/9/2026 3:53:06 PM","","0","0","","False","",""
"872","بخاخ ","10","20","20","20","20","بخاخ ","","34","340","0","","True","False","False","0","0","0","","","","","","0","2/9/2026 3:53:06 PM","","0","0","","False","",""
"873","مقص ","18","20","20","20","30","مقص D 9031","","9","198","0","","True","False","False","0","0","0","","","0","1","0","0","2/9/2026 3:53:06 PM","","0","0","","False","",""
"874","ليفه كربون","4","10","10","10","10","ليفه كربون","","27","108","0","","True","False","False","0","0","0","","","","","","0","2/9/2026 3:53:06 PM","","0","0","","False","",""
"875","هراسه","9","20","20","20","20","هراسه","","4","36","0","","True","False","False","0","0","0","","","","","","0","2/9/2026 3:53:06 PM","","0","0","","False","",""
"876","حامل كنكه","4.5","12","12","12","12","حامل كنكه","","8","36","0","","True","False","False","0","0","0","","","","","","0","2/9/2026 3:53:06 PM","","0","0","","False","",""
"877","شليموه زجزاج","11","25","25","25","25","شليموه زجزاج","","21","231","0","","True","False","False","0","0","0","","","","","","0","2/9/2026 3:53:06 PM","","0","0","","False","",""
"878","صفايه سيليكون","19","40","40","40","40","صفايه سيليكون","","3","57","0","","True","False","False","0","0","0","","","","","","0","2/9/2026 3:53:06 PM","","0","0","","False","",""
"879","علبه بهار زجاج","7.5","15","15","15","15","علبه بهار زجاج","","20","150","0","","True","False","False","0","0","0","","","","","","0","2/9/2026 3:53:06 PM","","0","0","","False","",""
"880","رول حراري","8","20","20","20","25","رول حراري","","10","80","0","","True","False","False","0","0","0","","","","","","0","2/9/2026 3:53:06 PM","","0","0","","False","",""
"881","طقم بهارات","12.5","25","25","25","25","طقم بهارات","","2","25","0","","True","False","False","0","0","0","","","","","","0","2/9/2026 3:53:06 PM","","0","0","","False","",""
"882","غطاء ميكريف","11","25","25","25","25","غطاء ميكريف","","10","110","0","","True","False","False","0","0","0","","","","","","0","2/9/2026 3:53:06 PM","","0","0","","False","",""
"883","طبق حوض الهلال","11","20","20","20","20","طبق حوض الهلال","","4","44","0","","True","False","False","0","0","0","","","","","","0","2/9/2026 3:53:06 PM","","0","0","","False","",""
"884","بولاه عجان مدرج","12","30","30","30","30","بولاه عجان مدرج","","4","48","0","","True","False","False","0","0","0","","","","","","0","2/9/2026 3:53:06 PM","","0","0","","False","",""
"885","طبق WARDA","17.5","30","30","30","30","طبق WARDA","","4","70","0","","True","False","False","0","0","0","","","","","","0","2/9/2026 3:53:06 PM","","0","0","","False","",""
"886","جونتي مطبخ","7","15","15","15","15","جونتي مطبخ","","12","84","0","","True","False","False","0","0","0","","","","","","0","2/9/2026 3:53:06 PM","","0","0","","False","",""
"887","مقوار الوان","3","10","10","10","10","مقوار الوان","","11","33","0","","True","False","False","0","0","0","","","","","","0","2/9/2026 3:53:06 PM","","0","0","","False","",""
"888","شماعه سميل","9","25","25","25","25","شماعه سميل","","3","27","0","","True","False","False","0","0","0","","","","","","0","2/9/2026 3:53:06 PM","","0","0","","False","",""
"889","عصاره لمون","10","15","15","15","25","عصاره لمون","","5","50","0","","True","False","False","0","0","0","","","","","","0","2/9/2026 3:53:06 PM","","0","0","","False","",""
"890","مكبس برجر","27.5","45","45","45","45","مكبس برجر","","16","440","0","","True","False","False","0","0","0","","","","","","0","2/9/2026 3:53:06 PM","","0","0","","False","",""
"891","شاكوش","9","25","25","25","25","شاكوش","","12","108","0","","True","False","False","0","0","0","","","","","","0","2/9/2026 3:53:06 PM","","0","0","","False","",""
"892","مشبك كبير","6","12","12","12","12","مشبك كبير","","12","72","0","","True","False","False","0","0","0","","","","","","0","2/9/2026 3:53:06 PM","","0","0","","False","",""
"893","مشبك صغير","6","10","10","10","10","مشبك صغير","","6","36","0","","True","False","False","0","0","0","","","","","","0","2/9/2026 3:53:06 PM","","0","0","","False","",""
"894","صفايه حوض قرش","7.5","20","20","20","20","صفايه حوض قرش","","4","30","0","","True","False","False","0","0","0","","","","","","0","2/9/2026 3:53:06 PM","","0","0","","False","",""
"895","MAX صبانه","14","25","25","25","25","MAX صبانه","","22","308","0","","True","False","False","0","0","0","","","","","","0","2/9/2026 3:53:06 PM","","0","0","","False","",""
"896","شماعه LOVE","7","15","15","15","15","شماعه LOVE","","31","217","0","","True","False","False","0","0","0","","","","","","0","2/9/2026 3:53:06 PM","","0","0","","False","",""
"897","طقم توابل كبير","27","55","55","55","55","طقم توابل كبير","","3","81","0","","True","False","False","0","0","0","","","","","","0","2/9/2026 3:53:06 PM","","0","0","","False","",""
"898","CUP CAKE","5.5","15","15","15","15","CUP CAKE","","29","159.5","0","","True","False","False","0","0","0","","","","","","0","2/9/2026 3:53:06 PM","","0","0","","False","",""
"899","صفايه كبيره سيليكون","40","80","80","80","80","صفايه كبيره سيليكون","","4","160","0","","True","False","False","0","0","0","","","","","","0","2/9/2026 3:53:06 PM","","0","0","","False","",""
"900","قطاعه تفاح","7","15","15","15","15","قطاعه تفاح","","6","42","0","","True","False","False","0","0","0","","","","","","0","2/9/2026 3:53:06 PM","","0","0","","False","",""
"901","سكينه جرانيت صغير","10","20","20","20","20","سكينه جرانيت صغير","","38","380","0","","True","False","False","0","0","0","","","","","","0","2/9/2026 3:53:06 PM","","0","0","","False","",""
"902","غيار","10","15","15","15","15","غيار","","23","230","0","","True","False","False","0","0","0","","","","","","0","2/9/2026 3:53:06 PM","","0","0","","False","",""
"903","سكينه الوان","4.5","10","10","10","10","سكينه الوان","","6","27","0","","True","False","False","0","0","0","","","","","","0","2/9/2026 3:53:06 PM","","0","0","","False","",""
"904","سكينه خشب","5","10","10","10","10","سكينه خشب","","17","85","0","","True","False","False","0","0","0","","","","","","0","2/9/2026 3:53:06 PM","","0","0","","False","",""
"905","حبل غسيل","15","30","30","30","30","حبل غسيل","","9","135","0","","True","False","False","0","0","0","","","","","","0","2/9/2026 3:53:06 PM","","0","0","","False","",""
"906","سكينه 8","9","25","25","25","25","سكينه 8","","3","27","0","","True","False","False","0","0","0","","","","","","0","2/9/2026 3:53:06 PM","","0","0","","False","",""
"907","سكينه 7","8","20","20","20","20","سكينه 7","","3","24","0","","True","False","False","0","0","0","","","","","","0","2/9/2026 3:53:06 PM","","0","0","","False","",""
"908","سكينه 6","8.5","15","15","15","15","سكينه 6","","3","25.5","0","","True","False","False","0","0","0","","","","","","0","2/9/2026 3:53:06 PM","","0","0","","False","",""
"909","مضرب سوستا","14","30","30","30","30","مضرب سوستا","","8","112","0","","True","False","False","0","0","0","","","","","","0","2/9/2026 3:53:06 PM","","0","0","","False","",""
"910","مضرب سلك ص","7","15","15","15","15","مضرب سلك ص","","3","21","0","","True","False","False","0","0","0","","","","","","0","2/9/2026 3:53:06 PM","","0","0","","False","",""
"911","ماسك استلس","7","20","20","20","20","ماسك استلس","","5","35","0","","True","False","False","0","0","0","","","","","","0","2/9/2026 3:53:06 PM","","0","0","","False","",""
"912","قالب كب كيك","55","80","80","80","80","قالب كب كيك","","4","220","0","","True","False","False","0","0","0","","","","","","0","2/9/2026 3:53:06 PM","","0","0","","False","",""
"913","مضرب سلك الوان ","15","25","25","25","25","مضرب سلك الوان ","","6","90","0","","True","False","False","0","0","0","","","","","","0","2/9/2026 3:53:06 PM","","0","0","","False","",""
"914","مساحه زجاج","7","10","10","10","10","مساحه زجاج","","2","14","0","","True","False","False","0","0","0","","","","","","0","2/9/2026 3:53:06 PM","","0","0","","False","",""
"915","صبانه ","8","20","20","20","20","صبانه ","","3","24","0","","True","False","False","0","0","0","","","","","","0","2/9/2026 3:53:06 PM","","0","0","","False","",""
"916","مبشره الوان استنلس","12.5","30","30","30","30","مبشره الوان استنلس","","9","112.5","0","","True","False","False","0","0","0","","","","","","0","2/9/2026 3:53:06 PM","","0","0","","False","",""
"917","شياله استنلس","15","30","30","30","30","شياله استنلس","","6","90","0","","True","False","False","0","0","0","","","","","","0","2/9/2026 3:53:06 PM","","0","0","","False","",""
"918","قشاره بالواحده","5","10","10","10","10","قشاره","","18","90","0","","True","False","False","0","0","0","","","","","","0","2/9/2026 3:53:06 PM","","0","0","","False","",""
"919","غطيان سيلكون","25","30","30","30","30","غطيان سيلكون","","2","50","0","","True","False","False","0","0","0","","","","","","0","2/9/2026 3:53:06 PM","","0","0","","False","",""
"920","طقم سكينه","15","25","25","25","25","طقم سكينه","","3","45","0","","True","False","False","0","0","0","","","","","","0","2/9/2026 3:53:06 PM","","0","0","","False","",""
"921","مج حراري ديجتال","70","120","120","120","120","مج حراري ديجتال","","2","140","0","","True","False","False","0","0","0","","","","","","0","2/9/2026 3:53:06 PM","","0","0","","False","",""
"922","مج حراري استار بكس","45","80","80","80","75","مج حراري استار بكس","","18","810","0","","True","False","False","0","0","0","","","","","","0","2/9/2026 3:53:06 PM","","0","0","","False","",""
"923","لعبة بط كبير","75","120","120","120","120","لعبة بط كبير","","8","600","0","","True","False","False","0","0","0","","","","","","0","2/9/2026 3:53:06 PM","","0","0","","False","",""
"924","شراره شمس وامر عيد ميلاد","11","20","20","20","25","شراره عيد ميلاد","","156","936","0","","True","False","False","0","0","0","","","0","1","0","0","2/9/2026 3:53:06 PM","","0","0","","False","",""
"925","ثلج كبير ","20","15","15","15","35","ثلج كبير ","","210","4200","0","","True","False","False","0","0","0","","","0","1","0","0","2/9/2026 3:53:06 PM","","0","0","","False","",""
"926","اسبنر الوان ","5","12","12","12","12","اسبنر الوان ","","9","45","0","","True","False","False","0","0","0","","","","","","0","2/9/2026 3:53:06 PM","","0","0","","False","",""
"927","كارت vioctory","5","8","8","8","8","كارت فكتري","","18","90","0","","True","False","False","0","0","0","","","","","","0","2/9/2026 3:53:06 PM","","0","0","","False","",""
"928","حجر ","5","10","10","10","10","حجر veko","","36","180","0","","True","False","False","0","0","0","","","","","","0","2/9/2026 3:53:06 PM","","0","0","","False","",""
"929","دبوس مكتب طويل","6","15","15","15","15","دبوس مكتب طويل","","2","12","0","","True","False","False","0","0","0","","","","","","0","2/9/2026 3:53:06 PM","","0","0","","False","",""
"930","دبوس مكتب صغير ","2","10","10","10","10","دبوس مكتب صغير ","","3","6","0","","True","False","False","0","0","0","","","","","","0","2/9/2026 3:53:06 PM","","0","0","","False","",""
"931","كراسة عالم التلوين ","6","15","15","15","20","كراسة عالم التلوين ","","100","600","0","","True","False","False","0","0","0","","","","","","0","2/9/2026 3:53:06 PM","","0","0","","False","",""
"932","سلوتيب الوان كهرباء ص","3","7","7","7","7","سلوتيب الوان كهرباء ص","","20","60","0","","True","False","False","0","0","0","","","","","","0","2/9/2026 3:53:06 PM","","0","0","","False","",""
"933","بكر لف هدايا","2","10","10","10","10","بكر لف هدايا","","40","80","0","","True","False","False","0","0","0","","","","","","0","2/9/2026 3:53:06 PM","","0","0","","False","",""
"934","دباسه حديد  DS-45 kangaro","75","80","80","80","100","دباسه حديد kangaro","","5","375","0","","True","False","False","0","0","0","","","","","","0","2/9/2026 3:53:06 PM","","0","0","","False","",""
"935","عصايا فيل الوان","7.5","20","20","20","20","عصايا فيل الوان","","12","90","0","","True","False","False","0","0","0","","","","","","0","2/9/2026 3:53:06 PM","","0","0","","False","",""
"936","مسطره ارقام","1","5","5","5","8","مسطره ارقام","","24","24","0","","True","False","False","0","0","0","","","","","","0","2/9/2026 3:53:06 PM","","0","0","","False","",""
"937","شمع نار","0.6","1","1","1","1","شمع نار","","10","6","0","","True","False","False","0","0","0","","","","","","0","2/9/2026 3:53:06 PM","","0","0","","False","",""
"938","جلاد شفاف استيكر","4.3","30","30","30","7","جلاد شفاف استيكر","","4000","17200","0","","True","False","False","0","0","0","","","","","","0","2/9/2026 3:53:06 PM","","0","0","","False","",""
"939","استيكر ميكي","7.5","25","25","25","25","","","14","105","0","","True","False","False","0","0","0","","","","","","0","2/9/2026 3:53:06 PM","","0","0","","False","",""
"940","شطرنج كبير ","225","300","300","300","300","شطرنج كبير ","","1","225","0","","True","False","False","0","0","0","","","","","","0","2/9/2026 3:53:06 PM","","0","0","","False","",""
"941","كيبورد كمبيوتر","100","50","50","50","165","كيبورد كمبيوتر","","12","1200","0","","True","False","False","0","0","0","","","","","","0","2/9/2026 3:53:06 PM","","0","0","","False","",""
"942","شوكه عيدميلاد an","7.5","15","15","15","15","شوكه عيدميلاد an","","4","30","0","","True","False","False","0","0","0","","","","","","0","2/9/2026 3:53:06 PM","","0","0","","False","",""
"943","ماسك استليس","15","35","35","35","35","ماسك استليس","","1","15","0","","True","False","False","0","0","0","","","","","","0","2/9/2026 3:53:06 PM","","0","0","","False","",""
"944","طقم مصفه شاي بلاستيك","25","35","35","35","35","طقم مصفه شاي بلاستيك","","1","25","0","","True","False","False","0","0","0","","","","","","0","2/9/2026 3:53:06 PM","","0","0","","False","",""
"945","مصفه شاي بلاستيك صغيير","4","10","10","10","10","مصفه شاي بلاستيك صغيير","","2","8","0","","True","False","False","0","0","0","","","","","","0","2/9/2026 3:53:06 PM","","0","0","","False","",""
"946","مصفه شاي بلاستيك كبير","6","15","15","15","15","مصفه شاي بلاستيك كبير","","1","6","0","","True","False","False","0","0","0","","","","","","0","2/9/2026 3:53:06 PM","","0","0","","False","",""
"947","قاعده كوبايه","15","30","30","30","30","قاعده كوبايه","","1","15","0","","True","False","False","0","0","0","","","","","","0","2/9/2026 3:53:06 PM","","0","0","","False","",""
"948","مضرب سيلك خشب","7.5","15","15","15","15","مضرب سيلك خشب","","1","7.5","0","","True","False","False","0","0","0","","","","","","0","2/9/2026 3:53:06 PM","","0","0","","False","",""
"949","شياله بايد بلاستيك","12.5","25","25","25","25","شياله بايد بلاستيك","","5","62.5","0","","True","False","False","0","0","0","","","","","","0","2/9/2026 3:53:06 PM","","0","0","","False","",""
"950","سلطه ماسك","10","20","20","20","20","سلطه ماسك","","2","20","0","","True","False","False","0","0","0","","","","","","0","2/9/2026 3:53:06 PM","","0","0","","False","",""
"951","مضرب سيلك بيد بلاستيك","7.5","15","15","15","15","مضرب سيلك بيد بلاستيك","","1","7.5","0","","True","False","False","0","0","0","","","","","","0","2/9/2026 3:53:06 PM","","0","0","","False","",""
"952","ماسك ستليس","12.5","25","25","25","25","ماسك ستليس","","3","37.5","0","","True","False","False","0","0","0","","","","","","0","2/9/2026 3:53:06 PM","","0","0","","False","",""
"953","كوره نطاط صغير","22","25","25","25","25","كوره نطاط صغير","","1","22","0","","True","False","False","0","0","0","","","","","","0","2/9/2026 3:53:06 PM","","0","0","","False","",""
"954","كيس استيك فلوس غ","15","10","10","10","20","كيس استيك فلوس غ","","50","750","0","","True","False","False","0","0","0","","","","","","0","2/9/2026 3:53:06 PM","","0","0","","False","",""
"955","فيس شيلد","9","25","25","25","25","فيس شيلد","","22","198","0","","True","False","False","0","0","0","","","","","","0","2/9/2026 3:53:06 PM","","0","0","","False","",""
"956","استند نتيجه","5","10","10","10","10","استند نتيجه","","2","10","0","","True","False","False","0","0","0","","","","","","0","2/9/2026 3:53:06 PM","","0","0","","False","",""
"957","نتيجه كرتون","10","20","20","20","20","نتيجه كرتون","","3","30","0","","True","False","False","0","0","0","","","","","","0","2/9/2026 3:53:06 PM","","0","0","","False","",""
"958","نتيجه بلوك","6","10","10","10","15","نتيجه بلوك","","9","54","0","","True","False","False","0","0","0","","","","","","0","2/9/2026 3:53:06 PM","","0","0","","False","",""
"959","عربيه TWISTEER","20","30","30","30","30","عربيه TWISTEER","","4","80","0","","True","False","False","0","0","0","","","","","","0","2/9/2026 3:53:06 PM","","0","0","","False","",""
"960","دبل فيس صغير","8","8","8","8","15","دبل فيس صغير","","3","24","0","","True","False","False","0","0","0","","","","","","0","2/9/2026 3:53:06 PM","","0","0","","False","",""
"961","حجاره صغير lodosdv","3.5","10","10","10","10","حجاره صغير lodosdv","","15","52.5","0","","True","False","False","0","0","0","","","","","","0","2/9/2026 3:53:06 PM","","0","0","","False","",""
"962","حجر ص everady","5","15","15","15","15","حجر ص everady","","7","35","0","","True","False","False","0","0","0","","","","","","0","2/9/2026 3:53:06 PM","","0","0","","False","",""
"963","balloons ubl","15","30","30","30","30","balloons ubl","","12","180","0","","True","False","False","0","0","0","","","","","","0","2/9/2026 3:53:06 PM","","0","0","","False","",""
"964","شمع عيد ميلاد صغير ","3","6","6","6","6","شمع عييد ميلاد","","40","120","0","","True","False","False","0","0","0","","","","","","0","2/9/2026 3:53:06 PM","","0","0","","False","",""
"965","علبه مسدس 911A","22","50","50","50","50","علبه مسدس 911A","","2","44","0","","True","False","False","0","0","0","","","","","","0","2/9/2026 3:53:06 PM","","0","0","","False","",""
"966","رشاش AKM","93","170","170","170","170","رشاش AKM","","1","93","0","","True","False","False","0","0","0","","","","","","0","2/9/2026 3:53:06 PM","","0","0","","False","",""
"967","علبه مكياح كبير","75","160","160","160","120","علبه مكياح كبير","","1","75","0","","True","False","False","0","0","0","","","","","","0","2/9/2026 3:53:06 PM","","0","0","","False","",""
"968","ROBOT CAR","95","190","190","190","175","ROBOT CAR","","3","285","0","","True","False","False","0","0","0","","","","","","0","2/9/2026 3:53:06 PM","","0","0","","False","",""
"969","علبه جنود","120","185","185","185","185","علبه جنود","","3","360","0","","True","False","False","0","0","0","","","","","","0","2/9/2026 3:53:06 PM","","0","0","","False","",""
"970","علبه خرز بنات كبيرر","85","140","140","140","145","علبه خرز بنات كبيرر","","11","935","0","","True","False","False","0","0","0","","","","","","0","2/9/2026 3:53:06 PM","","0","0","","False","",""
"971","كوخ مكعبات","30","55","55","55","65","كوخ مكعبات","","25","750","0","","True","False","False","0","0","0","","","","","","0","2/9/2026 3:53:06 PM","","0","0","","False","",""
"972","باص مكعبات","34","60","60","60","60","باص مكعبات","","1","34","0","","True","False","False","0","0","0","","","","","","0","2/9/2026 3:53:06 PM","","0","0","","False","",""
"973","عربيه مكعبات","26.5","50","50","50","50","عربيه مكعبات","","5","132.5","0","","True","False","False","0","0","0","","","","","","0","2/9/2026 3:53:06 PM","","0","0","","False","",""
"974","مسدس صوت صغير","28","65","65","65","65","مسدس صوت صغير","","12","336","0","","True","False","False","0","0","0","","","","","","0","2/9/2026 3:53:06 PM","","0","0","","False","",""
"975","مسدس طلقات","200","100","100","100","395","مسدس طلقات","","5","275","0","","True","False","False","0","0","0","","","0","1","0","0","2/9/2026 3:53:06 PM","","0","0","","False","",""
"976","POWER RANGERS","23","60","60","60","60","POWER RANGERS","","2","46","0","","True","False","False","0","0","0","","","","","","0","2/9/2026 3:53:06 PM","","0","0","","False","",""
"977","ميكانو كبير","145","145","145","145","265","ميكانو كبير","","3","435","0","","True","False","False","0","0","0","","","","","","0","2/9/2026 3:53:06 PM","","0","0","","False","",""
"978","كارت سمك","21","50","50","50","50","كارت سمك","","2","42","0","","True","False","False","0","0","0","","","","","","0","2/9/2026 3:53:06 PM","","0","0","","False","",""
"979","علبه عروسه فروزين","110","50","50","50","295","علبه عروسه فروزين","","8","880","0","","True","False","False","0","0","0","","","","","","0","2/9/2026 3:53:06 PM","","0","0","","False","",""
"980","كارت اساس","29","50","50","50","50","كارت اساس","","2","58","0","","True","False","False","0","0","0","","","","","","0","2/9/2026 3:53:06 PM","","0","0","","False","",""
"981","دومنه","120","85","85","85","285","دومنه","","4","184","0","","True","False","False","0","0","0","","","0","1","0","0","2/9/2026 3:53:06 PM","","0","0","","False","",""
"982","كيس حيوانات ص","5.75","15","15","15","15","كيس حيوانات ص","","7","40.25","0","","True","False","False","0","0","0","","","","","","0","2/9/2026 3:53:06 PM","","0","0","","False","",""
"983","عربيه FERRARI","133","225","225","225","225","عربيه FERRARI","","1","133","0","","True","False","False","0","0","0","","","","","","0","2/9/2026 3:53:06 PM","","0","0","","False","",""
"984","مسدس حيوانات كبير","100","95","95","95","145","مسدس حيوانات كبير","","13","1300","0","","True","False","False","0","0","0","","","","","","0","2/9/2026 3:53:06 PM","","0","0","","False","",""
"985","كيس الحيوانات","25","50","50","50","45","كيس الحيوانات","","4","100","0","","True","False","False","0","0","0","","","","","","0","2/9/2026 3:53:06 PM","","0","0","","False","",""
"986","مسدس ديناصور","41","85","85","85","85","مسدس ديناصور","","2","82","0","","True","False","False","0","0","0","","","","","","0","2/9/2026 3:53:06 PM","","0","0","","False","",""
"987","كارت حرب","11","25","25","25","25","كارت حرب","","2","22","0","","True","False","False","0","0","0","","","","","","0","2/9/2026 3:53:06 PM","","0","0","","False","",""
"988","كارت شخصيات","110","60","60","60","210","كارت شخصيات","","8","880","0","","True","False","False","0","0","0","","","","","","0","2/9/2026 3:53:06 PM","","0","0","","False","",""
"989","طقم مسدس لاسلكي","20","50","50","50","50","طقم مسدس لاسلكي","","2","40","0","","True","False","False","0","0","0","","","","","","0","2/9/2026 3:53:06 PM","","0","0","","False","",""
"990"," علبه مسدس خرز طلق ","70","90","90","90","115","مسدس خرز طلق ","","4","280","0","","True","False","False","0","0","0","","","","","","0","2/9/2026 3:53:06 PM","","0","0","","False","",""
"991","شاحن REALME VOOC SMAS","43","85","85","85","85","شاحن REALME VOOC SMAS","","3","129","0","","True","False","False","0","0","0","","","","","","0","2/9/2026 3:53:06 PM","","0","0","","False","",""
"992","شاحن SAMS EARIDOM","25","60","60","60","60","شاحن SAMS EARIDOM","","1","25","0","","True","False","False","0","0","0","","","","","","0","2/9/2026 3:53:06 PM","","0","0","","False","",""
"993","USB SAMS GERLAX","9","35","35","35","35","USB SAMS GERLAX","","6","54","0","","True","False","False","0","0","0","","","","","","0","2/9/2026 3:53:06 PM","","0","0","","False","",""
"994","شاحن BINGO SAMS","25","50","50","50","50","شاحن BINGO SAMS","","2","50","0","","True","False","False","0","0","0","","","","","","0","2/9/2026 3:53:06 PM","","0","0","","False","",""
"995","واصله DOLPHINE SAMS","6","20","20","20","20","واصله DOLPHINE SAMS","","6","36","0","","True","False","False","0","0","0","","","","","","0","2/9/2026 3:53:06 PM","","0","0","","False","",""
"996","شاحن SAMS X50","36","90","90","90","90","شاحن SAMS X50","","2","72","0","","True","False","False","0","0","0","","","","","","0","2/9/2026 3:53:06 PM","","0","0","","False","",""
"997","WIRELESS SPORT HEADPHONE","38","90","90","90","90","WIRELESS SPORT HEADPHONE","","2","76","0","","True","False","False","0","0","0","","","","","","0","2/9/2026 3:53:06 PM","","0","0","","False","",""
"998","شاحن SAMS ORAIMO","18","45","45","45","45","شاحن SAMS ORAIMO","","2","36","0","","True","False","False","0","0","0","","","","","","0","2/9/2026 3:53:06 PM","","0","0","","False","",""
"999","شاحن REALMA TYPE.C","27","70","70","70","70","شاحن REALMA TYPE.C","","2","54","0","","True","False","False","0","0","0","","","","","","0","2/9/2026 3:53:06 PM","","0","0","","False","",""
"1000","كبل SAMS R","7","30","30","30","30","كبل SAMS R","","6","42","0","","True","False","False","0","0","0","","","","","","0","2/9/2026 3:53:06 PM","","0","0","","False","",""
"1001","كبل SAMS BIG","5","15","15","15","15","كبل SAMS BIG","","4","20","0","","True","False","False","0","0","0","","","","","","0","2/9/2026 3:53:06 PM","","0","0","","False","",""
"1002","كبل SAMS XP-53","12","40","40","40","40","كبل SAMS XP-53","","4","48","0","","True","False","False","0","0","0","","","","","","0","2/9/2026 3:53:06 PM","","0","0","","False","",""
"1003","كبل TYPE-C","12","35","35","35","35","كبل TYPE-C","","4","48","0","","True","False","False","0","0","0","","","","","","0","2/9/2026 3:53:06 PM","","0","0","","False","",""
"1004","شاحن SAMUS 5G","24","50","50","50","50","شاحن SAMUS 5G","","4","96","0","","True","False","False","0","0","0","","","","","","0","2/9/2026 3:53:06 PM","","0","0","","False","",""
"1005","كبل SAMAS XP-35","11","35","35","35","35","كبل SAMAS XP-35","","5","55","0","","True","False","False","0","0","0","","","","","","0","2/9/2026 3:53:06 PM","","0","0","","False","",""
"1006","كبل SAMAS XP-25","10","30","30","30","30","كبل SAMAS XP-25","","3","30","0","","True","False","False","0","0","0","","","","","","0","2/9/2026 3:53:06 PM","","0","0","","False","",""
"1007","كبل samus vidvie","5","20","20","20","20","كبل samus vidvie","","6","30","0","","True","False","False","0","0","0","","","","","","0","2/9/2026 3:53:06 PM","","0","0","","False","",""
"1008","شاحن samsun 18w R","35","65","65","65","65","شاحن samsun 18w R","","8","280","0","","True","False","False","0","0","0","","","","","","0","2/9/2026 3:53:06 PM","","0","0","","False","",""
"1009","كبل xp-32 SAMSUNG","11","40","40","40","40","كبل xp-32 SAMSUNG","","3","33","0","","True","False","False","0","0","0","","","","","","0","2/9/2026 3:53:06 PM","","0","0","","False","",""
"1010","شاحن GFUZ","13","65","65","65","65","شاحن GFUZ","","3","39","0","","True","False","False","0","0","0","","","","","","0","2/9/2026 3:53:06 PM","","0","0","","False","",""
"1011","كبل GFUZ SAMSUNG","8","30","30","30","30","كبل GFUZ SAMSUNG","","3","24","0","","True","False","False","0","0","0","","","","","","0","2/9/2026 3:53:06 PM","","0","0","","False","",""
"1012","شاحن ORAIMO حراري","9","35","35","35","35","شاحن ORAIMO حراري","","3","27","0","","True","False","False","0","0","0","","","","","","0","2/9/2026 3:53:06 PM","","0","0","","False","",""
"1013","كبل TYPE -C","25","50","50","50","50","كبل TYPE -C","","3","75","0","","True","False","False","0","0","0","","","","","","0","2/9/2026 3:53:06 PM","","0","0","","False","",""
"1014","شاحن 2مخرج SAMSUNG","18","50","50","50","50","شاحن 2مخرج SAMSUNG","","3","54","0","","True","False","False","0","0","0","","","","","","0","2/9/2026 3:53:06 PM","","0","0","","False","",""
"1015","شاحن كامل مخرج 1","15","40","40","40","40","شاحن كامل مخرج 1","","2","30","0","","True","False","False","0","0","0","","","","","","0","2/9/2026 3:53:06 PM","","0","0","","False","",""
"1016","شاحن بيلف ","22","70","70","70","70","شاحن بيلف ","","2","44","0","","True","False","False","0","0","0","","","","","","0","2/9/2026 3:53:06 PM","","0","0","","False","",""
"1017","شاحن AORAX","23","70","70","70","70","شاحن AORAX","","1","23","0","","True","False","False","0","0","0","","","","","","0","2/9/2026 3:53:06 PM","","0","0","","False","",""
"1018","كبل FOR MICRO","12","25","25","25","25","كبل FOR MICRO","","3","36","0","","True","False","False","0","0","0","","","","","","0","2/9/2026 3:53:06 PM","","0","0","","False","",""
"1019","كيس شاحن ","5","20","20","20","20","كيس شاحن ","","8","40","0","","True","False","False","0","0","0","","","","","","0","2/9/2026 3:53:06 PM","","0","0","","False","",""
"1020","سماعه عاديه","12","25","25","25","25","سماعه عاديه","","2","24","0","","True","False","False","0","0","0","","","","","","0","2/9/2026 3:53:06 PM","","0","0","","False","",""
"1021","سماعه كيس اصفر PIN-24","20","25","25","25","35","سماعه SR16","","20","400","0","","True","False","False","0","0","0","","","","","","0","2/9/2026 3:53:06 PM","","0","0","","False","",""
"1022","سماعه SR16","12","30","30","30","30","سماعه SR16","","3","36","0","","True","False","False","0","0","0","","","","","","0","2/9/2026 3:53:06 PM","","0","0","","False","",""
"1023","سماعه STEREO","7.5","40","40","40","40","سماعه STEREO","","2","15","0","","True","False","False","0","0","0","","","","","","0","2/9/2026 3:53:06 PM","","0","0","","False","",""
"1024","شاشه 3D","15","35","35","35","35","شاشه 3D","","1","15","0","","True","False","False","0","0","0","","","","","","0","2/9/2026 3:53:06 PM","","0","0","","False","",""
"1025","سماعهP100","14","35","35","35","35","سماعهP100","","14","196","0","","True","False","False","0","0","0","","","","","","0","2/9/2026 3:53:06 PM","","0","0","","False","",""
"1026","سماعهLEGENDARY","11","30","30","30","30","سماعهLEGENDARY","","3","33","0","","True","False","False","0","0","0","","","","","","0","2/9/2026 3:53:06 PM","","0","0","","False","",""
"1027","سماعه D-36","16","55","55","55","55","سماعه D-36","","2","32","0","","True","False","False","0","0","0","","","","","","0","2/9/2026 3:53:06 PM","","0","0","","False","",""
"1028","سماعه D-37","16","55","55","55","55","سماعه D-37","","2","32","0","","True","False","False","0","0","0","","","","","","0","2/9/2026 3:53:06 PM","","0","0","","False","",""
"1029","سماعه w15","12","35","35","35","35","سماعه w15","","5","60","0","","True","False","False","0","0","0","","","","","","0","2/9/2026 3:53:06 PM","","0","0","","False","",""
"1030"," SPEAKER PORTABLE","45","170","170","170","170"," SPEAKER PORTABLE","","2","90","0","","True","False","False","0","0","0","","","","","","0","2/9/2026 3:53:06 PM","","0","0","","False","",""
"1031","سماعه PUBG","70","180","180","180","180","سماعه PUBG","","2","140","0","","True","False","False","0","0","0","","","","","","0","2/9/2026 3:53:06 PM","","0","0","","False","",""
"1032","سماعه بيتس YX-010","85","160","160","160","160","سماعه بيتس YX-010","","1","85","0","","True","False","False","0","0","0","","","","","","0","2/9/2026 3:53:06 PM","","0","0","","False","",""
"1033","دراع pubg 2 ","12","35","35","35","35","دراع pubg 2 ","","3","36","0","","True","False","False","0","0","0","","","","","","0","2/9/2026 3:53:06 PM","","0","0","","False","",""
"1034","دراع pubg 4 ","30","60","60","60","60","دراع pubg 4","","3","90","0","","True","False","False","0","0","0","","","","","","0","2/9/2026 3:53:06 PM","","0","0","","False","",""
"1035","كيس بالون زماره بالواحده","0.1","30","30","30","0.5","كيس بالون زماره","","210","21","0","","True","False","False","0","0","0","","","","","","0","2/9/2026 3:53:06 PM","","0","0","","False","",""
"1036","بي بليد حديد","25","55","55","55","55","بي بليد حديد","","5","125","0","","True","False","False","0","0","0","","","","","","0","2/9/2026 3:53:06 PM","","0","0","","False","",""
"1037","محفظه رجالي عادي","5","15","15","15","15","محفظه رجالي عادي","","1","5","0","","True","False","False","0","0","0","","","","","","0","2/9/2026 3:53:06 PM","","0","0","","False","",""
"1038","بازل خشب صغير","17.5","20","20","20","30","","","47","822.5","0","","True","False","False","0","0","0","","","","","","0","2/9/2026 3:53:06 PM","","0","0","","False","",""
"1039","بازل فومpenguin ","10","20","20","20","20","بازل فومpenguin ","","5","50","0","","True","False","False","0","0","0","","","","","","0","2/9/2026 3:53:06 PM","","0","0","","False","",""
"1040","كراسه تحسين خط","5","10","10","10","10","كراسه تحسين خط","","7","35","0","","True","False","False","0","0","0","","","","","","0","2/9/2026 3:53:06 PM","","0","0","","False","",""
"1041","مسطره تحديد حيوانات","6.5","20","20","20","20","مسطره تحديد اسماك","","15","97.5","0","","True","False","False","0","0","0","","","","","","0","2/9/2026 3:53:06 PM","","0","0","","False","",""
"1042","بازل خشب مفرغ","20","30","30","30","30","بازل خشب مفرغ","","2","40","0","","True","False","False","0","0","0","","","","","","0","2/9/2026 3:53:06 PM","","0","0","","False","",""
"1043","بازل مغناطيس","20","40","40","40","40","بازل مغناطيس","","1","20","0","","True","False","False","0","0","0","","","","","","0","2/9/2026 3:53:06 PM","","0","0","","False","",""
"1044","بازل ارقام","15","30","30","30","30","بازل ارقام","","2","30","0","","True","False","False","0","0","0","","","","","","0","2/9/2026 3:53:06 PM","","0","0","","False","",""
"1045","كربون","5","2","2","2","9","كربون","","550","2200","0","","True","False","False","0","0","0","","","0","1","0","0","2/9/2026 3:53:06 PM","","0","0","","False","",""
"1046","  ايصال استلام نقدي","7.5","5","5","5","14","ايصال استلام نقدي","","131","982.5","0","","True","False","False","0","0","0","","","0","1","","0","2/9/2026 3:53:06 PM","","0","0","","False","",""
"1047","حجاره تورش","15","25","25","25","25","حجاره تورش","","5","75","0","","True","False","False","0","0","0","","","","","","0","2/9/2026 3:53:06 PM","","0","0","","False","",""
"1048","دبوس ملابس ","1.5","5","5","5","5","دبوس ملابس ","","32","48","0","","True","False","False","0","0","0","","","","","","0","2/9/2026 3:53:06 PM","","0","0","","False","",""
"1049","صلصال رملي 2","31","15","15","15","70","ماسك اسد","","8","80","0","","True","False","False","0","0","0","","","0","1","0","0","2/9/2026 3:53:06 PM","","0","0","","False","",""
"1050","طرطور قطن","5.5","12","12","12","12","","","6","33","0","","True","False","False","0","0","0","","","","","","0","2/9/2026 3:53:06 PM","","0","0","","False","",""
"1051","باز يطير","15","30","30","30","30","","","6","90","0","","True","False","False","0","0","0","","","","","","0","2/9/2026 3:53:06 PM","","0","0","","False","",""
"1052","زينه كرتون ","10","25","25","25","25","زينه كرتون ","","3","30","0","","True","False","False","0","0","0","","","","","","0","2/9/2026 3:53:06 PM","","0","0","","False","",""
"1053","حبل زينه","9","20","20","20","20","","","3","27","0","","True","False","False","0","0","0","","","","","","0","2/9/2026 3:53:06 PM","","0","0","","False","",""
"1054","كيس زماره 5*1 شعبي","17.5","10","10","10","30","","","77","77","0","","True","False","False","0","0","0","","","0","1","0","0","2/9/2026 3:53:06 PM","","0","0","","False","",""
"1055","طاقيه عيدميلاد","5","15","15","15","15","طاقيه عيدميلاد","","35","175","0","","True","False","False","0","0","0","","","","","","0","2/9/2026 3:53:06 PM","","0","0","","False","",""
"1056","فرع زينه رمضان  5م","9","15","15","15","15","","","24","216","0","","True","False","False","0","0","0","","","","","","0","2/9/2026 3:53:06 PM","","0","0","","False","",""
"1057","شمع نور","2.5","10","10","10","10","","","85","212.5","0","","True","False","False","0","0","0","","","","","","0","2/9/2026 3:53:06 PM","","0","0","","False","",""
"1058","بالون هليوم سبوع","20","20","20","20","30","بالون هيليم سبوع","","68","1360","0","","True","False","False","0","0","0","","","","","","0","2/9/2026 3:53:06 PM","","0","0","","False","",""
"1059","نظاره فوم","5","10","10","10","10","نظاره فوم","","11","55","0","","True","False","False","0","0","0","","","","","","0","2/9/2026 3:53:06 PM","","0","0","","False","",""
"1060","حصاله مفتاح صغير","6","15","15","15","15","حصاله مفتاح صغير","","15","90","0","","True","False","False","0","0","0","","","","","","0","2/9/2026 3:53:06 PM","","0","0","","False","",""
"1061","شمع هابي","5","12","12","12","12","","","9","45","0","","True","False","False","0","0","0","","","","","","0","2/9/2026 3:53:06 PM","","0","0","","False","",""
"1062","وش فوم بالواحده","5","10","10","10","10","","","12","60","0","","True","False","False","0","0","0","","","","","","0","2/9/2026 3:53:06 PM","","0","0","","False","",""
"1063","تاج فوم","7.5","20","20","20","20","","","6","45","0","","True","False","False","0","0","0","","","","","","0","2/9/2026 3:53:06 PM","","0","0","","False","",""
"1064","زينه دواير","5","10","10","10","10","","","12","60","0","","True","False","False","0","0","0","","","","","","0","2/9/2026 3:53:06 PM","","0","0","","False","",""
"1065","صاروخ بالواحده","6.25","12","12","12","15","","","42","112.5","0","","True","False","False","0","0","0","","","0","1","0","0","2/9/2026 3:53:06 PM","","0","0","","False","",""
"1066","ماسك فراشه بالواحده","1.5","5","5","5","5","","","18","27","0","","True","False","False","0","0","0","","","","","","0","2/9/2026 3:53:06 PM","","0","0","","False","",""
"1067","شمع الوان","5","15","15","15","15","","","4","20","0","","True","False","False","0","0","0","","","","","","0","2/9/2026 3:53:06 PM","","0","0","","False","",""
"1068","خله صغير","1.5","5","5","5","5","","","16","24","0","","True","False","False","0","0","0","","","","","","0","2/9/2026 3:53:06 PM","","0","0","","False","",""
"1069","casio","30","60","60","60","60","","","2","60","0","","True","False","False","0","0","0","","","","","","0","2/9/2026 3:53:06 PM","","0","0","","False","",""
"1070","kadio","35","65","65","65","65","","","1","35","0","","True","False","False","0","0","0","","","","","","0","2/9/2026 3:53:06 PM","","0","0","","False","",""
"1071","فروزين كبير","35","85","85","85","85","","","4","140","0","","True","False","False","0","0","0","","","","","","0","2/9/2026 3:53:06 PM","","0","0","","False","",""
"1072","pubg","145","220","220","220","220","","","7","1015","0","","True","False","False","0","0","0","","","","","","0","2/9/2026 3:53:06 PM","","0","0","","False","",""
"1073","فوم بازل صغير","10","20","20","20","20","فوم بازل صغير","","8","80","0","","True","False","False","0","0","0","","","","","","0","2/9/2026 3:53:06 PM","","0","0","","False","",""
"1074","عربيه ريموت بنيزن وفرامل شحن ","270","190","190","190","380","عربيه ريموت بنيزن وفرامل ","","15","4050","0","","True","False","False","0","0","0","","","","","","0","2/9/2026 3:53:06 PM","","0","0","","False","",""
"1075","ساعه اطفالي كارت","14","30","30","30","30","ساعه اطفالي كارت","","6","84","0","","True","False","False","0","0","0","","","","","","0","2/9/2026 3:53:06 PM","","0","0","","False","",""
"1076","بطريق صغير ","42","80","80","80","80","بطريق صغير ","","12","504","0","","True","False","False","0","0","0","","","","","","0","2/9/2026 3:53:06 PM","","0","0","","False","",""
"1077","مكياج وسط فراوله","45","80","80","80","80","مكياج وسط فراوله","","1","45","0","","True","False","False","0","0","0","","","","","","0","2/9/2026 3:53:06 PM","","0","0","","False","",""
"1078","اورج وسط","50","85","85","85","85","اورج وسط","","2","100","0","","True","False","False","0","0","0","","","","","","0","2/9/2026 3:53:06 PM","","0","0","","False","",""
"1079","شخصيات كبيره","35","75","75","75","75","شخصيات كبيره","","16","560","0","","True","False","False","0","0","0","","","","","","0","2/9/2026 3:53:06 PM","","0","0","","False","",""
"1080","ببليد حديد","40","60","60","60","70","ببليد حديد","","29","1160","0","","True","False","False","0","0","0","","","","","","0","2/9/2026 3:53:06 PM","","0","0","","False","",""
"1081","ثلج خيط","10","20","20","20","20","ثلج خيط","","18","180","0","","True","False","False","0","0","0","","","","","","0","2/9/2026 3:53:06 PM","","0","0","","False","",""
"1082","GAME BASKET BALL","41","80","80","80","80","GAME BASKET BALL","","2","82","0","","True","False","False","0","0","0","","","","","","0","2/9/2026 3:53:06 PM","","0","0","","False","",""
"1083","كرت مسدس 3 طلقات","45","30","30","30","75","كرت مسدس 3 طلقات","","4","180","0","","True","False","False","0","0","0","","","","","","0","2/9/2026 3:53:06 PM","","0","0","","False","",""
"1084","مسدس نظاره وكلبش كبير ","105","75","75","75","225","مسدس نظاره وكلبش","","14","1470","0","","True","False","False","0","0","0","","","","","","0","2/9/2026 3:53:06 PM","","0","0","","False","",""
"1085","محفظه رجالي BOVIS","20","40","40","40","40","محفظه رجالي BOVIS","","29","580","0","","True","False","False","0","0","0","","","","","","0","2/9/2026 3:53:06 PM","","0","0","","False","",""
"1086","PROJECTOR","95","180","180","180","180","PROJECTOR","","1","95","0","","True","False","False","0","0","0","","","","","","0","2/9/2026 3:53:06 PM","","0","0","","False","",""
"1087","فرشه ميكب","20","30","30","30","30","فرشه ميكب","","3","60","0","","True","False","False","0","0","0","","","","","","0","2/9/2026 3:53:06 PM","","0","0","","False","",""
"1088","ليدو وسط ","10","15","15","15","25","ليدو وسط ","","14","140","0","","True","False","False","0","0","0","","","","","","0","2/9/2026 3:53:06 PM","","0","0","","False","",""
"1089","سبوره كبيره","33","30","30","30","50","سبوره كبيره","","15","495","0","","True","False","False","0","0","0","","","","","","0","2/9/2026 3:53:06 PM","","0","0","","False","",""
"1090","مطبخ بتوجاز ع ","25","40","40","40","40","مطبخ بتوجاز ع ","","2","50","0","","True","False","False","0","0","0","","","","","","0","2/9/2026 3:53:06 PM","","0","0","","False","",""
"1091","كيس نجوم مضبئه","15","30","30","30","30","كيس نجوم مضبئه","","11","165","0","","True","False","False","0","0","0","","","","","","0","2/9/2026 3:53:06 PM","","0","0","","False","",""
"1092","عروسه قماش في كيس","11","30","30","30","30","عروسه قماش في كيس","","7","77","0","","True","False","False","0","0","0","","","","","","0","2/9/2026 3:53:06 PM","","0","0","","False","",""
"1093","استيكر 3D اسميل","15","25","25","25","25","استيكر 3D اسميل","","8","120","0","","True","False","False","0","0","0","","","","","","0","2/9/2026 3:53:06 PM","","0","0","","False","",""
"1094","استيكر كبير  3D ","20","30","30","30","30","استيكر 3D اسميل","","10","200","0","","True","False","False","0","0","0","","","","","","0","2/9/2026 3:53:06 PM","","0","0","","False","",""
"1095","استيكر صغير 3D","8","20","20","20","20","استيكر صغير 3D","","7","56","0","","True","False","False","0","0","0","","","","","","0","2/9/2026 3:53:06 PM","","0","0","","False","",""
"1096","بوكس هدايا LOVE","25","50","50","50","50","بوكس هدايا LOVE","","4","100","0","","True","False","False","0","0","0","","","","","","0","2/9/2026 3:53:06 PM","","0","0","","False","",""
"1097","بوكسس LOVE 2","20","45","45","45","45","بوكس هدايا LOVE","","2","40","0","","True","False","False","0","0","0","","","","","","0","2/9/2026 3:53:06 PM","","0","0","","False","",""
"1098","بوكس هدايا LOVE 3","17.5","40","40","40","40","بوكس هدايا LOVE 3","","3","52.5","0","","True","False","False","0","0","0","","","","","","0","2/9/2026 3:53:06 PM","","0","0","","False","",""
"1099","بوكس هدايا LOVE 4","15","35","35","35","35","بوكس هدايا LOVE 4","","5","75","0","","True","False","False","0","0","0","","","","","","0","2/9/2026 3:53:06 PM","","0","0","","False","",""
"1100","بوكس هدايا LOVE 5","15","30","30","30","30","بوكس هدايا LOVE 5","","5","75","0","","True","False","False","0","0","0","","","","","","0","2/9/2026 3:53:06 PM","","0","0","","False","",""
"1101","بوكس هدايا LOVE 6","12.5","25","25","25","25","بوكس هدايا LOVE 6","","4","50","0","","True","False","False","0","0","0","","","","","","0","2/9/2026 3:53:06 PM","","0","0","","False","",""
"1102","بوكس هدايا LOVE 7","10","20","20","20","20","بوكس هدايا LOVE 7","","4","40","0","","True","False","False","0","0","0","","","","","","0","2/9/2026 3:53:06 PM","","0","0","","False","",""
"1103","بوكس هدايا LOVE 8 ","7.5","15","15","15","15","بوكس هدايا LOVE 3","","4","30","0","","True","False","False","0","0","0","","","","","","0","2/9/2026 3:53:06 PM","","0","0","","False","",""
"1104","بوكس هدايا LOVE 9 ","5","10","10","10","10","بوكس هدايا LOVE 9 ","","2","10","0","","True","False","False","0","0","0","","","","","","0","2/9/2026 3:53:06 PM","","0","0","","False","",""
"1105","بوكس هدايا LOVE10 ","2.5","5","5","5","5","بوكس هدايا LOVE 9 ","","2","5","0","","True","False","False","0","0","0","","","","","","0","2/9/2026 3:53:06 PM","","0","0","","False","",""
"1106","كونت فور","12.5","30","30","30","30",".كونت فور","","3","37.5","0","","True","False","False","0","0","0","","","","","","0","2/9/2026 3:53:06 PM","","0","0","","False","",""
"1107","عروسه عجله ","21","45","45","45","45","عروسه عجله ","","5","105","0","","True","False","False","0","0","0","","","","","","0","2/9/2026 3:53:06 PM","","0","0","","False","",""
"1108","استك نوت صغير ","17","35","35","35","35","استك نوت صغير ","","3","51","0","","True","False","False","0","0","0","","","","","","0","2/9/2026 3:53:06 PM","","0","0","","False","",""
"1109","استك نوت صغير الوان مسطر ","15","25","25","25","30","استك نوت كبير","","47","705","0","","True","False","False","0","0","0","","","","","","0","2/9/2026 3:53:06 PM","","0","0","","False","",""
"1110","نجار كارت","12.5","25","25","25","25","نجار كارت","","3","37.5","0","","True","False","False","0","0","0","","","","","","0","2/9/2026 3:53:06 PM","","0","0","","False","",""
"1111","علبه شخصيات الننجا","50","85","85","85","85","علبه شخصيات الننجا","","11","550","0","","True","False","False","0","0","0","","","","","","0","2/9/2026 3:53:06 PM","","0","0","","False","",""
"1112","شراب رجالي ","5","10","10","10","10","شراب رجالي","","10","50","0","","True","False","False","0","0","0","","","","","","0","2/9/2026 3:53:06 PM","","0","0","","False","",""
"1113","كرت 12عربيه","55","60","60","60","105","كرت 12عربيه","","7","385","0","","True","False","False","0","0","0","","","","","","0","2/9/2026 3:53:06 PM","","0","0","","False","",""
"1114","بازل بلاستك","5","15","15","15","15","بازل بلاستك","","10","50","0","","True","False","False","0","0","0","","","","","","0","2/9/2026 3:53:06 PM","","0","0","","False","",""
"1115","INDEX","15","35","35","35","35","INDEX","","6","90","0","","True","False","False","0","0","0","","","","","","0","2/9/2026 3:53:06 PM","","0","0","","False","",""
"1116","INDEX ص","10","25","25","25","25","INDEX ص","","1","10","0","","True","False","False","0","0","0","","","","","","0","2/9/2026 3:53:06 PM","","0","0","","False","",""
"1117","دبدوب اشكال ","38","55","55","55","75","دبدوب كيتي ","","24","912","0","","True","False","False","0","0","0","","","","","","0","2/9/2026 3:53:06 PM","","0","0","","False","",""
"1118","شوراب سيلفي","4","8","8","8","8","شوراب سيلفي","","8","32","0","","True","False","False","0","0","0","","","","","","0","2/9/2026 3:53:06 PM","","0","0","","False","",""
"1119","سبوره تعليمي وسط","12","22","22","22","30","سبوره تعليمي صغير","","40","480","0","","True","False","False","0","0","0","","","","","","0","2/9/2026 3:53:06 PM","","0","0","","False","",""
"1120","ورد مجفف","5","15","15","15","15","ورد مجفف","","20","100","0","","True","False","False","0","0","0","","","","","","0","2/9/2026 3:53:06 PM","","0","0","","False","",""
"1121","شريط ستان عريض","5","15","15","15","15","شريط ستان","","20","100","0","","True","False","False","0","0","0","","","","","","0","2/9/2026 3:53:06 PM","","0","0","","False","",""
"1122","شريط شتان رفيع","5","10","10","10","10","شريط شتان رفيع","","3","15","0","","True","False","False","0","0","0","","","","","","0","2/9/2026 3:53:06 PM","","0","0","","False","",""
"1123","شريط تغليف هدايا فيونكة بالوحده ","0.5","1","1","1","1","شريط تغليف هدايا فيونكة","","160","80","0","","True","False","False","0","0","0","","","","","","0","2/9/2026 3:53:06 PM","","0","0","","False","",""
"1124","شربات اطفال الوان","2.5","10","10","10","10","شربات اطفال الوان","","24","60","0","","True","False","False","0","0","0","","","","","","0","2/9/2026 3:53:06 PM","","0","0","","False","",""
"1125","حجر ساعه وليزر","0.4","7","7","7","7","","","207","82.8","0","","True","False","False","0","0","0","","","","","","0","2/9/2026 3:53:06 PM","","0","0","","False","",""
"1126"," فرشة مرايه ","20","30","30","30","30"," فرشة مرايه ","","3","60","0","","True","False","False","0","0","0","","","","","","0","2/9/2026 3:53:06 PM","","0","0","","False","",""
"1127","خزين باسكت","22","45","45","45","45","","","24","528","0","","True","False","False","0","0","0","","","","","","0","2/9/2026 3:53:06 PM","","0","0","","False","",""
"1128","فتاحه","20","35","35","35","35","","","3","60","0","","True","False","False","0","0","0","","","","","","0","2/9/2026 3:53:06 PM","","0","0","","False","",""
"1129","هراشه","5.5","15","15","15","15","","","12","66","0","","True","False","False","0","0","0","","","","","","0","2/9/2026 3:53:06 PM","","0","0","","False","",""
"1130","جونتي حراري","22","45","45","45","45","","","2","44","0","","True","False","False","0","0","0","","","","","","0","2/9/2026 3:53:06 PM","","0","0","","False","",""
"1131","مصفه 3 في 1","15","25","25","25","25","","","6","90","0","","True","False","False","0","0","0","","","","","","0","2/9/2026 3:53:06 PM","","0","0","","False","",""
"1132","سكينه خشب كبير","7.5","15","15","15","15","سكينه خشب كبير","","12","90","0","","True","False","False","0","0","0","","","","","","0","2/9/2026 3:53:06 PM","","0","0","","False","",""
"1133","فرشه بوتجاز","13","30","30","30","30","","","40","520","0","","True","False","False","0","0","0","","","","","","0","2/9/2026 3:53:06 PM","","0","0","","False","",""
"1134","علقه شماعه","6","15","15","15","15","","","6","36","0","","True","False","False","0","0","0","","","","","","0","2/9/2026 3:53:06 PM","","0","0","","False","",""
"1135","استاند سخن سلكون","9","25","25","25","35","استاند سخن سلكون","","9","81","0","","True","False","False","0","0","0","","","","","","0","2/9/2026 3:53:06 PM","","0","0","","False","",""
"1136","قطاعه بيتزا ","10","25","25","25","25","قطاعه بيتزا","","3","30","0","","True","False","False","0","0","0","","","","","","0","2/9/2026 3:53:06 PM","","0","0","","False","",""
"1137","طاسه تيفال صغير ","30","35","35","35","40","طاسه تيفال صغير ","","5","150","0","","True","False","False","0","0","0","","","","","","0","2/9/2026 3:53:06 PM","","0","0","","False","",""
"1138","طاسه تيفال وسط","30","50","50","50","50","طاسه تيفال وسط","","7","210","0","","True","False","False","0","0","0","","","","","","0","2/9/2026 3:53:06 PM","","0","0","","False","",""
"1139","طاسه تيفال كبير ","30","60","60","60","60","طاسه تيفال كبير ","","4","120","0","","True","False","False","0","0","0","","","","","","0","2/9/2026 3:53:06 PM","","0","0","","False","",""
"1140","مساحه عربيه الوان","18","30","30","30","30","مساحه عربيه الوان","","7","126","0","","True","False","False","0","0","0","","","","","","0","2/9/2026 3:53:06 PM","","0","0","","False","",""
"1141","باسكت صغير","11","25","25","25","25","باسكت صغير","","3","33","0","","True","False","False","0","0","0","","","","","","0","2/9/2026 3:53:06 PM","","0","0","","False","",""
"1142","صنيه كاب كيك صغير","10","25","25","25","25","","","3","30","0","","True","False","False","0","0","0","","","","","","0","2/9/2026 3:53:06 PM","","0","0","","False","",""
"1143","رول مشمع","22","30","30","30","30","","","2","44","0","","True","False","False","0","0","0","","","","","","0","2/9/2026 3:53:06 PM","","0","0","","False","",""
"1144","طبق تسالي ورده","19","40","40","40","40","","","2","38","0","","True","False","False","0","0","0","","","","","","0","2/9/2026 3:53:06 PM","","0","0","","False","",""
"1145","بوله تفاحه كبيره","6.5","20","20","20","20","بوله تفاحه كبيره","","4","26","0","","True","False","False","0","0","0","","","","","","0","2/9/2026 3:53:06 PM","","0","0","","False","",""
"1146","دورق كريستال","27.5","50","50","50","50","","","9","247.5","0","","True","False","False","0","0","0","","","","","","0","2/9/2026 3:53:06 PM","","0","0","","False","",""
"1147","مصفه قلب","15","30","30","30","30","","","3","45","0","","True","False","False","0","0","0","","","","","","0","2/9/2026 3:53:06 PM","","0","0","","False","",""
"1148","منظم درج","19","35","35","35","35","","","6","114","0","","True","False","False","0","0","0","","","","","","0","2/9/2026 3:53:06 PM","","0","0","","False","",""
"1149","عصاره برتقال","6","20","20","20","20","عصاره برتقال","","3","18","0","","True","False","False","0","0","0","","","","","","0","2/9/2026 3:53:06 PM","","0","0","","False","",""
"1150","منخل استليس","22.5","45","45","45","45","منخل استليس","","3","67.5","0","","True","False","False","0","0","0","","","","","","0","2/9/2026 3:53:06 PM","","0","0","","False","",""
"1151","كوبيه بالشليموه","6.5","20","20","20","20","","","8","52","0","","True","False","False","0","0","0","","","","","","0","2/9/2026 3:53:06 PM","","0","0","","False","",""
"1152","شماعه طرح","15","40","40","40","40","شماعه طرح","","3","45","0","","True","False","False","0","0","0","","","","","","0","2/9/2026 3:53:06 PM","","0","0","","False","",""
"1153","حافظه كيك","30","60","60","60","60","","","5","150","0","","True","False","False","0","0","0","","","","","","0","2/9/2026 3:53:06 PM","","0","0","","False","",""
"1154","جروف صغير بافرشه","5","10","10","10","10","جروف صغير بافرشه","","12","60","0","","True","False","False","0","0","0","","","","","","0","2/9/2026 3:53:06 PM","","0","0","","False","",""
"1155","كيس حلويات ","16.5","30","30","30","35","كيس حلويات ","","14","231","0","","True","False","False","0","0","0","","","","","","0","2/9/2026 3:53:06 PM","","0","0","","False","",""
"1156","اسليبر سجاد ","20","35","35","35","35","اسليبر سجاد ","","6","120","0","","True","False","False","0","0","0","","","","","","0","2/9/2026 3:53:06 PM","","0","0","","False","",""
"1157","حامل تليفون ","7.5","20","20","20","20","حامل تليفون ","","4","30","0","","True","False","False","0","0","0","","","","","","0","2/9/2026 3:53:06 PM","","0","0","","False","",""
"1158","استاند وطنيه 4 دور","145","160","160","160","190","استاند وطنيه 4 دور","","7","1015","0","","True","False","False","0","0","0","","","","","","0","2/9/2026 3:53:06 PM","","0","0","","False","",""
"1159","استاند وطنيه 3دور","95","140","140","140","140","استاند وطنيه 3دور","","4","380","0","","True","False","False","0","0","0","","","","","","0","2/9/2026 3:53:06 PM","","0","0","","False","",""
"1160","جونتي حوض كوع","15","30","30","30","30","جونتي حوض","","10","150","0","","True","False","False","0","0","0","","","","","","0","2/9/2026 3:53:06 PM","","0","0","","False","",""
"1161","جونتي سيليكون ","20","30","30","30","35","","","5","100","0","","True","False","False","0","0","0","","","","","","0","2/9/2026 3:53:06 PM","","0","0","","False","",""
"1162","turbo الوطنيه 4","105","150","150","150","150","","","5","525","0","","True","False","False","0","0","0","","","","","","0","2/9/2026 3:53:06 PM","","0","0","","False","",""
"1163","turbo الوطنيه 3","125","130","130","130","150","","","9","1125","0","","True","False","False","0","0","0","","","","","","0","2/9/2026 3:53:06 PM","","0","0","","False","",""
"1164","فرشه فضي","22.5","35","35","35","35","فرشه فضي","","3","67.5","0","","True","False","False","0","0","0","","","","","","0","2/9/2026 3:53:06 PM","","0","0","","False","",""
"1165","فرشه الكوره الارضيه ","20","30","30","30","30","فرشه الكوره الارضيه ","","3","60","0","","True","False","False","0","0","0","","","","","","0","2/9/2026 3:53:06 PM","","0","0","","False","",""
"1166","دورق وفير ","12.5","25","25","25","25","دورق وفير ","","3","37.5","0","","True","False","False","0","0","0","","","","","","0","2/9/2026 3:53:06 PM","","0","0","","False","",""
"1167","مصفه مجوز","25","40","40","40","40","","","4","100","0","","True","False","False","0","0","0","","","","","","0","2/9/2026 3:53:06 PM","","0","0","","False","",""
"1168","قطار كبير","95","50","50","50","150","قطار وسط","","17","1615","0","","True","False","False","0","0","0","","","","","","0","2/9/2026 3:53:06 PM","","0","0","","False","",""
"1169","الوان GELCY كبير 12 لون","17","20","20","20","35","الوان GELCY كبير 12 لون","","25","1952","0","","True","False","False","0","0","0","","","0","1","0","0","2/9/2026 3:53:06 PM","","0","0","","False","",""
"1170","كوره RACKET","13","15","15","15","20","كوره RACKET","","22","286","0","","True","False","False","0","0","0","","","","","","0","2/9/2026 3:53:06 PM","","0","0","","False","",""
"1171","طقم HIGH LITER dig","20","15","15","15","30","طقم HIGH LITER SPORT","","14","280","0","","True","False","False","0","0","0","","","","","","0","2/9/2026 3:53:06 PM","","0","0","","False","",""
"1172","اقلام فلومستر 12 لون","11.5","25","25","25","25","اقلام فلومستر 12 لون","","9","103.5","0","","True","False","False","0","0","0","","","","","","0","2/9/2026 3:53:06 PM","","0","0","","False","",""
"1173","اقلام فلومستر 6لون ","5.75","15","15","15","15","اقلام فلومستر 6لون ","","7","40.25","0","","True","False","False","0","0","0","","","","","","0","2/9/2026 3:53:06 PM","","0","0","","False","",""
"1174","استاند اقلام فلومستر 12DOMC","10","20","20","20","20","استاند اقلام فلومستر 12DOMC","","6","60","0","","True","False","False","0","0","0","","","","","","0","2/9/2026 3:53:06 PM","","0","0","","False","",""
"1175","بلوتاك فبريكاسل الوان 50جرام ","71","35","35","35","95","بلوتاك فبريكاسل ","","12","852","0","","True","False","False","0","0","0","","","","","","0","2/9/2026 3:53:06 PM","","0","0","","False","",""
"1176","الوان فبريكاسل معدن 12 لون","75","45","45","45","145","الوان فبريكاسل معدن 12 لون","","11","825","0","","True","False","False","0","0","0","","","","","","0","2/9/2026 3:53:06 PM","","0","0","","False","",""
"1177","الوان كلاسيك معدن 12 لون ","15.5","30","30","30","30","الوان كلاسيك معدن 12 لون","","3","46.5","0","","True","False","False","0","0","0","","","","","","0","2/9/2026 3:53:06 PM","","0","0","","False","",""
"1178","صمغ سائل  شفاف","6","3","3","3","20","صمغ صغير","","50","40.25","0","","True","False","False","0","0","0","","","0","1","0","0","2/9/2026 3:53:06 PM","","0","0","","False","",""
"1179","قلم DIAMOND","1.5","5","5","5","5","قلم DIAMOND","","55","82.5","0","","True","False","False","0","0","0","","","","","","0","2/9/2026 3:53:06 PM","","0","0","","False","",""
"1180","برايه مدوره","2","5","5","5","5","برايه مدوره","","45","90","0","","True","False","False","0","0","0","","","","","","0","2/9/2026 3:53:06 PM","","0","0","","False","",""
"1181","قطر الصياد","17.5","20","20","20","40","قطر الصياد","","29","507.5","0","","True","False","False","0","0","0","","","0","1","0","0","2/9/2026 3:53:06 PM","","0","0","","False","",""
"1182","صلصال 2شكل ","8","12.5","12.5","12.5","13","صلصال 2شكل ","","22","176","0","","True","False","False","0","0","0","","","","","","0","2/9/2026 3:53:06 PM","","0","0","","False","",""
"1183","كراسه رسم بياني  صغير ","8","10","10","10","15","كراسه رسم بياني ","","85","680","0","","True","False","False","0","0","0","","","","","","0","2/9/2026 3:53:06 PM","","0","0","","False","",""
"1184","دبابيس كنجارو ","5","10","10","10","10","دبابيس كنجارو ","","10","50","0","","True","False","False","0","0","0","","","","","","0","2/9/2026 3:53:06 PM","","0","0","","False","",""
"1185","الوان دومنذ12","17","35","35","35","35","الوان دومنذ12","","16","272","0","","True","False","False","0","0","0","","","","","","0","2/9/2026 3:53:06 PM","","0","0","","False","",""
"1186","الوان بريما 12 لون ","19.8","15","15","15","28","الوان بريما ","","21","415.8","0","","True","False","False","0","0","0","","","","","","0","2/9/2026 3:53:06 PM","","0","0","","False","",""
"1187","الوان بريما 6لون ","4","8","8","8","8","الوان بريما 6لون ","","6","24","0","","True","False","False","0","0","0","","","","","","0","2/9/2026 3:53:06 PM","","0","0","","False","",""
"1188","كتب تلوين للكبار ","10","20","20","20","20","كتب تلوين للكبار","","62","620","0","","True","False","False","0","0","0","","","","","","0","2/9/2026 3:53:06 PM","","0","0","","False","",""
"1189","دفتر روسومات منديلا ","15","35","35","35","25","دفتر روسومات منديلا ","","13","195","0","","True","False","False","0","0","0","","","0","1","0","0","2/9/2026 3:53:06 PM","","0","0","","False","",""
"1190","ظرف B5","22.5","2","2","2","2","ظرف B5","","72","1620","0","","True","False","False","0","0","0","","","","","","0","2/9/2026 3:53:06 PM","","0","0","","False","",""
"1191","ماوسOPTICAL","14","35","35","35","35","ماوسOPTICAL","","2","28","0","","True","False","False","0","0","0","","","","","","0","2/9/2026 3:53:06 PM","","0","0","","False","",""
"1192","ماوس OPTICAL كبير","22","55","55","55","55","ماوس OPTICAL كبير","","11","242","0","","True","False","False","0","0","0","","","","","","0","2/9/2026 3:53:06 PM","","0","0","","False","",""
"1193","MOUSE PAD","3.5","15","15","15","15","","","4","14","0","","True","False","False","0","0","0","","","","","","0","2/9/2026 3:53:06 PM","","0","0","","False","",""
"1194","كتب  تلوين صغير","5","15","15","15","10","","","36","180","0","","True","False","False","0","0","0","","","","","","0","2/9/2026 3:53:06 PM","","0","0","","False","",""
"1195","شرشوبه ","5","15","15","15","15","شرشوبه ","","13","65","0","","True","False","False","0","0","0","","","","","","0","2/9/2026 3:53:06 PM","","0","0","","False","",""
"1196","مفرمه توم ","18","35","35","35","35","مفرمه توم ","","16","288","0","","True","False","False","0","0","0","","","","","","0","2/9/2026 3:53:06 PM","","0","0","","False","",""
"1197","ليفه","2.5","7.5","7.5","7.5","10","","","35","87.5","0","","True","False","False","0","0","0","","","","","","0","2/9/2026 3:53:06 PM","","0","0","","False","",""
"1198","ليفه سيلك","5","10","10","10","10","","","27","135","0","","True","False","False","0","0","0","","","","","","0","2/9/2026 3:53:06 PM","","0","0","","False","",""
"1199","رول امتصاص الزيت","18","35","35","35","35","","","41","738","0","","True","False","False","0","0","0","","","","","","0","2/9/2026 3:53:06 PM","","0","0","","False","",""
"1200","مغناطيس ثلاجه فاكهه","7.5","35","35","35","20","مغناطيس ثلاجه فاكهه","","7","52.5","0","","True","False","False","0","0","0","","","","","","0","2/9/2026 3:53:06 PM","","0","0","","False","",""
"1201","كارت مغناطيس ","10","25","25","25","25","","","39","390","0","","True","False","False","0","0","0","","","","","","0","2/9/2026 3:53:06 PM","","0","0","","False","",""
"1202","منظم البيض","18","30","30","30","30","","","1","18","0","","True","False","False","0","0","0","","","","","","0","2/9/2026 3:53:06 PM","","0","0","","False","",""
"1203","علبه خزين صغيرر","20","35","35","35","35","","","13","260","0","","True","False","False","0","0","0","","","","","","0","2/9/2026 3:53:06 PM","","0","0","","False","",""
"1204","فرشه سراميك","7","20","20","20","20","","","1","7","0","","True","False","False","0","0","0","","","","","","0","2/9/2026 3:53:06 PM","","0","0","","False","",""
"1205","قمع سيليكون","8","25","25","25","25","","","5","40","0","","True","False","False","0","0","0","","","","","","0","2/9/2026 3:53:06 PM","","0","0","","False","",""
"1206","استيكر ثلاجه ","18","35","35","35","35","","","3","54","0","","True","False","False","0","0","0","","","","","","0","2/9/2026 3:53:06 PM","","0","0","","False","",""
"1207","مصفاه استنلس بيد كبيره","20","35","35","35","35","مصفاه استنلس بيد كبيره","","3","60","0","","True","False","False","0","0","0","","","","","","0","2/9/2026 3:53:06 PM","","0","0","","False","",""
"1208","CALY طين","12.5","25","25","25","25","CALY طين","","1","12.5","0","","True","False","False","0","0","0","","","","","","0","2/9/2026 3:53:06 PM","","0","0","","False","",""
"1209","قلم العطار","2","7","7","7","5","قلم العطار","","12","24","0","","True","False","False","0","0","0","","","","","","0","2/9/2026 3:53:06 PM","","0","0","","False","",""
"1210","قلم SKORE","2","4","4","4","4","قلم SKORE","","10","20","0","","True","False","False","0","0","0","","","","","","0","2/9/2026 3:53:06 PM","","0","0","","False","",""
"1211","قلم VEER","2","5","5","5","5","قلم VEER","","20","40","0","","True","False","False","0","0","0","","","","","","0","2/9/2026 3:53:06 PM","","0","0","","False","",""
"1212","قلم NATARJ","1","3","3","3","3","قلم NATARJ","","10","10","0","","True","False","False","0","0","0","","","","","","0","2/9/2026 3:53:06 PM","","0","0","","False","",""
"1213","كشكول سلك فواصل الوان 6","30","50","50","50","50","كشكول سلك فواصل الوان 6","","2","60","0","","True","False","False","0","0","0","","","","","","0","2/9/2026 3:53:06 PM","","0","0","","False","",""
"1214","كشكول سلك فواصل الوان 5","25","45","45","45","45","","","5","125","0","","True","False","False","0","0","0","","","","","","0","2/9/2026 3:53:06 PM","","0","0","","False","",""
"1215","كوتشينه بلاستيك مفرد","7.5","15","15","15","15","","","27","202.5","0","","True","False","False","0","0","0","","","","","","0","2/9/2026 3:53:06 PM","","0","0","","False","",""
"1216","محفضه فرعوني","5","20","20","20","20","","","2","10","0","","True","False","False","0","0","0","","","","","","0","2/9/2026 3:53:06 PM","","0","0","","False","",""
"1217","شماعه فوطه","6.5","15","15","15","15","","","3","19.5","0","","True","False","False","0","0","0","","","","","","0","2/9/2026 3:53:06 PM","","0","0","","False","",""
"1218","خلاعه زتون","15","25","25","25","25","","","1","15","0","","True","False","False","0","0","0","","","","","","0","2/9/2026 3:53:06 PM","","0","0","","False","",""
"1219","حاجز مانع طرطشه","18","30","30","30","30","","","13","234","0","","True","False","False","0","0","0","","","","","","0","2/9/2026 3:53:06 PM","","0","0","","False","",""
"1220","عصاره ليمون","15","25","25","25","25","","","8","120","0","","True","False","False","0","0","0","","","","","","0","2/9/2026 3:53:06 PM","","0","0","","False","",""
"1221","خله شيش","8","20","20","20","20","","","6","48","0","","True","False","False","0","0","0","","","","","","0","2/9/2026 3:53:06 PM","","0","0","","False","",""
"1222","جونتي فرن","8","15","15","15","15","","","3","24","0","","True","False","False","0","0","0","","","","","","0","2/9/2026 3:53:06 PM","","0","0","","False","",""
"1223","ليفه سحريه","4","10","10","10","10","","","56","224","0","","True","False","False","0","0","0","","","","","","0","2/9/2026 3:53:06 PM","","0","0","","False","",""
"1224","ليفه كربون مفرد","4","10","10","10","10","","","23","92","0","","True","False","False","0","0","0","","","","","","0","2/9/2026 3:53:06 PM","","0","0","","False","",""
"1225","كوبيه اطفال","5","15","15","15","15","","","12","60","0","","True","False","False","0","0","0","","","","","","0","2/9/2026 3:53:06 PM","","0","0","","False","",""
"1226","خله شيش ص","4","10","10","10","10","","","20","80","0","","True","False","False","0","0","0","","","","","","0","2/9/2026 3:53:06 PM","","0","0","","False","",""
"1227","شياطه","7","15","15","15","15","","","19","133","0","","True","False","False","0","0","0","","","","","","0","2/9/2026 3:53:06 PM","","0","0","","False","",""
"1228","شياطه اسود","8.5","20","20","20","20","","","20","170","0","","True","False","False","0","0","0","","","","","","0","2/9/2026 3:53:06 PM","","0","0","","False","",""
"1229","لمامه صغير","10","25","25","25","25","","","3","30","0","","True","False","False","0","0","0","","","","","","0","2/9/2026 3:53:06 PM","","0","0","","False","",""
"1230","مشبك بطانيه","9","25","25","25","25","","","4","36","0","","True","False","False","0","0","0","","","","","","0","2/9/2026 3:53:06 PM","","0","0","","False","",""
"1231","اغطيه سليكون","20","35","35","35","35","اغطيه سليكون","","12","240","0","","True","False","False","0","0","0","","","","","","0","2/9/2026 3:53:06 PM","","0","0","","False","",""
"1232","علبه صابون وليفه","25","35","35","35","35","علبه صابون وليفه","","1","25","0","","True","False","False","0","0","0","","","","","","0","2/9/2026 3:53:06 PM","","0","0","","False","",""
"1233","قلم سبوره روتو 4في 1","11","25","25","25","25","قلم سبوره روتو 4في 1","","2","22","0","","True","False","False","0","0","0","","","","","","0","2/9/2026 3:53:06 PM","","0","0","","False","",""
"1234","برفان حريمي ","25","55","55","55","55","برفان حريمي ","","2","50","0","","True","False","False","0","0","0","","","","","","0","2/9/2026 3:53:06 PM","","0","0","","False","",""
"1235","برفان حريمي GOOD ","20","45","45","45","45","برفان حريمي GOOD ","","1","20","0","","True","False","False","0","0","0","","","","","","0","2/9/2026 3:53:06 PM","","0","0","","False","",""
"1236","علبه بقوليات  كبير ","16","50","50","50","50","علبه بقوليات  كبير ","","2","32","0","","True","False","False","0","0","0","","","","","","0","2/9/2026 3:53:06 PM","","0","0","","False","",""
"1237","مصفى سيما جمبو ","13.5","25","25","25","25","مصفى سيما جمبو ","","3","40.5","0","","True","False","False","0","0","0","","","","","","0","2/9/2026 3:53:06 PM","","0","0","","False","",""
"1238","دورق تقليب ","28","55","55","55","55","دورق تقليب ","","14","392","0","","True","False","False","0","0","0","","","","","","0","2/9/2026 3:53:06 PM","","0","0","","False","",""
"1239","مصفى يد بلاستك ","8.5","20","20","20","20","مصفى يد بلاستك ","","8","68","0","","True","False","False","0","0","0","","","","","","0","2/9/2026 3:53:06 PM","","0","0","","False","",""
"1240","استاند معالق للطبخ","6","15","15","15","20","استاند معالق للطبخ","","24","144","0","","True","False","False","0","0","0","","","","","","0","2/9/2026 3:53:06 PM","","0","0","","False","",""
"1241","باسكت كبير زباله","65","90","90","90","90","باسكت كبير زباله","","2","130","0","","True","False","False","0","0","0","","","","","","0","2/9/2026 3:53:06 PM","","0","0","","False","",""
"1242","مج زجاج ","27","40","40","40","40","مج زجاج ","","29","783","0","","True","False","False","0","0","0","","","","","","0","2/9/2026 3:53:06 PM","","0","0","","False","",""
"1243","رياشه ","10","15","15","15","15","رياشه ","","2","20","0","","True","False","False","0","0","0","","","","","","0","2/9/2026 3:53:06 PM","","0","0","","False","",""
"1244","مشابك زان ","12","20","20","20","20","مشابك زان ","","37","444","0","","True","False","False","0","0","0","","","","","","0","2/9/2026 3:53:06 PM","","0","0","","False","",""
"1245","منخل 6*1","45","70","70","70","70","منخل 6*1","","2","90","0","","True","False","False","0","0","0","","","","","","0","2/9/2026 3:53:06 PM","","0","0","","False","",""
"1246","عصاره برتقال كبير ","15","30","30","30","30","عصاره برتقال كبير ","","7","105","0","","True","False","False","0","0","0","","","","","","0","2/9/2026 3:53:06 PM","","0","0","","False","",""
"1247","قالب كب كيك تيفال ","30","40","40","40","55","قالب كب كيك ","","9","270","0","","True","False","False","0","0","0","","","","","","0","2/9/2026 3:53:06 PM","","0","0","","False","",""
"1248","ميزان ديجيتال","75","80","80","80","120","ميزان ديجيتال","","8","600","0","","True","False","False","0","0","0","","","","","","0","2/9/2026 3:53:06 PM","","0","0","","False","",""
"1249","جهاز لقمه القاضي","30","50","50","50","50","جهاز لقمه القاضي","","9","270","0","","True","False","False","0","0","0","","","","","","0","2/9/2026 3:53:06 PM","","0","0","","False","",""
"1250","درج اكسروراس","21","45","45","45","45","درج اكسروراس","","3","63","0","","True","False","False","0","0","0","","","","","","0","2/9/2026 3:53:06 PM","","0","0","","False","",""
"1251","فواره لبن","15","25","25","25","30","فواره لبن","","3","45","0","","True","False","False","0","0","0","","","","","","0","2/9/2026 3:53:06 PM","","0","0","","False","",""
"1252","عجله بيتزا بلاستك ","10","25","25","25","25","عجله بيتزا بلاستك ","","3","30","0","","True","False","False","0","0","0","","","","","","0","2/9/2026 3:53:06 PM","","0","0","","False","",""
"1253","علبه ايس كريم ","15","25","25","25","30","علبه ايس كريم ","","6","90","0","","True","False","False","0","0","0","","","","","","0","2/9/2026 3:53:06 PM","","0","0","","False","",""
"1254","فرشه 3*1 على كرت ","7","25","25","25","25","فرشه 3*1 على كرت ","","5","35","0","","True","False","False","0","0","0","","","","","","0","2/9/2026 3:53:06 PM","","0","0","","False","",""
"1255","بونيه شعر فوطه","10","30","30","30","30","بونيه شعر فوطه","","6","60","0","","True","False","False","0","0","0","","","","","","0","2/9/2026 3:53:06 PM","","0","0","","False","",""
"1256","فرشه تواليت","15","25","25","25","30","فرشه تواليت","","8","120","0","","True","False","False","0","0","0","","","","","","0","2/9/2026 3:53:06 PM","","0","0","","False","",""
"1257","شكله عجين","7","25","25","25","25","شكله عجين","","6","42","0","","True","False","False","0","0","0","","","","","","0","2/9/2026 3:53:06 PM","","0","0","","False","",""
"1258","قالب ثلج ","15","25","25","25","25","قالب ثلج ","","3","45","0","","True","False","False","0","0","0","","","","","","0","2/9/2026 3:53:06 PM","","0","0","","False","",""
"1259","هراسه توم استلس","18","30","30","30","30","هراسه توم استلس","","14","252","0","","True","False","False","0","0","0","","","","","","0","2/9/2026 3:53:06 PM","","0","0","","False","",""
"1260","لفه خيار ","12.5","25","25","25","25","لفه خيار ","","2","25","0","","True","False","False","0","0","0","","","","","","0","2/9/2026 3:53:06 PM","","0","0","","False","",""
"1261","مانع البالل ","10","25","25","25","25","مانع البالل ","","3","30","0","","True","False","False","0","0","0","","","","","","0","2/9/2026 3:53:06 PM","","0","0","","False","",""
"1262","سلاكه حوض","10","25","25","25","25","","","10","100","0","","True","False","False","0","0","0","","","","","","0","2/9/2026 3:53:06 PM","","0","0","","False","",""
"1263","شماعه باب استنلس","14","30","30","30","30","","","42","588","0","","True","False","False","0","0","0","","","","","","0","2/9/2026 3:53:06 PM","","0","0","","False","",""
"1264","فويل بوتوجاز عيون","10","25","25","25","25","فويل بوتوجاز عيون","","13","130","0","","True","False","False","0","0","0","","","","","","0","2/9/2026 3:53:06 PM","","0","0","","False","",""
"1265","غطا سلك للاكل صغير","14","25","25","25","25","غطا سلك للاكل صغير","","8","112","0","","True","False","False","0","0","0","","","","","","0","2/9/2026 3:53:06 PM","","0","0","","False","",""
"1266","غطا سلك للاكل كبير ","16","30","30","30","30","غطا سلك للاكل كبير","","6","96","0","","True","False","False","0","0","0","","","","","","0","2/9/2026 3:53:06 PM","","0","0","","False","",""
"1267","صواني كيك كلبس","110","160","160","160","160","صواني كيك كلبس","","3","330","0","","True","False","False","0","0","0","","","","","","0","2/9/2026 3:53:06 PM","","0","0","","False","",""
"1268","TOM صغير","55","100","100","100","100","TOM صغير","","2","110","0","","True","False","False","0","0","0","","","","","","0","2/9/2026 3:53:06 PM","","0","0","","False","",""
"1269","اودي على كارت","18","45","45","45","45","اودي على كارت","","3","54","0","","True","False","False","0","0","0","","","","","","0","2/9/2026 3:53:06 PM","","0","0","","False","",""
"1270","باظ يطير على كارت","18","45","45","45","45","باظ يطير على كارت","","3","54","0","","True","False","False","0","0","0","","","","","","0","2/9/2026 3:53:06 PM","","0","0","","False","",""
"1271","شاحنة بوليس ","24","45","45","45","45","شاحنة بوليس ","","3","72","0","","True","False","False","0","0","0","","","","","","0","2/9/2026 3:53:06 PM","","0","0","","False","",""
"1272","استند باسكت بول","25","55","55","55","55","استند باسكت بول","","11","275","0","","True","False","False","0","0","0","","","","","","0","2/9/2026 3:53:06 PM","","0","0","","False","",""
"1273","كرت ساعه نظاره ","13","35","35","35","35","كرت ساعه نظاره ","","3","39","0","","True","False","False","0","0","0","","","","","","0","2/9/2026 3:53:06 PM","","0","0","","False","",""
"1274","شمع فواحه بالوحده","0.7","3","3","3","3","شمع فواحه","","60","42","0","","True","False","False","0","0","0","","","","","","0","2/9/2026 3:53:06 PM","","0","0","","False","",""
"1275","بابلز BEN 10","3.5","7","7","7","7","بابلز BEN 10","","60","210","0","","True","False","False","0","0","0","","","","","","0","2/9/2026 3:53:06 PM","","0","0","","False","",""
"1276","حلق استراس","10","25","25","25","25","حلق استراس","","4","40","0","","True","False","False","0","0","0","","","","","","0","2/9/2026 3:53:06 PM","","0","0","","False","",""
"1277","BABY BOY","75","120","120","120","120","BABY BOY","","3","225","0","","True","False","False","0","0","0","","","","","","0","2/9/2026 3:53:06 PM","","0","0","","False","",""
"1278","علبة خرز صغير ","35","65","65","65","65","علبة خرز صغير ","","2","70","0","","True","False","False","0","0","0","","","","","","0","2/9/2026 3:53:06 PM","","0","0","","False","",""
"1279","علبه BASKETBALL","53","95","95","95","95","علبه BASKETBALL","","2","106","0","","True","False","False","0","0","0","","","","","","0","2/9/2026 3:53:06 PM","","0","0","","False","",""
"1280","4 شخصيات على كرت","35","75","75","75","75","4 شخصيات على كرت","","2","70","0","","True","False","False","0","0","0","","","","","","0","2/9/2026 3:53:06 PM","","0","0","","False","",""
"1281","عربيه ببجي على الحيط ","180","250","250","250","250","عربيه ببجي على الحيط ","","3","540","0","","True","False","False","0","0","0","","","","","","0","2/9/2026 3:53:06 PM","","0","0","","False","",""
"1282","كيس ننجا ","35","60","60","60","60","كيس ننجا ","","6","210","0","","True","False","False","0","0","0","","","","","","0","2/9/2026 3:53:06 PM","","0","0","","False","",""
"1283","كارت فواكه عربيه ","65","55","55","55","165","كارت فواكه عربيه ","","3","195","0","","True","False","False","0","0","0","","","","","","0","2/9/2026 3:53:06 PM","","0","0","","False","",""
"1284","عبيه متحوله لون اصفر ","10","25","25","25","25","عبيه متحوله لون اصفر ","","3","30","0","","True","False","False","0","0","0","","","","","","0","2/9/2026 3:53:06 PM","","0","0","","False","",""
"1285","كارت عربيات حرب ","30","60","60","60","60","كارت عربيات حرب ","","2","60","0","","True","False","False","0","0","0","","","","","","0","2/9/2026 3:53:06 PM","","0","0","","False","",""
"1286","كيس بالونات وسط ","8","15","15","15","15","كيس بالونات وسط ","","60","480","0","","True","False","False","0","0","0","","","","","","0","2/9/2026 3:53:06 PM","","0","0","","False","",""
"1287","كارت بيتزا بنات ","85","60","60","60","150","كارت بيتزا كاشير","","14","1190","0","","True","False","False","0","0","0","","","","","","0","2/9/2026 3:53:06 PM","","0","0","","False","",""
"1288","كوره مكسا ","125","80","80","80","285","","","100","12500","0","","True","False","False","0","0","0","","","0","1","0","0","2/9/2026 3:53:06 PM","","0","0","","False","",""
"1289","كمنجا","35","65","65","65","65","كمنجا","","2","70","0","","True","False","False","0","0","0","","","","","","0","2/9/2026 3:53:06 PM","","0","0","","False","",""
"1290"," استند عرايس  فروزن  ","8","20","20","20","20","عرايس  فروزن كيس ","","49","392","0","","True","False","False","0","0","0","","","","","","0","2/9/2026 3:53:06 PM","","0","0","","False","",""
"1291","مسدس انوار بحجاره ","12","30","30","30","30","مسدس انوار بحجاره ","","6","72","0","","True","False","False","0","0","0","","","","","","0","2/9/2026 3:53:06 PM","","0","0","","False","",""
"1292","شخصيه بات مان وسوبر مان ","30","55","55","55","55","شخصيه بات مان وسوبر مان ","","8","240","0","","True","False","False","0","0","0","","","","","","0","2/9/2026 3:53:06 PM","","0","0","","False","",""
"1293","بلونا ت كيس لون واحد ","2.5","10","10","10","10","بلونا ت كيس لون واحد ","","12","30","0","","True","False","False","0","0","0","","","","","","0","2/9/2026 3:53:06 PM","","0","0","","False","",""
"1294","توابل بيض ","3.5","10","10","10","10","","","15","52.5","0","","True","False","False","0","0","0","","","","","","0","2/9/2026 3:53:06 PM","","0","0","","False","",""
"1295","دبل فيس شفاف ص","18","30","30","30","30","دبل فيس شفاف ","","15","270","0","","True","False","False","0","0","0","","","","","","0","2/9/2026 3:53:06 PM","","0","0","","False","",""
"1296","مسدس نشان 3 قطع","30","60","60","60","60","مسدس نشان 3 قطع","","3","90","0","","True","False","False","0","0","0","","","","","","0","2/9/2026 3:53:06 PM","","0","0","","False","",""
"1297","كارت فاكهه","30","55","55","55","55","كارت فاكهه","","2","60","0","","True","False","False","0","0","0","","","","","","0","2/9/2026 3:53:06 PM","","0","0","","False","",""
"1298","لبس شخصيات ","33","90","90","90","90","لبس شخصيات ","","6","198","0","","True","False","False","0","0","0","","","","","","0","2/9/2026 3:53:06 PM","","0","0","","False","",""
"1299","حافظه ورق 40ورقه ","35","50","50","50","45","","","35","630","0","","True","False","False","0","0","0","","","0","1","0","0","2/9/2026 3:53:06 PM","","0","0","","False","",""
"1300","حافظه ورق 30","30","40","40","40","40","","","22","660","0","","True","False","False","0","0","0","","","","","","0","2/9/2026 3:53:06 PM","","0","0","","False","",""
"1301","حافظه ورق 20","25","30","30","30","35","","","15","1200","0","","True","False","False","0","0","0","","","0","1","0","0","2/9/2026 3:53:06 PM","","0","0","","False","",""
"1302","حافظه ورق 10ورقه","15","20","20","20","30","حافظه ورق 10ورقه","","25","630","0","","True","False","False","0","0","0","","","0","1","0","0","2/9/2026 3:53:06 PM","","0","0","","False","",""
"1303","حافظه ورق 10 اخف ","10","15","15","15","15","حافظه ورق 10 اخف ","","6","60","0","","True","False","False","0","0","0","","","","","","0","2/9/2026 3:53:06 PM","","0","0","","False","",""
"1304","حافظه ورق  خفيفه30","10","25","25","25","25","","","3","30","0","","True","False","False","0","0","0","","","","","","0","2/9/2026 3:53:06 PM","","0","0","","False","",""
"1305","مسدس مياه","10","30","30","30","30","مسدس مياه","","8","80","0","","True","False","False","0","0","0","","","","","","0","2/9/2026 3:53:06 PM","","0","0","","False","",""
"1306","مسدس ميايه خزان","30","60","60","60","60","مسدس ميايه خزان","","1","30","0","","True","False","False","0","0","0","","","","","","0","2/9/2026 3:53:06 PM","","0","0","","False","",""
"1307","الوان زيت","20","35","35","35","35","الوان زيت","","1","20","0","","True","False","False","0","0","0","","","","","","0","2/9/2026 3:53:06 PM","","0","0","","False","",""
"1308","عداد منتسوري يوسي ماث","50","100","100","100","100","","","1","50","0","","True","False","False","0","0","0","","","","","","0","2/9/2026 3:53:06 PM","","0","0","","False","",""
"1309","بوله بلاستك","3","5","5","5","5","","","4","12","0","","True","False","False","0","0","0","","","","","","0","2/9/2026 3:53:06 PM","","0","0","","False","",""
"1310","index كبير ","30","50","50","50","50","index كبير ","","6","180","0","","True","False","False","0","0","0","","","","","","0","2/9/2026 3:53:06 PM","","0","0","","False","",""
"1311","index صغير","22.5","40","40","40","40","index صغير","","12","270","0","","True","False","False","0","0","0","","","","","","0","2/9/2026 3:53:06 PM","","0","0","","False","",""
"1312","سوسته اطفال ","5","10","10","10","10","سوسته اطفال ","","11","55","0","","True","False","False","0","0","0","","","","","","0","2/9/2026 3:53:06 PM","","0","0","","False","",""
"1313","ماوس وير لس gammr GT-154","50","75","75","75","120","","","30","1500","0","","True","False","False","0","0","0","","","","","","0","2/9/2026 3:53:06 PM","","0","0","","False","",""
"1314","index 90ورقه مع قلم ","7.25","20","20","20","20","index 90ورقه مع قلم ","","5","36.25","0","","True","False","False","0","0","0","","","","","","0","2/9/2026 3:53:06 PM","","0","0","","False","",""
"1315","شفاط صغير","6","12","12","12","12","شفاط صغير","","5","30","0","","True","False","False","0","0","0","","","","","","0","2/9/2026 3:53:06 PM","","0","0","","False","",""
"1316","طقم pensan قلم8 ","19.5","40","40","40","40","طقم pensan قلم8 ","","5","97.5","0","","True","False","False","0","0","0","","","","","","0","2/9/2026 3:53:06 PM","","0","0","","False","",""
"1317","نوته سلك صغير XL","9","15","15","15","15","نوته سلك صغير XL","","4","36","0","","True","False","False","0","0","0","","","","","","0","2/9/2026 3:53:06 PM","","0","0","","False","",""
"1318","قلم BIG BOSS","2.2","10","10","10","10","قلم BIG BOSS","","72","158.4","0","","True","False","False","0","0","0","","","","","","0","2/9/2026 3:53:06 PM","","0","0","","False","",""
"1319","قلم جاف سوسته FABERCASTELL","16","10","10","10","22","قلم جاف سوسته FABERCASELL","","120","1920","0","","True","False","False","0","0","0","","","","","","0","2/9/2026 3:53:06 PM","","0","0","","False","",""
"1320","ظرف هدايا صغير","0.2","1","1","1","2","ظرف هدايا صغير","","225","45","0","","True","False","False","0","0","0","","","","","","0","2/9/2026 3:53:06 PM","","0","0","","False","",""
"1321","شنطه هدايا وسط عريض","4","10","10","10","10","شنطه هدايا وسط عريض","","48","192","0","","True","False","False","0","0","0","","","","","","0","2/9/2026 3:53:06 PM","","0","0","","False","",""
"1322","بازل مقسوم","35","50","50","50","50","","","2","70","0","","True","False","False","0","0","0","","","","","","0","2/9/2026 3:53:06 PM","","0","0","","False","",""
"1323","بازل اشكال هندسيه مقسوم","25","35","35","35","35","","","1","25","0","","True","False","False","0","0","0","","","","","","0","2/9/2026 3:53:06 PM","","0","0","","False","",""
"1324","كتب تنميه مهارات","5","15","15","15","15","","","4","20","0","","True","False","False","0","0","0","","","","","","0","2/9/2026 3:53:06 PM","","0","0","","False","",""
"1325","قران كريم ","3","10","10","10","10","","","21","63","0","","True","False","False","0","0","0","","","","","","0","2/9/2026 3:53:06 PM","","0","0","","False","",""
"1326","كراسه 9 اسطر 28 ورقه","7","4","4","4","10","كراسه 9 اسطر 28 ورقه","","139","973","0","","True","False","False","0","0","0","","","0","1","0","0","2/9/2026 3:53:06 PM","","0","0","","False","",""
"1327","كشكول عربي 60 ورقه منترا","11.5","6","6","6","15","كشكول عربي 60 ورقه ","","600","16280","0","","True","False","False","0","0","0","","","0","1","0","0","2/9/2026 3:53:06 PM","","0","0","","False","",""
"1328","كراسه 40 ورقه 9اسطر","9","5","5","5","13","كراسه 40 ورقه عربي","","84","2600","0","","True","False","False","0","0","0","","","0","1","0","0","2/9/2026 3:53:06 PM","","0","0","","False","",""
"1329","كراسه 40 ورقه عربي","9.5","5","5","5","13","كراسه 40 ورقه عربي","","148","10450","0","","True","False","False","0","0","0","","","0","1","0","0","2/9/2026 3:53:06 PM","","0","0","","False","",""
"1330","كشكول 60 ورقه مربعات صغير","9","6","6","6","12","كشكول 60 ورقه مربعات صغير","","130","1170","0","","True","False","False","0","0","0","","","","","","0","2/9/2026 3:53:06 PM","","0","0","","False","",""
"1331","كراسه مربعات كبير 40 ورقه","8.5","4","4","4","13","كراسه مربعات كبير 40 ورقه","","220","1870","0","","True","False","False","0","0","0","","","","","","0","2/9/2026 3:53:06 PM","","0","0","","False","",""
"1332","اسكتش ورق فرغ ","8.5","20","20","20","20","","","26","221","0","","True","False","False","0","0","0","","","","","","0","2/9/2026 3:53:06 PM","","0","0","","False","",""
"1333","ورق زبده ","6","10","10","10","15","","","13","78","0","","True","False","False","0","0","0","","","","","","0","2/9/2026 3:53:06 PM","","0","0","","False","",""
"1334","جلاد كتب شخصيات كرتونيه","4","6","6","6","6","جلاد كتب شخصيات كرتونيه","","18","72","0","","True","False","False","0","0","0","","","","","","0","2/9/2026 3:53:06 PM","","0","0","","False","",""
"1335","عربية كبيره","15","25","25","25","25","عربية كبيره","","1","15","0","","True","False","False","0","0","0","","","","","","0","2/9/2026 3:53:06 PM","","0","0","","False","",""
"1336","شاليمو عادي ","5","20","20","20","25","","","20","100","0","","True","False","False","0","0","0","","","","","","0","2/9/2026 3:53:06 PM","","0","0","","False","",""
"1337","كوبيات زجاج اوريجينال","50","70","70","70","85","","","7","350","0","","True","False","False","0","0","0","","","","","","0","2/9/2026 3:53:06 PM","","0","0","","False","",""
"1338","ممج زجاج صغير ","20","35","35","35","35","","","6","120","0","","True","False","False","0","0","0","","","","","","0","2/9/2026 3:53:06 PM","","0","0","","False","",""
"1339","كوبيات باوحده ","4","7","7","7","7","كوبيات باوحده ","","48","192","0","","True","False","False","0","0","0","","","","","","0","2/9/2026 3:53:06 PM","","0","0","","False","",""
"1340","نشابه خشب ","16","30","30","30","30","نشابه خشب ","","6","96","0","","True","False","False","0","0","0","","","","","","0","2/9/2026 3:53:06 PM","","0","0","","False","",""
"1341","بصامه ععجين","27","50","50","50","50","بصامه ععجين","","4","108","0","","True","False","False","0","0","0","","","","","","0","2/9/2026 3:53:06 PM","","0","0","","False","",""
"1342","علبه بقوليات 3في1","40","90","90","90","90","علبه بقوليات 3في1","","2","80","0","","True","False","False","0","0","0","","","","","","0","2/9/2026 3:53:06 PM","","0","0","","False","",""
"1343","قرطاس ورد مجفف","5","10","10","10","10","قرطاس ورد مجفف","","6","30","0","","True","False","False","0","0","0","","","","","","0","2/9/2026 3:53:06 PM","","0","0","","False","",""
"1344","صفاية معالق استاليس","27","55","55","55","55","صفاية معالق استاليس","","3","81","0","","True","False","False","0","0","0","","","","","","0","2/9/2026 3:53:06 PM","","0","0","","False","",""
"1345","علب كاتشب ","8","20","20","20","20","","","2","16","0","","True","False","False","0","0","0","","","","","","0","2/9/2026 3:53:06 PM","","0","0","","False","",""
"1346","مشبك غلق اكياس","10","20","20","20","20","صفاية معالق استاليس","","6","60","0","","True","False","False","0","0","0","","","","","","0","2/9/2026 3:53:06 PM","","0","0","","False","",""
"1347","بوك بناتي","12","25","25","25","25","بوك بناتي","","22","264","0","","True","False","False","0","0","0","","","","","","0","2/9/2026 3:53:06 PM","","0","0","","False","",""
"1348"," costar","12","12","12","12","25"," costar","","3","36","0","","True","False","False","0","0","0","","","","","","0","2/9/2026 3:53:06 PM","","0","0","","False","",""
"1349","بوله اكليرك","22","40","40","40","40","بوله اكليرك","","5","110","0","","True","False","False","0","0","0","","","","","","0","2/9/2026 3:53:06 PM","","0","0","","False","",""
"1350","غلاف تلاجه","5","20","20","20","20","غلاف تلاجه","","12","60","0","","True","False","False","0","0","0","","","","","","0","2/9/2026 3:53:06 PM","","0","0","","False","",""
"1351","باسكت خضار ص","10","20","20","20","20","","","2","20","0","","True","False","False","0","0","0","","","","","","0","2/9/2026 3:53:06 PM","","0","0","","False","",""
"1352","كيس غساله شربات ","5","10","10","10","10","","","16","80","0","","True","False","False","0","0","0","","","","","","0","2/9/2026 3:53:06 PM","","0","0","","False","",""
"1353","coffe catel","15","35","35","35","35","","","2","30","0","","True","False","False","0","0","0","","","","","","0","2/9/2026 3:53:06 PM","","0","0","","False","",""
"1354","شماعه بطلون حديد","10","20","20","20","25","","","14","140","0","","True","False","False","0","0","0","","","","","","0","2/9/2026 3:53:06 PM","","0","0","","False","",""
"1355","شماعة مطبخ","15","25","25","25","35","","","24","360","0","","True","False","False","0","0","0","","","","","","0","2/9/2026 3:53:06 PM","","0","0","","False","",""
"1356"," شماعه طرح دائربه","20","35","35","35","35","","","2","40","0","","True","False","False","0","0","0","","","","","","0","2/9/2026 3:53:06 PM","","0","0","","False","",""
"1357","مبشرة يد","3","10","10","10","10","","","6","18","0","","True","False","False","0","0","0","","","","","","0","2/9/2026 3:53:06 PM","","0","0","","False","",""
"1358","علقة فرش","7","15","15","15","15","","","14","98","0","","True","False","False","0","0","0","","","","","","0","2/9/2026 3:53:06 PM","","0","0","","False","",""
"1359","costar خشب","7","15","15","15","15","","","2","14","0","","True","False","False","0","0","0","","","","","","0","2/9/2026 3:53:06 PM","","0","0","","False","",""
"1360","علبه madstar","30","35","35","35","40","علبه madstar","","1","30","0","","True","False","False","0","0","0","","","","","","0","2/9/2026 3:53:06 PM","","0","0","","False","",""
"1361","استاند حلويات","40","75","75","75","75","استاند حلويات","","2","80","0","","True","False","False","0","0","0","","","","","","0","2/9/2026 3:53:06 PM","","0","0","","False","",""
"1362","ساعات اطفال ضرب","12.5","25","25","25","25","","","3","37.5","0","","True","False","False","0","0","0","","","","","","0","2/9/2026 3:53:06 PM","","0","0","","False","",""
"1363","دبل فيس شفاف متر","20","35","35","35","35","","","10","200","0","","True","False","False","0","0","0","","","","","","0","2/9/2026 3:53:06 PM","","0","0","","False","",""
"1364","شنط وسط بنات","17","40","40","40","40","","","21","357","0","","True","False","False","0","0","0","","","","","","0","2/9/2026 3:53:06 PM","","0","0","","False","",""
"1365","استيكر توابل ","10","25","25","25","25","","","12","120","0","","True","False","False","0","0","0","","","","","","0","2/9/2026 3:53:06 PM","","0","0","","False","",""
"1366","صوابع ببجي ","15","30","30","30","25","صوابع ببجي ","","39","585","0","","True","False","False","0","0","0","","","","","","0","2/9/2026 3:53:06 PM","","0","0","","False","",""
"1367","حامل موبيلات ","45","80","80","80","80","","","2","90","0","","True","False","False","0","0","0","","","","","","0","2/9/2026 3:53:06 PM","","0","0","","False","",""
"1368","راس شاحن عربيه ","25","45","45","45","45","","","3","75","0","","True","False","False","0","0","0","","","","","","0","2/9/2026 3:53:06 PM","","0","0","","False","",""
"1369","واصلة iphone usmas","10","25","25","25","25","واصلة iphone usmas","","23","230","0","","True","False","False","0","0","0","","","","","","0","2/9/2026 3:53:06 PM","","0","0","","False","",""
"1370"," شاحن دلوليفن  sc30v 1usb","20","40","40","40","40"," شاحن دلوليفن  sc30v 1usb","","2","40","0","","True","False","False","0","0","0","","","","","","0","2/9/2026 3:53:06 PM","","0","0","","False","",""
"1371"," شاحن دلوليفن  sc30v 2 usb","30","50","50","50","50"," شاحن دلوليفن  sc30v 2 usb","","2","60","0","","True","False","False","0","0","0","","","","","","0","2/9/2026 3:53:06 PM","","0","0","","False","",""
"1372","شاحن عربيه iphone xo","35","70","70","70","70","شاحن عربيه iphone xo","","2","70","0","","True","False","False","0","0","0","","","","","","0","2/9/2026 3:53:06 PM","","0","0","","False","",""
"1373","شاحن عربيه typec xo","35","70","70","70","70","شاحن عربيه typec xo","","1","35","0","","True","False","False","0","0","0","","","","","","0","2/9/2026 3:53:06 PM","","0","0","","False","",""
"1374","USB EMY IPHONE","35","65","65","65","65","USB EMY IPHONE","","2","70","0","","True","False","False","0","0","0","","","","","","0","2/9/2026 3:53:06 PM","","0","0","","False","",""
"1375","USB EMY  TYPE-C","35","65","65","65","65","USB EMY  TYPE-C","","3","105","0","","True","False","False","0","0","0","","","","","","0","2/9/2026 3:53:06 PM","","0","0","","False","",""
"1376","شاحن LDNIO IPHONE","50","80","80","80","80","شاحن LDNIO IPHONE","","2","100","0","","True","False","False","0","0","0","","","","","","0","2/9/2026 3:53:06 PM","","0","0","","False","",""
"1377","شاحن LDNIO SAMSUNG","50","80","80","80","80","شاحن LDNIO SAMSUNG","","2","100","0","","True","False","False","0","0","0","","","","","","0","2/9/2026 3:53:06 PM","","0","0","","False","",""
"1378","شاحن IPHONE X","35","85","85","85","85","شاحن IPHONE X","","2","70","0","","True","False","False","0","0","0","","","","","","0","2/9/2026 3:53:06 PM","","0","0","","False","",""
"1379","شاحن SAMSANG XO","35","65","65","65","65","شاحن SAMSANG XO","","2","70","0","","True","False","False","0","0","0","","","","","","0","2/9/2026 3:53:06 PM","","0","0","","False","",""
"1380","واصله AUX sr08","12","30","30","30","35","واصله AUX GRIFFIN","","7","84","0","","True","False","False","0","0","0","","","","","","0","2/9/2026 3:53:06 PM","","0","0","","False","",""
"1381","واصله AUX HOCO","10","30","30","30","30","","","2","20","0","","True","False","False","0","0","0","","","","","","0","2/9/2026 3:53:06 PM","","0","0","","False","",""
"1382","READER فلاشة","3","15","15","15","15","READER فلاشة","","10","30","0","","True","False","False","0","0","0","","","","","","0","2/9/2026 3:53:06 PM","","0","0","","False","",""
"1383","USB DATA CABLE IPHONE","9","35","35","35","35","","","3","27","0","","True","False","False","0","0","0","","","","","","0","2/9/2026 3:53:06 PM","","0","0","","False","",""
"1384","سماعه S10","25","50","50","50","50","سماعه S10","","2","50","0","","True","False","False","0","0","0","","","","","","0","2/9/2026 3:53:06 PM","","0","0","","False","",""
"1385","سماعه SKY60","30","60","60","60","60","سماعه SKY60","","2","60","0","","True","False","False","0","0","0","","","","","","0","2/9/2026 3:53:06 PM","","0","0","","False","",""
"1386","USB TYPE-C CELEBART","15","35","35","35","35","","","3","45","0","","True","False","False","0","0","0","","","","","","0","2/9/2026 3:53:06 PM","","0","0","","False","",""
"1387","سماعه J5","7.5","20","20","20","20","سماعه J5","","15","112.5","0","","True","False","False","0","0","0","","","","","","0","2/9/2026 3:53:06 PM","","0","0","","False","",""
"1388","راس شاحن 1","18","30","30","30","30","","","6","108","0","","True","False","False","0","0","0","","","","","","0","2/9/2026 3:53:06 PM","","0","0","","False","",""
"1389","راس شاحن 2","5","25","25","25","20","","","4","20","0","","True","False","False","0","0","0","","","","","","0","2/9/2026 3:53:06 PM","","0","0","","False","",""
"1390","USB IPHINE 1M","20","45","45","45","45","","","2","40","0","","True","False","False","0","0","0","","","","","","0","2/9/2026 3:53:06 PM","","0","0","","False","",""
"1391","كيس واصله SAMSUNG","4.5","15","15","15","15","","","3","13.5","0","","True","False","False","0","0","0","","","","","","0","2/9/2026 3:53:06 PM","","0","0","","False","",""
"1392","USB SAMSUNG علبه سوداء","15","30","30","30","30","","","4","60","0","","True","False","False","0","0","0","","","","","","0","2/9/2026 3:53:06 PM","","0","0","","False","",""
"1393","USB AORAX TYP-C","20","35","35","35","35","","","3","60","0","","True","False","False","0","0","0","","","","","","0","2/9/2026 3:53:06 PM","","0","0","","False","",""
"1394","USB SAMSUNG S7","15","30","30","30","30","","","2","30","0","","True","False","False","0","0","0","","","","","","0","2/9/2026 3:53:06 PM","","0","0","","False","",""
"1395","USB XS IPHONE","25","60","60","60","60","","","6","150","0","","True","False","False","0","0","0","","","","","","0","2/9/2026 3:53:06 PM","","0","0","","False","",""
"1396","شاحن كامل TUPE-C","45","85","85","85","85","","","2","90","0","","True","False","False","0","0","0","","","","","","0","2/9/2026 3:53:06 PM","","0","0","","False","",""
"1397","كوره بزابيز","27","45","45","45","45","","","7","189","0","","True","False","False","0","0","0","","","","","","0","2/9/2026 3:53:06 PM","","0","0","","False","",""
"1398","توكه كلبس على كارت ","3","7","7","7","7","توكه كلبس على كارت ","","50","150","0","","True","False","False","0","0","0","","","","","","0","2/9/2026 3:53:06 PM","","0","0","","False","",""
"1399","بوك بنات صغير","5","15","15","15","15","","","6","30","0","","True","False","False","0","0","0","","","","","","0","2/9/2026 3:53:06 PM","","0","0","","False","",""
"1400","حظاظه رجالي 2","2.5","15","15","15","15","","","12","30","0","","True","False","False","0","0","0","","","","","","0","2/9/2026 3:53:06 PM","","0","0","","False","",""
"1401","MIXER ","25","50","50","50","50","","","3","75","0","","True","False","False","0","0","0","","","","","","0","2/9/2026 3:53:06 PM","","0","0","","False","",""
"1402","صنيه متقسمه","22","50","50","50","50","","","13","286","0","","True","False","False","0","0","0","","","","","","0","2/9/2026 3:53:06 PM","","0","0","","False","",""
"1403","معالق مدهب صغير ","22.5","35","35","35","35","","","2","45","0","","True","False","False","0","0","0","","","","","","0","2/9/2026 3:53:06 PM","","0","0","","False","",""
"1404","طفايه زجاج","15","35","35","35","35","","","3","45","0","","True","False","False","0","0","0","","","","","","0","2/9/2026 3:53:06 PM","","0","0","","False","",""
"1405","قطاعة بيتزا ستانلس ","16","35","35","35","35","","","3","48","0","","True","False","False","0","0","0","","","","","","0","2/9/2026 3:53:06 PM","","0","0","","False","",""
"1406","استاند سخن خشب ","7","20","20","20","20","","","13","91","0","","True","False","False","0","0","0","","","","","","0","2/9/2026 3:53:06 PM","","0","0","","False","",""
"1407","قالب وافل ","22","45","45","45","50","","","10","220","0","","True","False","False","0","0","0","","","","","","0","2/9/2026 3:53:06 PM","","0","0","","False","",""
"1408","قمع كنافه","15","30","30","30","30","","","3","45","0","","True","False","False","0","0","0","","","","","","0","2/9/2026 3:53:06 PM","","0","0","","False","",""
"1409","سلاكة حوض سيليكون","10","25","25","25","30","","","4","40","0","","True","False","False","0","0","0","","","","","","0","2/9/2026 3:53:06 PM","","0","0","","False","",""
"1410","مضرب سيليكون بيلف ","9","25","25","25","25","","","4","36","0","","True","False","False","0","0","0","","","","","","0","2/9/2026 3:53:06 PM","","0","0","","False","",""
"1411","رف حمام ","20","50","50","50","50","","","13","260","0","","True","False","False","0","0","0","","","","","","0","2/9/2026 3:53:06 PM","","0","0","","False","",""
"1412","مذراب حله ","10","25","25","25","25","","","3","30","0","","True","False","False","0","0","0","","","","","","0","2/9/2026 3:53:06 PM","","0","0","","False","",""
"1413","حباره سائل","3.5","10","10","10","10","","","5","17.5","0","","True","False","False","0","0","0","","","","","","0","2/9/2026 3:53:06 PM","","0","0","","False","",""
"1414","نشابه سيليكون","40","60","60","60","60","","","3","120","0","","True","False","False","0","0","0","","","","","","0","2/9/2026 3:53:06 PM","","0","0","","False","",""
"1415","قالب كاب كيك صغير","55","80","80","80","80","","","2","110","0","","True","False","False","0","0","0","","","","","","0","2/9/2026 3:53:06 PM","","0","0","","False","",""
"1416","لمامة الوبر ","35","60","60","60","60","","","2","70","0","","True","False","False","0","0","0","","","","","","0","2/9/2026 3:53:06 PM","","0","0","","False","",""
"1417","ستاند ماجات ","10","35","35","35","35","","","9","90","0","","True","False","False","0","0","0","","","","","","0","2/9/2026 3:53:06 PM","","0","0","","False","",""
"1418","طقم 10خواتم بناتي","5","25","25","25","25","","","6","30","0","","True","False","False","0","0","0","","","","","","0","2/9/2026 3:53:06 PM","","0","0","","False","",""
"1419","كتب تلوين 2","3","7","7","7","7","","","83","249","0","","True","False","False","0","0","0","","","","","","0","2/9/2026 3:53:06 PM","","0","0","","False","",""
"1420","توك ارنوب","5","10","10","10","10","","","10","50","0","","True","False","False","0","0","0","","","","","","0","2/9/2026 3:53:06 PM","","0","0","","False","",""
"1421","شوراب بنات نصين","10","20","20","20","20","","","10","100","0","","True","False","False","0","0","0","","","","","","0","2/9/2026 3:53:06 PM","","0","0","","False","",""
"1422","لانش بوكس","10","25","25","25","25","","","3","30","0","","True","False","False","0","0","0","","","","","","0","2/9/2026 3:53:06 PM","","0","0","","False","",""
"1423","بخور","10","15","15","15","15","","","2","20","0","","True","False","False","0","0","0","","","","","","0","2/9/2026 3:53:06 PM","","0","0","","False","",""
"1424","سيف نور كبير","15","30","30","30","30","","","2","30","0","","True","False","False","0","0","0","","","","","","0","2/9/2026 3:53:06 PM","","0","0","","False","",""
"1425","استك الوان","15","25","25","25","25","","","3","45","0","","True","False","False","0","0","0","","","","","","0","2/9/2026 3:53:06 PM","","0","0","","False","",""
"1426","خافض لسان ابيض جديد","15","15","15","15","35","","","41","615","0","","True","False","False","0","0","0","","","0","1","0","0","2/9/2026 3:53:06 PM","","0","0","","False","",""
"1427","جروف بايد ","20","50","50","50","35","","","2","40","0","","True","False","False","0","0","0","","","","","","0","2/9/2026 3:53:06 PM","","0","0","","False","",""
"1428","مشط خشب ","4","15","15","15","15","","","6","24","0","","True","False","False","0","0","0","","","","","","0","2/9/2026 3:53:06 PM","","0","0","","False","",""
"1429","برفان صفيح حريمي GP","45","80","80","80","80","","","2","90","0","","True","False","False","0","0","0","","","","","","0","2/9/2026 3:53:06 PM","","0","0","","False","",""
"1430","برفان رجالي GP","70","130","130","130","130","","","1","70","0","","True","False","False","0","0","0","","","","","","0","2/9/2026 3:53:06 PM","","0","0","","False","",""
"1431","برفان رجالي صفيح GOLD","70","120","120","120","120","","","3","210","0","","True","False","False","0","0","0","","","","","","0","2/9/2026 3:53:06 PM","","0","0","","False","",""
"1432","HOGO برفان ","40","80","80","80","80","","","2","80","0","","True","False","False","0","0","0","","","","","","0","2/9/2026 3:53:06 PM","","0","0","","False","",""
"1433","برفان حريميadora ","40","80","80","80","80","","","1","40","0","","True","False","False","0","0","0","","","","","","0","2/9/2026 3:53:06 PM","","0","0","","False","",""
"1434","برفان رجالي شنطه","45","80","80","80","80","","","2","90","0","","True","False","False","0","0","0","","","","","","0","2/9/2026 3:53:06 PM","","0","0","","False","",""
"1435","خاتم بنات","2","6","6","6","6","","","37","74","0","","True","False","False","0","0","0","","","","","","0","2/9/2026 3:53:06 PM","","0","0","","False","",""
"1436","ميكاب اظافر ","90","140","140","140","140","","","1","90","0","","True","False","False","0","0","0","","","","","","0","2/9/2026 3:53:06 PM","","0","0","","False","",""
"1437","مطبخ بينور","150","230","230","230","230","","","1","150","0","","True","False","False","0","0","0","","","","","","0","2/9/2026 3:53:06 PM","","0","0","","False","",""
"1438"," لعبة طوق اطفال ","20","45","45","45","45","","","1","20","0","","True","False","False","0","0","0","","","","","","0","2/9/2026 3:53:06 PM","","0","0","","False","",""
"1439","عروسه baly ","160","180","180","180","180","","","1","160","0","","True","False","False","0","0","0","","","","","","0","2/9/2026 3:53:06 PM","","0","0","","False","",""
"1440","جرار ","10","30","30","30","30","","","3","30","0","","True","False","False","0","0","0","","","","","","0","2/9/2026 3:53:06 PM","","0","0","","False","",""
"1441","دبدوب قلب","12.5","35","35","35","35","","","2","25","0","","True","False","False","0","0","0","","","","","","0","2/9/2026 3:53:06 PM","","0","0","","False","",""
"1442","دبدوب ورده","2.5","10","10","10","10","","","2","5","0","","True","False","False","0","0","0","","","","","","0","2/9/2026 3:53:06 PM","","0","0","","False","",""
"1443","بونبنيره","50","100","100","100","100","","","0","0","0","","True","False","False","0","0","0","","","","","","0","2/9/2026 3:53:06 PM","","0","0","","False","",""
"1444","مج قهوه","50","65","65","65","70","","","3","150","0","","True","False","False","0","0","0","","","","","","0","2/9/2026 3:53:06 PM","","0","0","","False","",""
"1445","مسن ساكين","25","60","60","60","60","","","2","50","0","","True","False","False","0","0","0","","","","","","0","2/9/2026 3:53:06 PM","","0","0","","False","",""
"1446","سكينه كبير جرانيت","25","45","45","45","45","","","2","50","0","","True","False","False","0","0","0","","","","","","0","2/9/2026 3:53:06 PM","","0","0","","False","",""
"1447","قطاعه تورته","30","55","55","55","55","","","2","60","0","","True","False","False","0","0","0","","","","","","0","2/9/2026 3:53:06 PM","","0","0","","False","",""
"1448","مضرب زباب","2","12","12","12","12","","","6","12","0","","True","False","False","0","0","0","","","","","","0","2/9/2026 3:53:06 PM","","0","0","","False","",""
"1449","وصله حفنيه سلكون","12","25","25","25","25","","","4","48","0","","True","False","False","0","0","0","","","","","","0","2/9/2026 3:53:06 PM","","0","0","","False","",""
"1450","جوانتي وماسك ","12","25","25","25","25","","","4","48","0","","True","False","False","0","0","0","","","","","","0","2/9/2026 3:53:06 PM","","0","0","","False","",""
"1451","درج للثلاجه ","12","25","25","25","30","","","3","36","0","","True","False","False","0","0","0","","","","","","0","2/9/2026 3:53:06 PM","","0","0","","False","",""
"1452","طقم حلق وسلسله وخاتم","10","35","35","35","35","","","2","20","0","","True","False","False","0","0","0","","","","","","0","2/9/2026 3:53:06 PM","","0","0","","False","",""
"1453","سلسله قلب","10","25","25","25","25","","","2","20","0","","True","False","False","0","0","0","","","","","","0","2/9/2026 3:53:06 PM","","0","0","","False","",""
"1454","كوره وحصاله مكعبات","30","60","60","60","60","","","2","60","0","","True","False","False","0","0","0","","","","","","0","2/9/2026 3:53:06 PM","","0","0","","False","",""
"1455","مريله مطبخ ","10","25","25","25","25","","","6","60","0","","True","False","False","0","0","0","","","","","","0","2/9/2026 3:53:06 PM","","0","0","","False","",""
"1456","شمع صاروخ كبير","8","12","12","12","20","","","75","600","0","","True","False","False","0","0","0","","","","","","0","2/9/2026 3:53:06 PM","","0","0","","False","",""
"1457","قلم جليتر 6 قلم ","9.5","20","20","20","25","","","8","76","0","","True","False","False","0","0","0","","","","","","0","2/9/2026 3:53:06 PM","","0","0","","False","",""
"1458","قلم جاف ازرق SKOER","1.2","3","3","3","4","","","10","12","0","","True","False","False","0","0","0","","","","","","0","2/9/2026 3:53:06 PM","","0","0","","False","",""
"1459","PEINSELLKESS SPEED","28","40","40","40","40","","","2","56","0","","True","False","False","0","0","0","","","","","","0","2/9/2026 3:53:06 PM","","0","0","","False","",""
"1460","فانوس كبير خيامي","85","150","150","150","150","","","4","340","0","","True","False","False","0","0","0","","","","","","0","2/9/2026 3:53:06 PM","","0","0","","False","",""
"1461","فانوس وسط خيامي","55","120","120","120","120","","","5","275","0","","True","False","False","0","0","0","","","","","","0","2/9/2026 3:53:06 PM","","0","0","","False","",""
"1462","فانوس صغير خيامي","40","90","90","90","90","","","5","200","0","","True","False","False","0","0","0","","","","","","0","2/9/2026 3:53:06 PM","","0","0","","False","",""
"1463","هلال فانوس خيامي","65","120","120","120","120","","","3","195","0","","True","False","False","0","0","0","","","","","","0","2/9/2026 3:53:06 PM","","0","0","","False","",""
"1464","مدفع رمضان خيامي","65","120","120","120","120","","","2","130","0","","True","False","False","0","0","0","","","","","","0","2/9/2026 3:53:06 PM","","0","0","","False","",""
"1465","فانوس متحرك اطفال","60","115","115","115","115","","","7","420","0","","True","False","False","0","0","0","","","","","","0","2/9/2026 3:53:06 PM","","0","0","","False","",""
"1466","فانوس خشب صغير","40","30","30","30","65","","","21","840","0","","True","False","False","0","0","0","","","","","","0","2/9/2026 3:53:06 PM","","0","0","","False","",""
"1467","فانوس خشب كبير","65","55","55","55","105","","","30","1950","0","","True","False","False","0","0","0","","","","","","0","2/9/2026 3:53:06 PM","","0","0","","False","",""
"1468","فانوس خشب  وسط  فل","50","50","50","50","65","","","7","350","0","","True","False","False","0","0","0","","","","","","0","2/9/2026 3:53:06 PM","","0","0","","False","",""
"1469","فانوس مصباح علاء الدين ","35","60","60","60","60","","","4","140","0","","True","False","False","0","0","0","","","","","","0","2/9/2026 3:53:06 PM","","0","0","","False","",""
"1470","كيس فانوس كريستال كبير ","20","35","35","35","35","","","8","160","0","","True","False","False","0","0","0","","","","","","0","2/9/2026 3:53:06 PM","","0","0","","False","",""
"1471","حبل فانوس مشكل  ص","15","30","30","30","30","","","28","420","0","","True","False","False","0","0","0","","","","","","0","2/9/2026 3:53:06 PM","","0","0","","False","",""
"1472","كيس ورده نور شفاف","13","25","25","25","25","","","3","39","0","","True","False","False","0","0","0","","","","","","0","2/9/2026 3:53:06 PM","","0","0","","False","",""
"1473","كيس نور اسود ","15","35","35","35","35","","","11","165","0","","True","False","False","0","0","0","","","","","","0","2/9/2026 3:53:06 PM","","0","0","","False","",""
"1474","فانوس شفاف حائط صغير","20","40","40","40","40","فانوس شفاف حائط صغير","","4","80","0","","True","False","False","0","0","0","","","","","","0","2/9/2026 3:53:06 PM","","0","0","","False","",""
"1475","فانوس كبير شفاف ","40","60","60","60","60","","","2","80","0","","True","False","False","0","0","0","","","","","","0","2/9/2026 3:53:06 PM","","0","0","","False","",""
"1476","فانوس عظم ","43","50","50","50","85","","","9","387","0","","True","False","False","0","0","0","","","","","","0","2/9/2026 3:53:06 PM","","0","0","","False","",""
"1477","نور هلال والنجمه ","21","40","40","40","50","","","6","126","0","","True","False","False","0","0","0","","","","","","0","2/9/2026 3:53:06 PM","","0","0","","False","",""
"1478","مفرش صغير ","27","50","50","50","50","","","4","108","0","","True","False","False","0","0","0","","","","","","0","2/9/2026 3:53:06 PM","","0","0","","False","",""
"1479","مفرش كبير ","25","60","60","60","60","","","1","25","0","","True","False","False","0","0","0","","","","","","0","2/9/2026 3:53:06 PM","","0","0","","False","",""
"1480","سريه علبه 100لمه ","35","60","60","60","60","","","7","245","0","","True","False","False","0","0","0","","","","","","0","2/9/2026 3:53:06 PM","","0","0","","False","",""
"1481","سريه علبه ","25","45","45","45","45","","","4","100","0","","True","False","False","0","0","0","","","","","","0","2/9/2026 3:53:06 PM","","0","0","","False","",""
"1482","سريه علبه زرقه ","45","50","50","50","85","","","11","495","0","","True","False","False","0","0","0","","","","","","0","2/9/2026 3:53:06 PM","","0","0","","False","",""
"1483","علبه سريه لد الوان علبه زرقا 80 لمبه","63","65","65","65","100","","","12","245","0","","True","False","False","0","0","0","","","0","1","0","0","2/9/2026 3:53:06 PM","","0","0","","False","",""
"1484","لمه دسكو ","28","50","50","50","60","","","21","588","0","","True","False","False","0","0","0","","","","","","0","2/9/2026 3:53:06 PM","","0","0","","False","",""
"1485","حبل زينه قماش ","9.5","20","20","20","20","","","9","85.5","0","","True","False","False","0","0","0","","","","","","0","2/9/2026 3:53:06 PM","","0","0","","False","",""
"1486","زينه شخصيات جامبو رمضان","12","25","25","25","30","","","32","384","0","","True","False","False","0","0","0","","","","","","0","2/9/2026 3:53:06 PM","","0","0","","False","",""
"1487","زينه ورق ","8","15","15","15","15","","","20","160","0","","True","False","False","0","0","0","","","","","","0","2/9/2026 3:53:06 PM","","0","0","","False","",""
"1488","زينه المجد ","10","25","25","25","25","","","6","60","0","","True","False","False","0","0","0","","","","","","0","2/9/2026 3:53:06 PM","","0","0","","False","",""
"1489","حبل الفانوس ","4.5","10","10","10","10","","","9","40.5","0","","True","False","False","0","0","0","","","","","","0","2/9/2026 3:53:06 PM","","0","0","","False","",""
"1490","زينه شخصيات ","6","15","15","15","15","","","17","102","0","","True","False","False","0","0","0","","","","","","0","2/9/2026 3:53:06 PM","","0","0","","False","",""
"1491","زينه شخصيات ص","10","20","20","20","20","","","6","60","0","","True","False","False","0","0","0","","","","","","0","2/9/2026 3:53:06 PM","","0","0","","False","",""
"1492","فانوس مضياء ","18","30","30","30","30","","","4","72","0","","True","False","False","0","0","0","","","","","","0","2/9/2026 3:53:06 PM","","0","0","","False","",""
"1493","هلال وجامع ","35","70","70","70","70","","","3","105","0","","True","False","False","0","0","0","","","","","","0","2/9/2026 3:53:06 PM","","0","0","","False","",""
"1494"," دبل فيس2 متر","20","25","25","25","35","","","12","1500","0","","True","False","False","0","0","0","","","0","1","0","0","2/9/2026 3:53:06 PM","","0","0","","False","",""
"1495","شبكه نور كبير ","88","75","75","75","135","","","9","792","0","","True","False","False","0","0","0","","","","","","0","2/9/2026 3:53:06 PM","","0","0","","False","",""
"1496","كرستال الوان عقد نور","14","25","25","25","25","","","3","42","0","","True","False","False","0","0","0","","","","","","0","2/9/2026 3:53:06 PM","","0","0","","False","",""
"1497","فانوس في كيس ","18","30","30","30","30","","","3","54","0","","True","False","False","0","0","0","","","","","","0","2/9/2026 3:53:06 PM","","0","0","","False","",""
"1498","فانوس وهلا في كيس ","27","50","50","50","50","","","3","81","0","","True","False","False","0","0","0","","","","","","0","2/9/2026 3:53:06 PM","","0","0","","False","",""
"1499","طقم هلا والنجمه ","25","50","50","50","50","","","5","125","0","","True","False","False","0","0","0","","","","","","0","2/9/2026 3:53:06 PM","","0","0","","False","",""
"1500","مشايات","20","45","45","45","45","","","10","200","0","","True","False","False","0","0","0","","","","","","0","2/9/2026 3:53:06 PM","","0","0","","False","",""
"1501","بطاريه قلم L D","4","5","5","5","8","","","20","80","0","","True","False","False","0","0","0","","","","","","0","2/9/2026 3:53:06 PM","","0","0","","False","",""
"1502","مداليا رمضان","1.5","5","5","5","5","","","15","22.5","0","","True","False","False","0","0","0","","","","","","0","2/9/2026 3:53:06 PM","","0","0","","False","",""
"1503","مداليا فانوس خشب","5","8","8","8","8","","","16","80","0","","True","False","False","0","0","0","","","","","","0","2/9/2026 3:53:06 PM","","0","0","","False","",""
"1504","فانوس رمضان خشب صغير نور فقط ","12","25","25","25","30","","","12","48","0","","True","False","False","0","0","0","","","0","1","0","0","2/9/2026 3:53:06 PM","","0","0","","False","",""
"1505","عقد فانوس ملون","30","60","60","60","60","","","1","30","0","","True","False","False","0","0","0","","","","","","0","2/9/2026 3:53:06 PM","","0","0","","False","",""
"1506","عقد فاوس اخضر وبرتقالي","25","50","50","50","50","","","2","50","0","","True","False","False","0","0","0","","","","","","0","2/9/2026 3:53:06 PM","","0","0","","False","",""
"1507","كشكول 250ورقه ","25","55","55","55","55","","","1","25","0","","True","False","False","0","0","0","","","","","","0","2/9/2026 3:53:06 PM","","0","0","","False","",""
"1508","زينه شخصيات صغيره ","7.5","20","20","20","20","","","4","30","0","","True","False","False","0","0","0","","","","","","0","2/9/2026 3:53:06 PM","","0","0","","False","",""
"1509","منظم احذيه ","6","20","20","20","20","","","6","36","0","","True","False","False","0","0","0","","","","","","0","2/9/2026 3:53:06 PM","","0","0","","False","",""
"1510","صواني اكليرك ","15","45","45","45","45","","","8","120","0","","True","False","False","0","0","0","","","","","","0","2/9/2026 3:53:06 PM","","0","0","","False","",""
"1511","طقم خشاف","15","45","45","45","45","","","4","60","0","","True","False","False","0","0","0","","","","","","0","2/9/2026 3:53:06 PM","","0","0","","False","",""
"1512","كارت الايس كريم ","85","70","70","70","195","","","6","510","0","","True","False","False","0","0","0","","","0","1","0","0","2/9/2026 3:53:06 PM","","0","0","","False","",""
"1513","طبق كرستال فواكه ","30","60","60","60","60","","","4","120","0","","True","False","False","0","0","0","","","","","","0","2/9/2026 3:53:06 PM","","0","0","","False","",""
"1514","شوب عصير ","25","40","40","40","60","","","1","25","0","","True","False","False","0","0","0","","","","","","0","2/9/2026 3:53:06 PM","","0","0","","False","",""
"1515","اسبونج ","7","20","20","20","20","","","6","42","0","","True","False","False","0","0","0","","","","","","0","2/9/2026 3:53:06 PM","","0","0","","False","",""
"1516","قطاعه بطاطس","15","30","30","30","30","","","4","60","0","","True","False","False","0","0","0","","","","","","0","2/9/2026 3:53:06 PM","","0","0","","False","",""
"1517","دسبنسر كيك ","50","80","80","80","80","","","1","50","0","","True","False","False","0","0","0","","","","","","0","2/9/2026 3:53:06 PM","","0","0","","False","",""
"1518","مسن جزار ","18","30","30","30","30","","","3","54","0","","True","False","False","0","0","0","","","","","","0","2/9/2026 3:53:06 PM","","0","0","","False","",""
"1519","مسن سكاكين ","22","35","35","35","40","","","7","154","0","","True","False","False","0","0","0","","","","","","0","2/9/2026 3:53:06 PM","","0","0","","False","",""
"1520","طقم توابل","40","75","75","75","75","","","2","80","0","","True","False","False","0","0","0","","","","","","0","2/9/2026 3:53:06 PM","","0","0","","False","",""
"1521","ريشه الوان","10","25","25","25","25","","","6","60","0","","True","False","False","0","0","0","","","","","","0","2/9/2026 3:53:06 PM","","0","0","","False","",""
"1522","مقوار فلفل","6","25","25","25","25","","","3","18","0","","True","False","False","0","0","0","","","","","","0","2/9/2026 3:53:06 PM","","0","0","","False","",""
"1523","ممسحه عربيه","20","30","30","30","30","","","3","60","0","","True","False","False","0","0","0","","","","","","0","2/9/2026 3:53:06 PM","","0","0","","False","",""
"1524","دواسه بانيو","25","50","50","50","50","","","2","50","0","","True","False","False","0","0","0","","","","","","0","2/9/2026 3:53:06 PM","","0","0","","False","",""
"1525","قلم للكتابه علي الكيك","15","30","30","30","30","","","3","45","0","","True","False","False","0","0","0","","","","","","0","2/9/2026 3:53:06 PM","","0","0","","False","",""
"1526","معالق اكل كبير","20","40","40","40","40","","","4","80","0","","True","False","False","0","0","0","","","","","","0","2/9/2026 3:53:06 PM","","0","0","","False","",""
"1527","معلقه صغيره وشوكه","20","35","35","35","35","","","4","80","0","","True","False","False","0","0","0","","","","","","0","2/9/2026 3:53:06 PM","","0","0","","False","",""
"1528","مفرش رمضان جلد","12","35","35","35","35","","","5","60","0","","True","False","False","0","0","0","","","","","","0","2/9/2026 3:53:06 PM","","0","0","","False","",""
"1529","استيكر رمضان","25","50","50","50","50","","","3","75","0","","True","False","False","0","0","0","","","","","","0","2/9/2026 3:53:06 PM","","0","0","","False","",""
"1530","شماعه بنطلون بلاستك","11","20","20","20","25","","","6","66","0","","True","False","False","0","0","0","","","","","","0","2/9/2026 3:53:06 PM","","0","0","","False","",""
"1531","طبق فاكهه كرستال","75","120","120","120","120","","","5","375","0","","True","False","False","0","0","0","","","","","","0","2/9/2026 3:53:06 PM","","0","0","","False","",""
"1532","كنك قهوه ك","15","30","30","30","30","","","6","90","0","","True","False","False","0","0","0","","","","","","0","2/9/2026 3:53:06 PM","","0","0","","False","",""
"1533","كنك قهوه ص","12","25","25","25","25","","","6","72","0","","True","False","False","0","0","0","","","","","","0","2/9/2026 3:53:06 PM","","0","0","","False","",""
"1534","لمبه حبل ","15","30","30","30","30","","","3","45","0","","True","False","False","0","0","0","","","","","","0","2/9/2026 3:53:06 PM","","0","0","","False","",""
"1535","علبه توابل طقم زجاج ","17","40","40","40","40","","","3","51","0","","True","False","False","0","0","0","","","","","","0","2/9/2026 3:53:06 PM","","0","0","","False","",""
"1536","فتاحه علب ","12","30","30","30","30","","","3","36","0","","True","False","False","0","0","0","","","","","","0","2/9/2026 3:53:06 PM","","0","0","","False","",""
"1537","شياله سمك ","22","30","30","30","40","","","3","66","0","","True","False","False","0","0","0","","","","","","0","2/9/2026 3:53:06 PM","","0","0","","False","",""
"1538","شياله وسكينه تورته","16","40","40","40","50","","","2","32","0","","True","False","False","0","0","0","","","","","","0","2/9/2026 3:53:06 PM","","0","0","","False","",""
"1539","عصاره ليمون كتكوت","10","25","25","25","25","","","3","30","0","","True","False","False","0","0","0","","","","","","0","2/9/2026 3:53:06 PM","","0","0","","False","",""
"1540","درج ثلاجه ","10","25","25","25","25","","","6","60","0","","True","False","False","0","0","0","","","","","","0","2/9/2026 3:53:06 PM","","0","0","","False","",""
"1541","دسبنسر عصر","130","185","185","185","185","","","5","650","0","","True","False","False","0","0","0","","","","","","0","2/9/2026 3:53:06 PM","","0","0","","False","",""
"1542","طقم خشاف كرستال بوله ك وسته صغير","115","170","170","170","170","","","2","230","0","","True","False","False","0","0","0","","","","","","0","2/9/2026 3:53:06 PM","","0","0","","False","",""
"1543","شماعه بلاستك الخير ","20","30","30","30","35","","","14","280","0","","True","False","False","0","0","0","","","","","","0","2/9/2026 3:53:06 PM","","0","0","","False","",""
"1544","طبق هلال","5","12","12","12","12","","","6","30","0","","True","False","False","0","0","0","","","","","","0","2/9/2026 3:53:06 PM","","0","0","","False","",""
"1545","برقع خيامي ","30","50","50","50","60","","","2","50","0","","True","False","False","0","0","0","","","0","1","0","0","2/9/2026 3:53:06 PM","","0","0","","False","",""
"1546","علقه مفاتيح","25","40","40","40","40","","","2","50","0","","True","False","False","0","0","0","","","","","","0","2/9/2026 3:53:06 PM","","0","0","","False","",""
"1547","مستر امريكا فانوس","25","50","50","50","50","","","2","50","0","","True","False","False","0","0","0","","","","","","0","2/9/2026 3:53:06 PM","","0","0","","False","",""
"1548","عقد نور برتقالي","20","40","40","40","40","","","1","20","0","","True","False","False","0","0","0","","","","","","0","2/9/2026 3:53:06 PM","","0","0","","False","",""
"1549","جلاد باربي كتب بالواحده","1","3","3","3","3","","","30","30","0","","True","False","False","0","0","0","","","","","","0","2/9/2026 3:53:06 PM","","0","0","","False","",""
"1550","طياره ورق","15","25","25","25","35","","","17","255","0","","True","False","False","0","0","0","","","","","","0","2/9/2026 3:53:06 PM","","0","0","","False","",""
"1551","تيكت بالواحده و الاستيكر صغير","0.5","1.5","1.5","1.5","1.5","","","30","15","0","","True","False","False","0","0","0","","","","","","0","2/9/2026 3:53:06 PM","","0","0","","False","",""
"1552","قلم DOMS جرافيت رصاص ازرق او احمر","5","3","3","3","8","","","1450","8700","0","","True","False","False","0","0","0","","","0","1","0","0","2/9/2026 3:53:06 PM","","0","0","","False","",""
"1553","INDEX BRAVO جلد بقلم","15","35","35","35","35","","","3","45","0","","True","False","False","0","0","0","","","","","","0","2/9/2026 3:53:06 PM","","0","0","","False","",""
"1554","قلم PREGO ","0.8","3","3","3","3","","","18","14.4","0","","True","False","False","0","0","0","","","","","","0","2/9/2026 3:53:06 PM","","0","0","","False","",""
"1555","فايل سوسته A3","25","15","15","15","35","","","350","8750","0","","True","False","False","0","0","0","","","","","","0","2/9/2026 3:53:06 PM","","0","0","","False","",""
"1556","كيس كناديل SPADER MAN","5","15","15","15","15","","","1","5","0","","True","False","False","0","0","0","","","","","","0","2/9/2026 3:53:06 PM","","0","0","","False","",""
"1557","شنطه يد ","10","20","20","20","20","","","3","30","0","","True","False","False","0","0","0","","","","","","0","2/9/2026 3:53:06 PM","","0","0","","False","",""
"1558","علبه تلاجه هلالي","25","30","30","30","45","","","4","100","0","","True","False","False","0","0","0","","","","","","0","2/9/2026 3:53:06 PM","","0","0","","False","",""
"1559","معيار 4 قطعع ","10","20","20","20","20","","","1","10","0","","True","False","False","0","0","0","","","","","","0","2/9/2026 3:53:06 PM","","0","0","","False","",""
"1560","علبه تسالي","110","150","150","150","150","","","2","220","0","","True","False","False","0","0","0","","","","","","0","2/9/2026 3:53:06 PM","","0","0","","False","",""
"1561","استيكر رمضان 2","30","55","55","55","55","","","4","120","0","","True","False","False","0","0","0","","","","","","0","2/9/2026 3:53:06 PM","","0","0","","False","",""
"1562","علبة مناديل راتان","23","45","45","45","45","","","8","184","0","","True","False","False","0","0","0","","","","","","0","2/9/2026 3:53:06 PM","","0","0","","False","",""
"1563","شربات رجالي واطفال بالواحده","2.5","7.5","7.5","7.5","7.5","","","30","75","0","","True","False","False","0","0","0","","","","","","0","2/9/2026 3:53:06 PM","","0","0","","False","",""
"1564","سكريه صغيره ","20","35","35","35","35","","","5","100","0","","True","False","False","0","0","0","","","","","","0","2/9/2026 3:53:06 PM","","0","0","","False","",""
"1565","فرع خيامي 5 متر","7.5","25","25","25","13","","","6","45","0","","True","False","False","0","0","0","","","","","","0","2/9/2026 3:53:06 PM","","0","0","","False","",""
"1566","مج شاليمو ","25","50","50","50","50","","","6","150","0","","True","False","False","0","0","0","","","","","","0","2/9/2026 3:53:06 PM","","0","0","","False","",""
"1567","روج MODEL","8.75","25","25","25","25","","","24","210","0","","True","False","False","0","0","0","","","","","","0","2/9/2026 3:53:06 PM","","0","0","","False","",""
"1568","برفان صفيح حريمي 2GP","30","80","80","80","80","","","2","60","0","","True","False","False","0","0","0","","","","","","0","2/9/2026 3:53:06 PM","","0","0","","False","",""
"1569","TRESORبرفان  ","50","100","100","100","100","","","1","50","0","","True","False","False","0","0","0","","","","","","0","2/9/2026 3:53:06 PM","","0","0","","False","",""
"1570","برفان حريمي  2","18","60","60","60","60","","","3","54","0","","True","False","False","0","0","0","","","","","","0","2/9/2026 3:53:06 PM","","0","0","","False","",""
"1571","بصامة عجين الوان","15","30","30","30","30","","","3","45","0","","True","False","False","0","0","0","","","","","","0","2/9/2026 3:53:06 PM","","0","0","","False","",""
"1572","علقه درفه ","7","20","20","20","20","","","5","35","0","","True","False","False","0","0","0","","","","","","0","2/9/2026 3:53:06 PM","","0","0","","False","",""
"1573","مفرش عجين سليكون ","25","45","45","45","45","","","8","200","0","","True","False","False","0","0","0","","","","","","0","2/9/2026 3:53:06 PM","","0","0","","False","",""
"1574","بوك حريمي","30","60","60","60","60","","","9","270","0","","True","False","False","0","0","0","","","","","","0","2/9/2026 3:53:06 PM","","0","0","","False","",""
"1575","برايه قلم كحل","2","15","15","15","15","","","12","24","0","","True","False","False","0","0","0","","","","","","0","2/9/2026 3:53:06 PM","","0","0","","False","",""
"1576","مد فع رمضان نور","50","100","100","100","100","","","3","150","0","","True","False","False","0","0","0","","","","","","0","2/9/2026 3:53:06 PM","","0","0","","False","",""
"1577","سرتت جلد","5","10","10","10","10","","","12","60","0","","True","False","False","0","0","0","","","","","","0","2/9/2026 3:53:06 PM","","0","0","","False","",""
"1578","كيس توك مشكل","5","10","10","10","10","","","32","160","0","","True","False","False","0","0","0","","","","","","0","2/9/2026 3:53:06 PM","","0","0","","False","",""
"1579","مدليه مشاء الله","15","30","30","30","30","","","11","165","0","","True","False","False","0","0","0","","","","","","0","2/9/2026 3:53:06 PM","","0","0","","False","",""
"1580","سلسله LOVERS","5","20","20","20","20","","","13","65","0","","True","False","False","0","0","0","","","","","","0","2/9/2026 3:53:06 PM","","0","0","","False","",""
"1581","ميدليه ALAHLY","1","5","5","5","5","","","24","24","0","","True","False","False","0","0","0","","","","","","0","2/9/2026 3:53:06 PM","","0","0","","False","",""
"1582","هلال رمضان بينور","60","120","120","120","120","","","2","120","0","","True","False","False","0","0","0","","","","","","0","2/9/2026 3:53:06 PM","","0","0","","False","",""
"1583","مخده رمضان","15","35","35","35","25","","","16","240","0","","True","False","False","0","0","0","","","","","","0","2/9/2026 3:53:06 PM","","0","0","","False","",""
"1584","حظاظه جلد","5","10","10","10","10","","","18","90","0","","True","False","False","0","0","0","","","","","","0","2/9/2026 3:53:06 PM","","0","0","","False","",""
"1585","حظاظه خرز","5","10","10","10","10","","","18","90","0","","True","False","False","0","0","0","","","","","","0","2/9/2026 3:53:06 PM","","0","0","","False","",""
"1586","سلسله رجالي حبل ","5","10","10","10","10","","","12","60","0","","True","False","False","0","0","0","","","","","","0","2/9/2026 3:53:06 PM","","0","0","","False","",""
"1587","كور جلد","25","40","40","40","40","","","1","25","0","","True","False","False","0","0","0","","","","","","0","2/9/2026 3:53:06 PM","","0","0","","False","",""
"1588","كور كفر","30","50","50","50","50","","","3","90","0","","True","False","False","0","0","0","","","","","","0","2/9/2026 3:53:06 PM","","0","0","","False","",""
"1589","لزق ايفا","15","25","25","25","25","","","3","45","0","","True","False","False","0","0","0","","","","","","0","2/9/2026 3:53:06 PM","","0","0","","False","",""
"1590","شخصيات مسرح العراىس","5","15","15","15","15","","","3","15","0","","True","False","False","0","0","0","","","","","","0","2/9/2026 3:53:06 PM","","0","0","","False","",""
"1591","فوم بازل","5","15","15","15","15","","","4","20","0","","True","False","False","0","0","0","","","","","","0","2/9/2026 3:53:06 PM","","0","0","","False","",""
"1592","فوم ارقام","5","12","12","12","12","","","18","90","0","","True","False","False","0","0","0","","","","","","0","2/9/2026 3:53:06 PM","","0","0","","False","",""
"1593","تكت ","1","1","1","1","2.5","","","1400","700","0","","True","False","False","0","0","0","","","0","1","0","0","2/9/2026 3:53:06 PM","","0","0","","False","",""
"1594","مساحه زجاج جديده","25","50","50","50","50","مساحه زجاج","","1","25","0","","True","False","False","0","0","0","","","","","","0","2/9/2026 3:53:06 PM","","0","0","","False","",""
"1595","شنطه بطاطين ","25","45","45","45","45","","","2","50","0","","True","False","False","0","0","0","","","","","","0","2/9/2026 3:53:06 PM","","0","0","","False","",""
"1596","وناسه مشروم ","14","30","30","30","30","","","9","126","0","","True","False","False","0","0","0","","","","","","0","2/9/2026 3:53:06 PM","","0","0","","False","",""
"1597","جوانتي المارد","25","45","45","45","45","","","2","50","0","","True","False","False","0","0","0","","","","","","0","2/9/2026 3:53:06 PM","","0","0","","False","",""
"1598","معلقه وشوكه ","6","15","15","15","15","","","7","42","0","","True","False","False","0","0","0","","","","","","0","2/9/2026 3:53:06 PM","","0","0","","False","",""
"1599","بوب وصاروخ","3","10","10","10","10","","","24","72","0","","True","False","False","0","0","0","","","","","","0","2/9/2026 3:53:06 PM","","0","0","","False","",""
"1600","كلبس شعر","10","25","25","25","25","","","4","40","0","","True","False","False","0","0","0","","","","","","0","2/9/2026 3:53:06 PM","","0","0","","False","",""
"1601","كلبس شعركبير","18","40","40","40","40","","","2","36","0","","True","False","False","0","0","0","","","","","","0","2/9/2026 3:53:06 PM","","0","0","","False","",""
"1602","علبه خاتم صغير","3","7","7","7","7","","","12","36","0","","True","False","False","0","0","0","","","","","","0","2/9/2026 3:53:06 PM","","0","0","","False","",""
"1603","علبه  خاتم كبيره ","5","10","10","10","10","","","19","95","0","","True","False","False","0","0","0","","","","","","0","2/9/2026 3:53:06 PM","","0","0","","False","",""
"1604","good girl","80","120","120","120","135","","","4","320","0","","True","False","False","0","0","0","","","","","","0","2/9/2026 3:53:06 PM","","0","0","","False","",""
"1605","علم مصر صغير ","2","1010","1010","1010","10","","","63","126","0","","True","False","False","0","0","0","","","","","","0","2/9/2026 3:53:06 PM","","0","0","","False","",""
"1606","قالب جرانت","30","55","55","55","55","","","2","60","0","","True","False","False","0","0","0","","","","","","0","2/9/2026 3:53:06 PM","","0","0","","False","",""
"1607","قلم الوان","5","10","10","10","10","","","24","120","0","","True","False","False","0","0","0","","","","","","0","2/9/2026 3:53:06 PM","","0","0","","False","",""
"1608","جوانتي مطبخ صغير","8","20","20","20","20","","","6","48","0","","True","False","False","0","0","0","","","","","","0","2/9/2026 3:53:06 PM","","0","0","","False","",""
"1609","مفرش وقاعده سخن","10","25","25","25","25","","","5","50","0","","True","False","False","0","0","0","","","","","","0","2/9/2026 3:53:06 PM","","0","0","","False","",""
"1610","كوستر  رمضان 5*1","5","25","25","25","10","","","17","32","0","","True","False","False","0","0","0","","","0","1","0","0","2/9/2026 3:53:06 PM","","0","0","","False","",""
"1611","فرشه بوتوجاز عريضه","10","20","20","20","20","","","3","30","0","","True","False","False","0","0","0","","","","","","0","2/9/2026 3:53:06 PM","","0","0","","False","",""
"1612","قطاعه دونت","15","25","25","25","25","","","3","45","0","","True","False","False","0","0","0","","","","","","0","2/9/2026 3:53:06 PM","","0","0","","False","",""
"1613","فلتر مياه ","25","40","40","40","40","","","3","75","0","","True","False","False","0","0","0","","","","","","0","2/9/2026 3:53:06 PM","","0","0","","False","",""
"1614","شنط خزين","15","45","45","45","45","","","5","75","0","","True","False","False","0","0","0","","","","","","0","2/9/2026 3:53:06 PM","","0","0","","False","",""
"1615","دوراق عصاره برتقال","10","30","30","30","30","","","3","30","0","","True","False","False","0","0","0","","","","","","0","2/9/2026 3:53:06 PM","","0","0","","False","",""
"1616","سكريه كرستال 2","20","40","40","40","40","","","3","60","0","","True","False","False","0","0","0","","","","","","0","2/9/2026 3:53:06 PM","","0","0","","False","",""
"1617","بونبونيره شوكلت","30","50","50","50","50","","","5","150","0","","True","False","False","0","0","0","","","","","","0","2/9/2026 3:53:06 PM","","0","0","","False","",""
"1618","رف تلاجه","13","25","25","25","30","","","2","26","0","","True","False","False","0","0","0","","","","","","0","2/9/2026 3:53:06 PM","","0","0","","False","",""
"1619","علبه بقوليات","15","30","30","30","30","","","8","120","0","","True","False","False","0","0","0","","","","","","0","2/9/2026 3:53:06 PM","","0","0","","False","",""
"1620","علبه تلاجه ","23","35","35","35","35","","","2","46","0","","True","False","False","0","0","0","","","","","","0","2/9/2026 3:53:06 PM","","0","0","","False","",""
"1621","مقص s07","20","45","45","45","40","","","6","60","0","","True","False","False","0","0","0","","","0","1","0","0","2/9/2026 3:53:06 PM","","0","0","","False","",""
"1622","منظم حقاىب","22","50","50","50","50","","","2","44","0","","True","False","False","0","0","0","","","","","","0","2/9/2026 3:53:06 PM","","0","0","","False","",""
"1623","بوله سلطه لمسه","20","45","45","45","45","","","1","20","0","","True","False","False","0","0","0","","","","","","0","2/9/2026 3:53:06 PM","","0","0","","False","",""
"1624","درج معالق  جدبد لمسه","25","45","45","45","45","","","6","150","0","","True","False","False","0","0","0","","","","","","0","2/9/2026 3:53:06 PM","","0","0","","False","",""
"1625","تاج افراح","5","20","20","20","20","","","5","25","0","","True","False","False","0","0","0","","","","","","0","2/9/2026 3:53:06 PM","","0","0","","False","",""
"1626","اقلام خشب استدلر","25","50","50","50","50","","","1","25","0","","True","False","False","0","0","0","","","","","","0","2/9/2026 3:53:06 PM","","0","0","","False","",""
"1627","مقص كبير مكتب ديلى","38","20","20","20","55","","","9","342","0","","True","False","False","0","0","0","","","","","","0","2/9/2026 3:53:06 PM","","0","0","","False","",""
"1628","استاند يوني بول قلم","6","12","12","12","12","","","43","258","0","","True","False","False","0","0","0","","","","","","0","2/9/2026 3:53:06 PM","","0","0","","False","",""
"1629","مقلمه مكتب","8.5","25","25","25","25","","","3","25.5","0","","True","False","False","0","0","0","","","","","","0","2/9/2026 3:53:06 PM","","0","0","","False","",""
"1630","دبوس مكتب جديد","1","5","5","5","5","","","56","56","0","","True","False","False","0","0","0","","","","","","0","2/9/2026 3:53:06 PM","","0","0","","False","",""
"1631","استيكه فبركاسل كبيره","10","8","8","8","16","","","177","1770","0","","True","False","False","0","0","0","","","","","","0","2/9/2026 3:53:06 PM","","0","0","","False","",""
"1632","نوته فسفوري","3","8","8","8","8","","","9","27","0","","True","False","False","0","0","0","","","","","","0","2/9/2026 3:53:06 PM","","0","0","","False","",""
"1633","مقص اسود","5","15","15","15","20","","","13","65","0","","True","False","False","0","0","0","","","","","","0","2/9/2026 3:53:06 PM","","0","0","","False","",""
"1634","جلاد شفاف 2","1.8","4","4","4","4","","","40","72","0","","True","False","False","0","0","0","","","","","","0","2/9/2026 3:53:06 PM","","0","0","","False","",""
"1635","مقص مشنشر ","11","15","15","15","20","","","24","264","0","","True","False","False","0","0","0","","","","","","0","2/9/2026 3:53:06 PM","","0","0","","False","",""
"1636","نجمه هدايا بالواحده","2","3","3","3","3","","","23","46","0","","True","False","False","0","0","0","","","","","","0","2/9/2026 3:53:06 PM","","0","0","","False","",""
"1637","بكره لف هدايا","5","10","10","10","10","","","6","30","0","","True","False","False","0","0","0","","","","","","0","2/9/2026 3:53:06 PM","","0","0","","False","",""
"1638","كشكول نص سنتي","4","14","14","14","14","","","7","28","0","","True","False","False","0","0","0","","","","","","0","2/9/2026 3:53:06 PM","","0","0","","False","",""
"1639","ورق مقوي","4","15","15","15","15","","","6","24","0","","True","False","False","0","0","0","","","","","","0","2/9/2026 3:53:06 PM","","0","0","","False","",""
"1640","فايل 2لون","3","7","7","7","7","","","24","72","0","","True","False","False","0","0","0","","","","","","0","2/9/2026 3:53:06 PM","","0","0","","False","",""
"1641","بازل خشب ","35","75","75","75","75","","","5","175","0","","True","False","False","0","0","0","","","","","","0","2/9/2026 3:53:06 PM","","0","0","","False","",""
"1642","بازل خشب ص ","30","65","65","65","65","","","1","30","0","","True","False","False","0","0","0","","","","","","0","2/9/2026 3:53:06 PM","","0","0","","False","",""
"1643","كرت العاب مطبخ حله","20","50","50","50","50","","","1","20","0","","True","False","False","0","0","0","","","","","","0","2/9/2026 3:53:06 PM","","0","0","","False","",""
"1644","كرت العاب مطبخ مع عروسه كبير كروره ميه","95","60","60","60","145","","","6","570","0","","True","False","False","0","0","0","","","","","","0","2/9/2026 3:53:06 PM","","0","0","","False","",""
"1645","كرت مسدس مشكل كور","20","70","70","70","70","","","3","60","0","","True","False","False","0","0","0","","","","","","0","2/9/2026 3:53:06 PM","","0","0","","False","",""
"1646","كرت سندل اطفال","20","65","65","65","65","","","2","40","0","","True","False","False","0","0","0","","","","","","0","2/9/2026 3:53:06 PM","","0","0","","False","",""
"1647","كرت 3مسدس +طلقات ","30","70","70","70","70","","","1","30","0","","True","False","False","0","0","0","","","","","","0","2/9/2026 3:53:06 PM","","0","0","","False","",""
"1648","كرت مسدس +سكينه ","25","60","60","60","60","","","1","25","0","","True","False","False","0","0","0","","","","","","0","2/9/2026 3:53:06 PM","","0","0","","False","",""
"1649","كرت العاب بنات مشكل ","20","60","60","60","60","","","4","80","0","","True","False","False","0","0","0","","","","","","0","2/9/2026 3:53:06 PM","","0","0","","False","",""
"1650","كرت مطبخ +معلقه","20","50","50","50","50","","","1","20","0","","True","False","False","0","0","0","","","","","","0","2/9/2026 3:53:06 PM","","0","0","","False","",""
"1651","شنطه مكعبات ","35","85","85","85","85","","","1","35","0","","True","False","False","0","0","0","","","","","","0","2/9/2026 3:53:06 PM","","0","0","","False","",""
"1652","بازل بارز ","7.5","15","15","15","15","","","7","52.5","0","","True","False","False","0","0","0","","","","","","0","2/9/2026 3:53:06 PM","","0","0","","False","",""
"1653","بازل عادي ","5","10","10","10","10","","","7","35","0","","True","False","False","0","0","0","","","","","","0","2/9/2026 3:53:06 PM","","0","0","","False","",""
"1654","كارت عربيه","30","60","60","60","60","","","1","30","0","","True","False","False","0","0","0","","","","","","0","2/9/2026 3:53:06 PM","","0","0","","False","",""
"1655","فانوس ميداليه ","3","8","8","8","10","","","18","54","0","","True","False","False","0","0","0","","","","","","0","2/9/2026 3:53:06 PM","","0","0","","False","",""
"1656","طاسه تيفال وك","110","145","145","145","145","","","2","220","0","","True","False","False","0","0","0","","","","","","0","2/9/2026 3:53:06 PM","","0","0","","False","",""
"1657","عربيه سباق ","105","170","170","170","170","","","2","210","0","","True","False","False","0","0","0","","","","","","0","2/9/2026 3:53:06 PM","","0","0","","False","",""
"1658","عروسه بانيو","85","140","140","140","140","","","2","170","0","","True","False","False","0","0","0","","","","","","0","2/9/2026 3:53:06 PM","","0","0","","False","",""
"1659","مسدس كور ","45","70","70","70","70","","","2","90","0","","True","False","False","0","0","0","","","","","","0","2/9/2026 3:53:06 PM","","0","0","","False","",""
"1660","مسدس وماسك اسبيدر مان ","65","90","90","90","90","","","2","130","0","","True","False","False","0","0","0","","","","","","0","2/9/2026 3:53:06 PM","","0","0","","False","",""
"1661","جردل مكعبات وسط ","88","100","100","100","185","","","12","1056","0","","True","False","False","0","0","0","","","","","","0","2/9/2026 3:53:06 PM","","0","0","","False","",""
"1662","حردل مكعبات وسط ","40","70","70","70","70","","","5","200","0","","True","False","False","0","0","0","","","","","","0","2/9/2026 3:53:06 PM","","0","0","","False","",""
"1663","حصاله كبير بقفل ","15","25","25","25","25","","","3","45","0","","True","False","False","0","0","0","","","","","","0","2/9/2026 3:53:06 PM","","0","0","","False","",""
"1664","عروسه فروزن دكتوره ","55","60","60","60","85","","","9","495","0","","True","False","False","0","0","0","","","","","","0","2/9/2026 3:53:06 PM","","0","0","","False","",""
"1665","عروسه باربي لوكس ","35","65","65","65","65","","","2","70","0","","True","False","False","0","0","0","","","","","","0","2/9/2026 3:53:06 PM","","0","0","","False","",""
"1666","بندقيه كبير على كارت ","65","100","100","100","130","","","4","260","0","","True","False","False","0","0","0","","","","","","0","2/9/2026 3:53:06 PM","","0","0","","False","",""
"1667","بندقيه على كارت وسط ","55","85","85","85","105","","","14","770","0","","True","False","False","0","0","0","","","","","","0","2/9/2026 3:53:06 PM","","0","0","","False","",""
"1668","علبه بنات وتاج ","45","80","80","80","80","","","4","180","0","","True","False","False","0","0","0","","","","","","0","2/9/2026 3:53:06 PM","","0","0","","False","",""
"1669","عربيه رندي كروزلر ","35","80","80","80","80","","","2","70","0","","True","False","False","0","0","0","","","","","","0","2/9/2026 3:53:06 PM","","0","0","","False","",""
"1670","كارت عربيات مشكل ","40","65","65","65","70","","","18","720","0","","True","False","False","0","0","0","","","","","","0","2/9/2026 3:53:06 PM","","0","0","","False","",""
"1671","مسدس علبه بنظاره ","50","90","90","90","90","","","2","100","0","","True","False","False","0","0","0","","","","","","0","2/9/2026 3:53:06 PM","","0","0","","False","",""
"1672","طقم كرسي في مطبغ ","27","60","60","60","60","","","2","54","0","","True","False","False","0","0","0","","","","","","0","2/9/2026 3:53:06 PM","","0","0","","False","",""
"1673","كونكت فور ","65","50","50","50","125","","","9","585","0","","True","False","False","0","0","0","","","","","","0","2/9/2026 3:53:06 PM","","0","0","","False","",""
"1674","عروسه  فرزون تغير فستاان بلاستك","35","65","65","65","65","","","8","280","0","","True","False","False","0","0","0","","","","","","0","2/9/2026 3:53:06 PM","","0","0","","False","",""
"1675","عربيه نقل","20","40","40","40","40","","","2","40","0","","True","False","False","0","0","0","","","","","","0","2/9/2026 3:53:06 PM","","0","0","","False","",""
"1676","عصايه نور ","6","25","25","25","25","","","6","36","0","","True","False","False","0","0","0","","","","","","0","2/9/2026 3:53:06 PM","","0","0","","False","",""
"1677","طياره ارضيه","25","45","45","45","45","","","2","50","0","","True","False","False","0","0","0","","","","","","0","2/9/2026 3:53:06 PM","","0","0","","False","",""
"1678","تكت اطفال","2.5","5","5","5","5","","","100","250","0","","True","False","False","0","0","0","","","","","","0","2/9/2026 3:53:06 PM","","0","0","","False","",""
"1679","قلم FORMA ","0.75","1","1","1","4","","","72","54","0","","True","False","False","0","0","0","","","","","","0","2/9/2026 3:53:06 PM","","0","0","","False","",""
"1680","لوح كانسون","35","15","15","15","65","","","50","16100","0","","True","False","False","0","0","0","","","0","1","0","0","2/9/2026 3:53:06 PM","","0","0","","False","",""
"1681","ولاعات LM","2","5","5","5","5","","","39","78","0","","True","False","False","0","0","0","","","","","","0","2/9/2026 3:53:06 PM","","0","0","","False","",""
"1682","صنيه غويطه صغير","28","40","40","40","50","","","3","84","0","","True","False","False","0","0","0","","","","","","0","2/9/2026 3:53:06 PM","","0","0","","False","",""
"1683","درج تلاجه عريض","12","25","25","25","25","","","12","144","0","","True","False","False","0","0","0","","","","","","0","2/9/2026 3:53:06 PM","","0","0","","False","",""
"1684","تربو الوطنيه 3دور","150","150","150","150","180","","","8","1200","0","","True","False","False","0","0","0","","","","","","0","2/9/2026 3:53:06 PM","","0","0","","False","",""
"1685","تربو الوطنيه 4دور","150","180","180","180","190","","","1","150","0","","True","False","False","0","0","0","","","","","","0","2/9/2026 3:53:06 PM","","0","0","","False","",""
"1686","طقم دورك +3كوب","30","65","65","65","65","","","3","90","0","","True","False","False","0","0","0","","","","","","0","2/9/2026 3:53:06 PM","","0","0","","False","",""
"1687","نشابة كريب","10","30","30","30","30","","","3","30","0","","True","False","False","0","0","0","","","","","","0","2/9/2026 3:53:06 PM","","0","0","","False","",""
"1688","صفايه SIMA","15","30","30","30","30","","","3","45","0","","True","False","False","0","0","0","","","","","","0","2/9/2026 3:53:06 PM","","0","0","","False","",""
"1689","قمع بسكوت","1.5","10","10","10","10","","","10","15","0","","True","False","False","0","0","0","","","","","","0","2/9/2026 3:53:06 PM","","0","0","","False","",""
"1690","كيس بصامة كحك","20","35","35","35","35","","","2","40","0","","True","False","False","0","0","0","","","","","","0","2/9/2026 3:53:06 PM","","0","0","","False","",""
"1691","جهاز دونتس","35","55","55","55","55","","","2","70","0","","True","False","False","0","0","0","","","","","","0","2/9/2026 3:53:06 PM","","0","0","","False","",""
"1692","2في كيس بصامه كحك","10","25","25","25","25","","","2","20","0","","True","False","False","0","0","0","","","","","","0","2/9/2026 3:53:06 PM","","0","0","","False","",""
"1693","منقاش كحك بالوجده","3","10","10","10","10","","","12","36","0","","True","False","False","0","0","0","","","","","","0","2/9/2026 3:53:06 PM","","0","0","","False","",""
"1694","سلسله خاتم وحلق","6","30","30","30","30","","","4","24","0","","True","False","False","0","0","0","","","","","","0","2/9/2026 3:53:06 PM","","0","0","","False","",""
"1695","علبه كلينس خشب","18","50","50","50","50","","","3","54","0","","True","False","False","0","0","0","","","","","","0","2/9/2026 3:53:06 PM","","0","0","","False","",""
"1696","مفرش سفره ","12","25","25","25","25","","","3","36","0","","True","False","False","0","0","0","","","","","","0","2/9/2026 3:53:06 PM","","0","0","","False","",""
"1697","صبانه اكليرك","8","25","25","25","25","","","21","168","0","","True","False","False","0","0","0","","","","","","0","2/9/2026 3:53:06 PM","","0","0","","False","",""
"1698","مقص بيد اسود","10","30","30","30","30","","","3","30","0","","True","False","False","0","0","0","","","","","","0","2/9/2026 3:53:06 PM","","0","0","","False","",""
"1699","دبل  فيس 2متر","18","30","30","30","40","","","13","234","0","","True","False","False","0","0","0","","","","","","0","2/9/2026 3:53:06 PM","","0","0","","False","",""
"1700","بلانشه بلاستك","20","45","45","45","45","","","4","80","0","","True","False","False","0","0","0","","","","","","0","2/9/2026 3:53:06 PM","","0","0","","False","",""
"1701","قطاعه بيض","15","30","30","30","30","","","3","45","0","","True","False","False","0","0","0","","","","","","0","2/9/2026 3:53:06 PM","","0","0","","False","",""
"1702","مشبك بلاستك","15","25","25","25","25","","","3","45","0","","True","False","False","0","0","0","","","","","","0","2/9/2026 3:53:06 PM","","0","0","","False","",""
"1703","عقد بناتي","6","20","20","20","20","","","5","30","0","","True","False","False","0","0","0","","","","","","0","2/9/2026 3:53:06 PM","","0","0","","False","",""
"1704","شنطه توكه استك","5","20","20","20","20","","","10","50","0","","True","False","False","0","0","0","","","","","","0","2/9/2026 3:53:06 PM","","0","0","","False","",""
"1705","اينسيال ","7","20","20","20","20","","","3","21","0","","True","False","False","0","0","0","","","","","","0","2/9/2026 3:53:06 PM","","0","0","","False","",""
"1706","حلق بنات","1","5","5","5","5","","","24","24","0","","True","False","False","0","0","0","","","","","","0","2/9/2026 3:53:06 PM","","0","0","","False","",""
"1707","حلق دائره بالواحده","2","10","10","10","10","","","12","24","0","","True","False","False","0","0","0","","","","","","0","2/9/2026 3:53:06 PM","","0","0","","False","",""
"1708"," توكه كلبس جديد","6","12","12","12","12","","","20","120","0","","True","False","False","0","0","0","","","","","","0","2/9/2026 3:53:06 PM","","0","0","","False","",""
"1709","ولاعه سخان ","1.25","5","5","5","5","","","55","68.75","0","","True","False","False","0","0","0","","","","","","0","2/9/2026 3:53:06 PM","","0","0","","False","",""
"1710","موب الوان","15","25","25","25","25","","","21","315","0","","True","False","False","0","0","0","","","","","","0","2/9/2026 3:53:06 PM","","0","0","","False","",""
"1711","مطاره ماء","10","25","25","25","25","","","50","500","0","","True","False","False","0","0","0","","","","","","0","2/9/2026 3:53:06 PM","","0","0","","False","",""
"1712","بوك  يوني كورن","18","30","30","30","35","","","22","396","0","","True","False","False","0","0","0","","","","","","0","2/9/2026 3:53:06 PM","","0","0","","False","",""
"1713","بالون استك ","1","5","5","5","5","","","85","85","0","","True","False","False","0","0","0","","","","","","0","2/9/2026 3:53:06 PM","","0","0","","False","",""
"1714","واصله حنفية سيليكون","15","30","30","30","30","","","9","135","0","","True","False","False","0","0","0","","","","","","0","2/9/2026 3:53:06 PM","","0","0","","False","",""
"1715","كيس جرش","20","35","35","35","35","","","2","40","0","","True","False","False","0","0","0","","","","","","0","2/9/2026 3:53:06 PM","","0","0","","False","",""
"1716","ديناصور ","35","60","60","60","60","","","1","35","0","","True","False","False","0","0","0","","","","","","0","2/9/2026 3:53:06 PM","","0","0","","False","",""
"1717","طبله 2 عصا رمضان كريم","20","30","30","30","50","","","3","45","0","","True","False","False","0","0","0","","","0","1","0","0","2/9/2026 3:53:06 PM","","0","0","","False","",""
"1718","طقم صبغه +3فرشه","10","30","30","30","30","","","10","100","0","","True","False","False","0","0","0","","","","","","0","2/9/2026 3:53:06 PM","","0","0","","False","",""
"1719","دبوس حجاب كارت 6قطع","5","15","15","15","15","","","4","20","0","","True","False","False","0","0","0","","","","","","0","2/9/2026 3:53:06 PM","","0","0","","False","",""
"1720","توك يوني كورن بالواحده","5","7","7","7","7","","","34","170","0","","True","False","False","0","0","0","","","","","","0","2/9/2026 3:53:06 PM","","0","0","","False","",""
"1721","توكه بنات  بالواحده","5","10","10","10","10","","","32","160","0","","True","False","False","0","0","0","","","","","","0","2/9/2026 3:53:06 PM","","0","0","","False","",""
"1722","دبوس ملون الوحد 5جنيه","2.5","5","5","5","5","","","12","30","0","","True","False","False","0","0","0","","","","","","0","2/9/2026 3:53:06 PM","","0","0","","False","",""
"1723","كي بوردZERO","35","75","75","75","75","","","4","140","0","","True","False","False","0","0","0","","","","","","0","2/9/2026 3:53:06 PM","","0","0","","False","",""
"1724","ماوس باد صغير ","10","25","25","25","25","","","13","130","0","","True","False","False","0","0","0","","","","","","0","2/9/2026 3:53:06 PM","","0","0","","False","",""
"1725","ماوس OPTICAL صغير","14","40","40","40","40","","","6","84","0","","True","False","False","0","0","0","","","","","","0","2/9/2026 3:53:06 PM","","0","0","","False","",""
"1726","ماوسWIRELESS LONGSTAR","48","85","85","85","85","","","0","0","0","","True","False","False","0","0","0","","","","","","0","2/9/2026 3:53:06 PM","","0","0","","False","",""
"1727","نوته صغيره بفواصل ","15","30","30","30","30","","","4","60","0","","True","False","False","0","0","0","","","","","","0","2/9/2026 3:53:06 PM","","0","0","","False","",""
"1728","بلي ملون ","10","25","25","25","25","","","2","20","0","","True","False","False","0","0","0","","","","","","0","2/9/2026 3:53:06 PM","","0","0","","False","",""
"1729","قلم جاف صيني اسود","1.5","10","10","10","10","","","24","36","0","","True","False","False","0","0","0","","","","","","0","2/9/2026 3:53:06 PM","","0","0","","False","",""
"1730","اقلام جيل كوجيلز ","2.75","8","8","8","8","","","13","35.75","0","","True","False","False","0","0","0","","","","","","0","2/9/2026 3:53:06 PM","","0","0","","False","",""
"1731","منقله 360 درجه ","2.75","15","15","15","15","","","6","16.5","0","","True","False","False","0","0","0","","","","","","0","2/9/2026 3:53:06 PM","","0","0","","False","",""
"1732","استيكر احجار ","8.55","30","30","30","30","","","2","17.1","0","","True","False","False","0","0","0","","","","","","0","2/9/2026 3:53:06 PM","","0","0","","False","",""
"1733","كتب  تلوين وسط  ","4","20","20","20","12","","","34","136","0","","True","False","False","0","0","0","","","","","","0","2/9/2026 3:53:06 PM","","0","0","","False","",""
"1734","pencil case :::","25","50","50","50","50","","","2","50","0","","True","False","False","0","0","0","","","","","","0","2/9/2026 3:53:06 PM","","0","0","","False","",""
"1735","مسند جديد","10","15","15","15","35","","","4","20","0","","True","False","False","0","0","0","","","0","1","0","0","2/9/2026 3:53:06 PM","","0","0","","False","",""
"1736","ID","5","7","7","7","10","","","20","20","0","","True","False","False","0","0","0","","","0","1","0","0","2/9/2026 3:53:06 PM","","0","0","","False","",""
"1737","كارت  استيك نوت","3","8","8","8","8","","","15","45","0","","True","False","False","0","0","0","","","","","","0","2/9/2026 3:53:06 PM","","0","0","","False","",""
"1738","تيكت علي كارت","6","30","30","30","30","","","3","18","0","","True","False","False","0","0","0","","","","","","0","2/9/2026 3:53:06 PM","","0","0","","False","",""
"1739","فيس شيلد جديد","12.5","30","30","30","30","","","22","275","0","","True","False","False","0","0","0","","","","","","0","2/9/2026 3:53:06 PM","","0","0","","False","",""
"1740","فانوس خشب صغير جديد","7.5","15","15","15","15","","","10","75","0","","True","False","False","0","0","0","","","","","","0","2/9/2026 3:53:06 PM","","0","0","","False","",""
"1741","صواني خشب رمضان","45","65","65","65","65","","","7","315","0","","True","False","False","0","0","0","","","","","","0","2/9/2026 3:53:06 PM","","0","0","","False","",""
"1742","عياشه خيامي","17.5","35","35","35","35","","","5","87.5","0","","True","False","False","0","0","0","","","","","","0","2/9/2026 3:53:06 PM","","0","0","","False","",""
"1743","شماعه طرح فستان","15","30","30","30","30","","","4","60","0","","True","False","False","0","0","0","","","","","","0","2/9/2026 3:53:06 PM","","0","0","","False","",""
"1744","تابلوه خشب رمضان","15","30","30","30","30","","","7","105","0","","True","False","False","0","0","0","","","","","","0","2/9/2026 3:53:06 PM","","0","0","","False","",""
"1745"," علبه سريه نور اصفر 80 لمبه ","90","50","50","50","135","","","20","1800","0","","True","False","False","0","0","0","","","","","","0","2/9/2026 3:53:06 PM","","0","0","","False","",""
"1746","علبه كروشيه ","10","25","25","25","25","","","6","60","0","","True","False","False","0","0","0","","","","","","0","2/9/2026 3:53:06 PM","","0","0","","False","",""
"1747","منظم تلاجه بيد ","10","25","25","25","25","","","4","40","0","","True","False","False","0","0","0","","","","","","0","2/9/2026 3:53:06 PM","","0","0","","False","",""
"1748","طبله بدون عصا ","17.5","35","35","35","35","","","7","122.5","0","","True","False","False","0","0","0","","","","","","0","2/9/2026 3:53:06 PM","","0","0","","False","",""
"1749","طبله صغيره ","6","15","15","15","15","","","2","12","0","","True","False","False","0","0","0","","","","","","0","2/9/2026 3:53:06 PM","","0","0","","False","",""
"1750","طبله يد","17.5","30","30","30","30","","","4","70","0","","True","False","False","0","0","0","","","","","","0","2/9/2026 3:53:06 PM","","0","0","","False","",""
"1751","مخده صغيره  مش شغال ","10","20","20","20","20","","","4","40","0","","True","False","False","0","0","0","","","","","","0","2/9/2026 3:53:06 PM","","0","0","","False","",""
"1752","بوله اكليرك  ورده","15","25","25","25","25","","","2","30","0","","True","False","False","0","0","0","","","","","","0","2/9/2026 3:53:06 PM","","0","0","","False","",""
"1753","صفايه معالق الوان ","12.5","25","25","25","25","","","4","50","0","","True","False","False","0","0","0","","","","","","0","2/9/2026 3:53:06 PM","","0","0","","False","",""
"1754","صفايه بلاستك ساره ","10","25","25","25","25","","","4","40","0","","True","False","False","0","0","0","","","","","","0","2/9/2026 3:53:06 PM","","0","0","","False","",""
"1755","صفايه اورنج ","10","25","25","25","25","","","5","50","0","","True","False","False","0","0","0","","","","","","0","2/9/2026 3:53:06 PM","","0","0","","False","",""
"1756","طبق تسالي باغطاء ","10","25","25","25","25","","","5","50","0","","True","False","False","0","0","0","","","","","","0","2/9/2026 3:53:06 PM","","0","0","","False","",""
"1757","صفايه بلاست ","10","20","20","20","20","","","3","30","0","","True","False","False","0","0","0","","","","","","0","2/9/2026 3:53:06 PM","","0","0","","False","",""
"1758","طبق فريز ","10","20","20","20","25","","","5","50","0","","True","False","False","0","0","0","","","","","","0","2/9/2026 3:53:06 PM","","0","0","","False","",""
"1759","صاج كحك","10","25","25","25","25","","","6","60","0","","True","False","False","0","0","0","","","","","","0","2/9/2026 3:53:06 PM","","0","0","","False","",""
"1760","مطاره صغير ","10","20","20","20","20","","","6","60","0","","True","False","False","0","0","0","","","","","","0","2/9/2026 3:53:06 PM","","0","0","","False","",""
"1761","صلصال +1 لعبه","14","12","12","12","20","","","49","686","0","","True","False","False","0","0","0","","","","","","0","2/9/2026 3:53:06 PM","","0","0","","False","",""
"1762","طباشير الوان ","4","15","15","15","15","","","8","32","0","","True","False","False","0","0","0","","","","","","0","2/9/2026 3:53:06 PM","","0","0","","False","",""
"1763","صلصال 8 لون","3","10","10","10","10","","","9","27","0","","True","False","False","0","0","0","","","","","","0","2/9/2026 3:53:06 PM","","0","0","","False","",""
"1764","بصامه كحك استنلس","5","15","15","15","15","","","6","30","0","","True","False","False","0","0","0","","","","","","0","2/9/2026 3:53:06 PM","","0","0","","False","",""
"1765","ولاعه بوتوجاز ","12","30","30","30","30","","","18","216","0","","True","False","False","0","0","0","","","","","","0","2/9/2026 3:53:06 PM","","0","0","","False","",""
"1766","شماعه استنلس ","9","30","30","30","30","","","3","27","0","","True","False","False","0","0","0","","","","","","0","2/9/2026 3:53:06 PM","","0","0","","False","",""
"1767","شنطه خزين صغير ","10","25","25","25","25","","","5","50","0","","True","False","False","0","0","0","","","","","","0","2/9/2026 3:53:06 PM","","0","0","","False","",""
"1768","شنطه خزين كبير","20","60","60","60","60","","","12","240","0","","True","False","False","0","0","0","","","","","","0","2/9/2026 3:53:06 PM","","0","0","","False","",""
"1769","شنطه خزين وسط","15","45","45","45","45","","","12","180","0","","True","False","False","0","0","0","","","","","","0","2/9/2026 3:53:06 PM","","0","0","","False","",""
"1770","غلق اكياس ","10","30","30","30","30","","","3","30","0","","True","False","False","0","0","0","","","","","","0","2/9/2026 3:53:06 PM","","0","0","","False","",""
"1771","غلق حراري ","15","45","45","45","45","","","3","45","0","","True","False","False","0","0","0","","","","","","0","2/9/2026 3:53:06 PM","","0","0","","False","",""
"1772","غطاء للملابس مكواه ","5","15","15","15","15","","","4","20","0","","True","False","False","0","0","0","","","","","","0","2/9/2026 3:53:06 PM","","0","0","","False","",""
"1773","كيس للبطاطين فكيوم ","30","60","60","60","60","","","3","90","0","","True","False","False","0","0","0","","","","","","0","2/9/2026 3:53:06 PM","","0","0","","False","",""
"1774","حامل سخن سيلكون","5","15","15","15","15","","","3","15","0","","True","False","False","0","0","0","","","","","","0","2/9/2026 3:53:06 PM","","0","0","","False","",""
"1775","كيس بطانيه فاكيوم","30","60","60","60","60","","","3","90","0","","True","False","False","0","0","0","","","","","","0","2/9/2026 3:53:06 PM","","0","0","","False","",""
"1776","خرز الوان صغير","5","15","15","15","15","","","7","35","0","","True","False","False","0","0","0","","","","","","0","2/9/2026 3:53:06 PM","","0","0","","False","",""
"1777","مسدس صوت جديد","5","20","20","20","20","","","6","30","0","","True","False","False","0","0","0","","","","","","0","2/9/2026 3:53:06 PM","","0","0","","False","",""
"1778","شمع صاروخ صغير بالوحده","4","9","9","9","15","","","46","184","0","","True","False","False","0","0","0","","","","","","0","2/9/2026 3:53:06 PM","","0","0","","False","",""
"1779","ستاره عيد ميلاد","18","30","30","30","40","","","96","1440","0","","True","False","False","0","0","0","","","0","1","0","0","2/9/2026 3:53:06 PM","","0","0","","False","",""
"1780","مسن ","30","45","45","45","45","","","1","30","0","","True","False","False","0","0","0","","","","","","0","2/9/2026 3:53:06 PM","","0","0","","False","",""
"1781","فرع مناديل الوان ","10","25","25","25","25","","","1","10","0","","True","False","False","0","0","0","","","","","","0","2/9/2026 3:53:06 PM","","0","0","","False","",""
"1782","كابل LDNIO","20","40","40","40","40","","","6","120","0","","True","False","False","0","0","0","","","","","","0","2/9/2026 3:53:06 PM","","0","0","","False","",""
"1783","سماعه G6","25","50","50","50","50","","","5","125","0","","True","False","False","0","0","0","","","","","","0","2/9/2026 3:53:06 PM","","0","0","","False","",""
"1784","سماعه G3","18","45","45","45","45","","","4","72","0","","True","False","False","0","0","0","","","","","","0","2/9/2026 3:53:06 PM","","0","0","","False","",""
"1785","AORAX IPHONE","12","30","30","30","30","","","4","48","0","","True","False","False","0","0","0","","","","","","0","2/9/2026 3:53:06 PM","","0","0","","False","",""
"1786","AORAX TYPE-C","12","30","30","30","30","","","6","72","0","","True","False","False","0","0","0","","","","","","0","2/9/2026 3:53:06 PM","","0","0","","False","",""
"1787","U-4 سماعه","17","35","35","35","35","","","4","68","0","","True","False","False","0","0","0","","","","","","0","2/9/2026 3:53:06 PM","","0","0","","False","",""
"1788","مصاه  حجم كبير ","15","45","45","45","45","","","2","30","0","","True","False","False","0","0","0","","","","","","0","2/9/2026 3:53:06 PM","","0","0","","False","",""
"1789","الوان فابر كاسل ومايه","35","50","50","50","50","","","2","70","0","","True","False","False","0","0","0","","","","","","0","2/9/2026 3:53:06 PM","","0","0","","False","",""
"1790","قطايف ","10","25","25","25","25","","","6","60","0","","True","False","False","0","0","0","","","","","","0","2/9/2026 3:53:06 PM","","0","0","","False","",""
"1791","مقوار ","7","15","15","15","15","","","3","21","0","","True","False","False","0","0","0","","","","","","0","2/9/2026 3:53:06 PM","","0","0","","False","",""
"1792","قطاعه سلوتيب  جديد","15","30","30","30","30","","","2","30","0","","True","False","False","0","0","0","","","","","","0","2/9/2026 3:53:06 PM","","0","0","","False","",""
"1793","قطاعه سلوتب بلاستك","8","20","20","20","20","","","1","8","0","","True","False","False","0","0","0","","","","","","0","2/9/2026 3:53:06 PM","","0","0","","False","",""
"1794","دورق اكليرك ","28","55","55","55","55","","","3","84","0","","True","False","False","0","0","0","","","","","","0","2/9/2026 3:53:06 PM","","0","0","","False","",""
"1795","مرايه حمام ","47.5","75","75","75","75","","","6","285","0","","True","False","False","0","0","0","","","","","","0","2/9/2026 3:53:06 PM","","0","0","","False","",""
"1796","صانيه عشاء مسطيل ","80","110","110","110","110","","","2","160","0","","True","False","False","0","0","0","","","","","","0","2/9/2026 3:53:06 PM","","0","0","","False","",""
"1797","جريل مقاس 34","135","150","150","150","180","","","4","540","0","","True","False","False","0","0","0","","","","","","0","2/9/2026 3:53:06 PM","","0","0","","False","",""
"1798","باسكت زباله ضغط ","80","120","120","120","120","","","2","160","0","","True","False","False","0","0","0","","","","","","0","2/9/2026 3:53:06 PM","","0","0","","False","",""
"1799","الوان مايه عيون ","20","30","30","30","50","","","8","160","0","","True","False","False","0","0","0","","","0","1","0","0","2/9/2026 3:53:06 PM","","0","0","","False","",""
"1800","جردل بحر ","20","45","45","45","50","","","10","200","0","","True","False","False","0","0","0","","","","","","0","2/9/2026 3:53:06 PM","","0","0","","False","",""
"1801","عروسه فساتين كبير ","62","130","130","130","140","","","3","186","0","","True","False","False","0","0","0","","","","","","0","2/9/2026 3:53:06 PM","","0","0","","False","",""
"1802","مطبخ فروزن ست ","110","160","160","160","160","","","4","440","0","","True","False","False","0","0","0","","","","","","0","2/9/2026 3:53:06 PM","","0","0","","False","",""
"1803","super heros","61","110","110","110","110","","","2","122","0","","True","False","False","0","0","0","","","","","","0","2/9/2026 3:53:06 PM","","0","0","","False","",""
"1804","مطبخ كبير بنك ","124","230","230","230","230","","","2","248","0","","True","False","False","0","0","0","","","","","","0","2/9/2026 3:53:06 PM","","0","0","","False","",""
"1805","همر ريموت اربع اتجاهات","72","125","125","125","125","","","3","216","0","","True","False","False","0","0","0","","","","","","0","2/9/2026 3:53:06 PM","","0","0","","False","",""
"1806","خلاط  وتستر ","50","90","90","90","90","","","4","200","0","","True","False","False","0","0","0","","","","","","0","2/9/2026 3:53:06 PM","","0","0","","False","",""
"1807","مسدس صوت علبه ","61","90","90","90","90","","","2","122","0","","True","False","False","0","0","0","","","","","","0","2/9/2026 3:53:06 PM","","0","0","","False","",""
"1808","ميكانو وسط","27","65","65","65","60","","","7","189","0","","True","False","False","0","0","0","","","","","","0","2/9/2026 3:53:06 PM","","0","0","","False","",""
"1809","لعبه جراج ","44","85","85","85","85","","","2","88","0","","True","False","False","0","0","0","","","","","","0","2/9/2026 3:53:06 PM","","0","0","","False","",""
"1810","كارت مسدس صغيرر","4","15","15","15","15","","","3","12","0","","True","False","False","0","0","0","","","","","","0","2/9/2026 3:53:06 PM","","0","0","","False","",""
"1811","علبه جنود صغير","55","110","110","110","110","","","2","110","0","","True","False","False","0","0","0","","","","","","0","2/9/2026 3:53:06 PM","","0","0","","False","",""
"1812","عربيه وطياره ","46","90","90","90","90","","","2","92","0","","True","False","False","0","0","0","","","","","","0","2/9/2026 3:53:06 PM","","0","0","","False","",""
"1813","قطار جديد علبه","45","100","100","100","85","","","6","270","0","","True","False","False","0","0","0","","","","","","0","2/9/2026 3:53:06 PM","","0","0","","False","",""
"1814","مطبخ علبه ","124","230","230","230","230","","","2","248","0","","True","False","False","0","0","0","","","","","","0","2/9/2026 3:53:06 PM","","0","0","","False","",""
"1815","عروسه فستان","15","35","35","35","35","","","5","75","0","","True","False","False","0","0","0","","","","","","0","2/9/2026 3:53:06 PM","","0","0","","False","",""
"1816","عروسه سشوار وبوتي+","107","165","165","165","165","","","2","214","0","","True","False","False","0","0","0","","","","","","0","2/9/2026 3:53:06 PM","","0","0","","False","",""
"1817","ونش","74","120","120","120","120","","","3","222","0","","True","False","False","0","0","0","","","","","","0","2/9/2026 3:53:06 PM","","0","0","","False","",""
"1818","مسدس نيشان","54","80","80","80","80","","","2","108","0","","True","False","False","0","0","0","","","","","","0","2/9/2026 3:53:06 PM","","0","0","","False","",""
"1819","عروسه happy girl","65","120","120","120","125","","","3","195","0","","True","False","False","0","0","0","","","","","","0","2/9/2026 3:53:06 PM","","0","0","","False","",""
"1820","شطرنج ثقيل","63","100","100","100","100","","","3","189","0","","True","False","False","0","0","0","","","","","","0","2/9/2026 3:53:06 PM","","0","0","","False","",""
"1821","طقم مطبخ كبير ","115","220","220","220","250","","","3","339","0","","True","False","False","0","0","0","","","0","1","0","0","2/9/2026 3:53:06 PM","","0","0","","False","",""
"1822","مسدس سبيدرمان","90","160","160","160","160","","","4","360","0","","True","False","False","0","0","0","","","","","","0","2/9/2026 3:53:06 PM","","0","0","","False","",""
"1823","شبكه كور","10","25","25","25","25","","","4","40","0","","True","False","False","0","0","0","","","","","","0","2/9/2026 3:53:06 PM","","0","0","","False","",""
"1824","عروسه بيبي مرايا","102","165","165","165","165","","","2","204","0","","True","False","False","0","0","0","","","","","","0","2/9/2026 3:53:06 PM","","0","0","","False","",""
"1825","كوره حصاله صغير ","24","45","45","45","45","","","2","48","0","","True","False","False","0","0","0","","","","","","0","2/9/2026 3:53:06 PM","","0","0","","False","",""
"1826","موتسكل بريموت كنترول ","113","180","180","180","180","","","2","226","0","","True","False","False","0","0","0","","","","","","0","2/9/2026 3:53:06 PM","","0","0","","False","",""
"1827","عروسه طقيه وسط ","120","170","170","170","170","","","3","360","0","","True","False","False","0","0","0","","","","","","0","2/9/2026 3:53:06 PM","","0","0","","False","",""
"1828","مسدس طلق صغير ","5","15","15","15","15","","","3","15","0","","True","False","False","0","0","0","","","","","","0","2/9/2026 3:53:06 PM","","0","0","","False","",""
"1829","مدفع عربيه ","10","25","25","25","25","","","4","40","0","","True","False","False","0","0","0","","","","","","0","2/9/2026 3:53:06 PM","","0","0","","False","",""
"1830","عروسه بابوسيت","52","80","80","80","80","","","0","0","0","","True","False","False","0","0","0","","","","","","0","2/9/2026 3:53:06 PM","","0","0","","False","",""
"1831","خلاط ","21","45","45","45","45","","","3","63","0","","True","False","False","0","0","0","","","","","","0","2/9/2026 3:53:06 PM","","0","0","","False","",""
"1832","كارت ديناصور ","27","60","60","60","60","","","6","162","0","","True","False","False","0","0","0","","","","","","0","2/9/2026 3:53:06 PM","","0","0","","False","",""
"1833","خلاط مضرب كولدير","63","100","100","100","100","","","3","189","0","","True","False","False","0","0","0","","","","","","0","2/9/2026 3:53:06 PM","","0","0","","False","",""
"1834","عروسه مفصل","30","70","70","70","70","","","3","90","0","","True","False","False","0","0","0","","","","","","0","2/9/2026 3:53:06 PM","","0","0","","False","",""
"1835","علب ثلاجه مدستار","30","60","60","60","60","","","3","90","0","","True","False","False","0","0","0","","","","","","0","2/9/2026 3:53:06 PM","","0","0","","False","",""
"1836","اسبرى blu","27","50","50","50","50","","","3","81","0","","True","False","False","0","0","0","","","","","","0","2/9/2026 3:53:06 PM","","0","0","","False","",""
"1837","اسبري emaer","34","70","70","70","70","","","2","68","0","","True","False","False","0","0","0","","","","","","0","2/9/2026 3:53:06 PM","","0","0","","False","",""
"1838","برفان رجالي valentino","36","100","100","100","100","","","2","72","0","","True","False","False","0","0","0","","","","","","0","2/9/2026 3:53:06 PM","","0","0","","False","",""
"1839","برفان رجالي FARRERI","34","80","80","80","80","","","3","102","0","","True","False","False","0","0","0","","","","","","0","2/9/2026 3:53:06 PM","","0","0","","False","",""
"1840","JADORE 2","28","75","75","75","75","","","2","56","0","","True","False","False","0","0","0","","","","","","0","2/9/2026 3:53:06 PM","","0","0","","False","",""
"1841","برفان GAWAD","33","85","85","85","85","","","1","33","0","","True","False","False","0","0","0","","","","","","0","2/9/2026 3:53:06 PM","","0","0","","False","",""
"1842","محفظه رجالي 2","25","50","50","50","50","","","15","375","0","","True","False","False","0","0","0","","","","","","0","2/9/2026 3:53:06 PM","","0","0","","False","",""
"1843","طقم ميكب فرش 7قطع","25","55","55","55","55","","","3","75","0","","True","False","False","0","0","0","","","","","","0","2/9/2026 3:53:06 PM","","0","0","","False","",""
"1844","سلسله ثقيل","18","30","30","30","30","","","3","54","0","","True","False","False","0","0","0","","","","","","0","2/9/2026 3:53:06 PM","","0","0","","False","",""
"1845","شنطه CROSS","35","60","60","60","60","","","3","105","0","","True","False","False","0","0","0","","","","","","0","2/9/2026 3:53:06 PM","","0","0","","False","",""
"1846","توكه سيليكون اطفال","4","10","10","10","10","","","10","40","0","","True","False","False","0","0","0","","","","","","0","2/9/2026 3:53:06 PM","","0","0","","False","",""
"1847","ساعه sport","35","70","70","70","70","","","3","105","0","","True","False","False","0","0","0","","","","","","0","2/9/2026 3:53:06 PM","","0","0","","False","",""
"1848","طقم مطبخ","45","80","80","80","80","","","2","90","0","","True","False","False","0","0","0","","","","","","0","2/9/2026 3:53:06 PM","","0","0","","False","",""
"1849","مسدس كبير","35","65","65","65","65","","","3","105","0","","True","False","False","0","0","0","","","","","","0","2/9/2026 3:53:06 PM","","0","0","","False","",""
"1850","مسدس خرزز","42","70","70","70","70","","","4","168","0","","True","False","False","0","0","0","","","","","","0","2/9/2026 3:53:06 PM","","0","0","","False","",""
"1851","كارت نجار خوذه اصفر","135","65","65","65","215","","","22","2970","0","","True","False","False","0","0","0","","","","","","0","2/9/2026 3:53:06 PM","","0","0","","False","",""
"1852","مسدس خرز 2","14","25","25","25","25","","","6","84","0","","True","False","False","0","0","0","","","","","","0","2/9/2026 3:53:06 PM","","0","0","","False","",""
"1853","عروسه علبه جرس ","40","90","90","90","90","","","2","80","0","","True","False","False","0","0","0","","","","","","0","2/9/2026 3:53:06 PM","","0","0","","False","",""
"1854","عربيه lamburgeni","120","175","175","175","190","","","4","480","0","","True","False","False","0","0","0","","","","","","0","2/9/2026 3:53:06 PM","","0","0","","False","",""
"1855","مسدس خرز بابجي","30","65","65","65","65","","","3","90","0","","True","False","False","0","0","0","","","","","","0","2/9/2026 3:53:06 PM","","0","0","","False","",""
"1856","علبه حظاظات","45","85","85","85","85","","","2","90","0","","True","False","False","0","0","0","","","","","","0","2/9/2026 3:53:06 PM","","0","0","","False","",""
"1857","خوزه بابجي ","25","40","40","40","40","","","3","75","0","","True","False","False","0","0","0","","","","","","0","2/9/2026 3:53:06 PM","","0","0","","False","",""
"1858","خوزه بابجي ليزر","30","60","60","60","60","","","9","270","0","","True","False","False","0","0","0","","","","","","0","2/9/2026 3:53:06 PM","","0","0","","False","",""
"1859","مسدس خرز كبيرر","40","80","80","80","80","","","4","160","0","","True","False","False","0","0","0","","","","","","0","2/9/2026 3:53:06 PM","","0","0","","False","",""
"1860","مسدس شراره","20","40","40","40","40","","","2","40","0","","True","False","False","0","0","0","","","","","","0","2/9/2026 3:53:06 PM","","0","0","","False","",""
"1861","بيبليد حديد","45","90","90","90","90","","","29","1305","0","","True","False","False","0","0","0","","","","","","0","2/9/2026 3:53:06 PM","","0","0","","False","",""
"1862","مسداس بابجي حديد خرز","40","75","75","75","75","","","2","80","0","","True","False","False","0","0","0","","","","","","0","2/9/2026 3:53:06 PM","","0","0","","False","",""
"1863","مسدس بابجي","50","90","90","90","90","","","2","100","0","","True","False","False","0","0","0","","","","","","0","2/9/2026 3:53:06 PM","","0","0","","False","",""
"1864","كارت شاحنات","40","70","70","70","70","","","2","80","0","","True","False","False","0","0","0","","","","","","0","2/9/2026 3:53:06 PM","","0","0","","False","",""
"1865","كارت مسدس كبير + كلبش","40","75","75","75","80","","","9","360","0","","True","False","False","0","0","0","","","","","","0","2/9/2026 3:53:06 PM","","0","0","","False","",""
"1866","كارت مسدس كبيرر","65","100","100","100","110","","","5","325","0","","True","False","False","0","0","0","","","","","","0","2/9/2026 3:53:06 PM","","0","0","","False","",""
"1867","monoply","135","200","200","200","200","","","2","270","0","","True","False","False","0","0","0","","","","","","0","2/9/2026 3:53:06 PM","","0","0","","False","",""
"1868","big avengers","36.5","60","60","60","65","","","11","401.5","0","","True","False","False","0","0","0","","","","","","0","2/9/2026 3:53:06 PM","","0","0","","False","",""
"1869","hot wheels 8 avengers","125","190","190","190","190","","","2","250","0","","True","False","False","0","0","0","","","","","","0","2/9/2026 3:53:06 PM","","0","0","","False","",""
"1870","ليجو 252","170","250","250","250","250","","","8","1360","0","","True","False","False","0","0","0","","","","","","0","2/9/2026 3:53:06 PM","","0","0","","False","",""
"1871","ليجو 71","89","75","75","75","140","","","40","3560","0","","True","False","False","0","0","0","","","","","","0","2/9/2026 3:53:06 PM","","0","0","","False","",""
"1872","alloy car 10","170","240","240","240","250","","","4","680","0","","True","False","False","0","0","0","","","","","","0","2/9/2026 3:53:06 PM","","0","0","","False","",""
"1873","ليجو 181","143","185","185","185","215","","","9","1287","0","","True","False","False","0","0","0","","","","","","0","2/9/2026 3:53:06 PM","","0","0","","False","",""
"1874","avengers 6 ","155","190","190","190","230","","","10","1550","0","","True","False","False","0","0","0","","","","","","0","2/9/2026 3:53:06 PM","","0","0","","False","",""
"1875","avengers 8","195","250","250","250","280","","","7","1365","0","","True","False","False","0","0","0","","","","","","0","2/9/2026 3:53:06 PM","","0","0","","False","",""
"1876","avengers 10","240","300","300","300","330","","","4","960","0","","True","False","False","0","0","0","","","","","","0","2/9/2026 3:53:06 PM","","0","0","","False","",""
"1877","avengers","23.33333","40","40","40","40","","","42","979.99986","0","","True","False","False","0","0","0","","","","","","0","2/9/2026 3:53:06 PM","","0","0","","False","",""
"1878","dinosaur trunk","130","175","175","175","175","","","2","260","0","","True","False","False","0","0","0","","","","","","0","2/9/2026 3:53:06 PM","","0","0","","False","",""
"1879","trunk hot wheels حديد","110","160","160","160","160","","","3","330","0","","True","False","False","0","0","0","","","","","","0","2/9/2026 3:53:06 PM","","0","0","","False","",""
"1880"," trunk hot wheels بلاستيك","98","150","150","150","150","","","3","294","0","","True","False","False","0","0","0","","","","","","0","2/9/2026 3:53:06 PM","","0","0","","False","",""
"1881","robot battle ","360","500","500","500","500","","","1","360","0","","True","False","False","0","0","0","","","","","","0","2/9/2026 3:53:06 PM","","0","0","","False","",""
"1882","smart dog","445","650","650","650","750","","","4","1780","0","","True","False","False","0","0","0","","","","","","0","2/9/2026 3:53:06 PM","","0","0","","False","",""
"1883","big villa 122","490","690","690","690","690","","","1","490","0","","True","False","False","0","0","0","","","","","","0","2/9/2026 3:53:06 PM","","0","0","","False","",""
"1884","villa 65","395","565","565","565","565","","","1","395","0","","True","False","False","0","0","0","","","","","","0","2/9/2026 3:53:06 PM","","0","0","","False","",""
"1885","lucky beautiful","155","200","200","200","200","","","2","310","0","","True","False","False","0","0","0","","","","","","0","2/9/2026 3:53:06 PM","","0","0","","False","",""
"1886","علبه مكياج كبير","125","110","110","110","285","","","18","2520","0","","True","False","False","0","0","0","","","0","1","0","0","2/9/2026 3:53:06 PM","","0","0","","False","",""
"1887","ice doll","135","175","175","175","175","","","2","270","0","","True","False","False","0","0","0","","","","","","0","2/9/2026 3:53:06 PM","","0","0","","False","",""
"1888","hot wheels 6","117","125","125","125","160","","","4","468","0","","True","False","False","0","0","0","","","","","","0","2/9/2026 3:53:06 PM","","0","0","","False","",""
"1889","اورج كبير","165","220","220","220","220","","","3","495","0","","True","False","False","0","0","0","","","","","","0","2/9/2026 3:53:06 PM","","0","0","","False","",""
"1890","مكياج ص lol","84","65","65","65","140","","","31","2604","0","","True","False","False","0","0","0","","","","","","0","2/9/2026 3:53:06 PM","","0","0","","False","",""
"1891","fashoin princess","280","335","335","335","650","","","3","840","0","","True","False","False","0","0","0","","","","","","0","2/9/2026 3:53:06 PM","","0","0","","False","",""
"1892","fashoin princesss","230","285","285","285","335","","","3","690","0","","True","False","False","0","0","0","","","","","","0","2/9/2026 3:53:06 PM","","0","0","","False","",""
"1893","lucky beautiful kitchen","155","200","200","200","200","","","2","310","0","","True","False","False","0","0","0","","","","","","0","2/9/2026 3:53:06 PM","","0","0","","False","",""
"1894","my pretty girl","180","250","250","250","285","","","4","720","0","","True","False","False","0","0","0","","","","","","0","2/9/2026 3:53:06 PM","","0","0","","False","",""
"1895","car iron man","84","135","135","135","135","","","2","168","0","","True","False","False","0","0","0","","","","","","0","2/9/2026 3:53:06 PM","","0","0","","False","",""
"1896","lol doll","204","185","185","185","315","","","15","3060","0","","True","False","False","0","0","0","","","","","","0","2/9/2026 3:53:06 PM","","0","0","","False","",""
"1897","kitchen play","135","175","175","175","175","","","2","270","0","","True","False","False","0","0","0","","","","","","0","2/9/2026 3:53:06 PM","","0","0","","False","",""
"1898","my pretty hourse","125","165","165","165","165","","","2","250","0","","True","False","False","0","0","0","","","","","","0","2/9/2026 3:53:06 PM","","0","0","","False","",""
"1899","moyo lucky beautiful","165","220","220","220","220","","","1","165","0","","True","False","False","0","0","0","","","","","","0","2/9/2026 3:53:06 PM","","0","0","","False","",""
"1900","doll","178","250","250","250","250","","","2","356","0","","True","False","False","0","0","0","","","","","","0","2/9/2026 3:53:06 PM","","0","0","","False","",""
"1901","furnture set","170","220","220","220","260","","","1","170","0","","True","False","False","0","0","0","","","","","","0","2/9/2026 3:53:06 PM","","0","0","","False","",""
"1902","lol hourse","177","235","235","235","235","","","2","354","0","","True","False","False","0","0","0","","","","","","0","2/9/2026 3:53:06 PM","","0","0","","False","",""
"1903","frozen hourse","168","220","220","220","250","","","2","336","0","","True","False","False","0","0","0","","","","","","0","2/9/2026 3:53:06 PM","","0","0","","False","",""
"1904","holiday picnic","170","210","210","210","210","","","2","340","0","","True","False","False","0","0","0","","","","","","0","2/9/2026 3:53:06 PM","","0","0","","False","",""
"1905","o.m.g","110","130","130","130","170","","","19","2090","0","","True","False","False","0","0","0","","","","","","0","2/9/2026 3:53:06 PM","","0","0","","False","",""
"1906","gytar","215","250","250","250","270","","","4","860","0","","True","False","False","0","0","0","","","","","","0","2/9/2026 3:53:06 PM","","0","0","","False","",""
"1907","baby born","320","315","315","315","415","","","5","1600","0","","True","False","False","0","0","0","","","","","","0","2/9/2026 3:53:06 PM","","0","0","","False","",""
"1908","little horse","82","125","125","125","135","","","2","164","0","","True","False","False","0","0","0","","","","","","0","2/9/2026 3:53:06 PM","","0","0","","False","",""
"1909","LITTLE HORSE BABY","104","110","110","110","165","","","12","1248","0","","True","False","False","0","0","0","","","","","","0","2/9/2026 3:53:06 PM","","0","0","","False","",""
"1910","HOURSE QUEEN","125","165","165","165","165","","","2","250","0","","True","False","False","0","0","0","","","","","","0","2/9/2026 3:53:06 PM","","0","0","","False","",""
"1911","HOURSE set","46","70","70","70","70","","","2","92","0","","True","False","False","0","0","0","","","","","","0","2/9/2026 3:53:06 PM","","0","0","","False","",""
"1912","doll bed`","190","300","300","300","300","","","1","190","0","","True","False","False","0","0","0","","","","","","0","2/9/2026 3:53:06 PM","","0","0","","False","",""
"1913","فيلا take me home","135","190","190","190","190","","","6","810","0","","True","False","False","0","0","0","","","","","","0","2/9/2026 3:53:06 PM","","0","0","","False","",""
"1914","بيانو  LOL","240","190","190","190","395","","","11","2640","0","","True","False","False","0","0","0","","","","","","0","2/9/2026 3:53:06 PM","","0","0","","False","",""
"1915","شوراب حريمي اماراتي","5","10","10","10","10","","","1","5","0","","True","False","False","0","0","0","","","","","","0","2/9/2026 3:53:06 PM","","0","0","","False","",""
"1916","نظاره بحر ","9","30","30","30","30","","","17","153","0","","True","False","False","0","0","0","","","","","","0","2/9/2026 3:53:06 PM","","0","0","","False","",""
"1917","بونيه بحر","30","50","50","50","50","","","5","150","0","","True","False","False","0","0","0","","","","","","0","2/9/2026 3:53:06 PM","","0","0","","False","",""
"1918","happy birthday","8.5","15","15","15","15","","","21","178.5","0","","True","False","False","0","0","0","","","","","","0","2/9/2026 3:53:06 PM","","0","0","","False","",""
"1919","كانسون الوان مش شغال ","21","25","25","25","30","","","168","3528","0","","True","False","False","0","0","0","","","","","","0","2/9/2026 3:53:06 PM","","0","0","","False","",""
"1920","صلصال 24","17","30","30","30","30","","","3","51","0","","True","False","False","0","0","0","","","","","","0","2/9/2026 3:53:06 PM","","0","0","","False","",""
"1921","سلوتيب عريض ص","5.5","10","10","10","12","","","60","330","0","","True","False","False","0","0","0","","","","","","0","2/9/2026 3:53:06 PM","","0","0","","False","",""
"1922","ملف تقديم مدارس","5","5","5","5","10","","","100","500","0","","True","False","False","0","0","0","","","","","","0","2/9/2026 3:53:06 PM","","0","0","","False","",""
"1923","عدسه مكبره كبير","7.5","20","20","20","20","","","3","22.5","0","","True","False","False","0","0","0","","","","","","0","2/9/2026 3:53:06 PM","","0","0","","False","",""
"1924","عدسه مكبره صغير","5","15","15","15","15","","","3","15","0","","True","False","False","0","0","0","","","","","","0","2/9/2026 3:53:06 PM","","0","0","","False","",""
"1925","كشكول 180 A4","16.5","30","30","30","75","","","4","66","0","","True","False","False","0","0","0","","","","","","0","2/9/2026 3:53:06 PM","","0","0","","False","",""
"1926","انبوبه ترتر برونز","0.71","5","5","5","5","","","21","14.91","0","","True","False","False","0","0","0","","","","","","0","2/9/2026 3:53:06 PM","","0","0","","False","",""
"1927","كتاب تلوين ك","15","25","25","25","25","","","62","558","0","","True","False","False","0","0","0","","","0","1","0","0","2/9/2026 3:53:06 PM","","0","0","","False","",""
"1928","سماعه","7.5","15","15","15","15","","","8","60","0","","True","False","False","0","0","0","","","","","","0","2/9/2026 3:53:06 PM","","0","0","","False","",""
"1929","سماعه ايفون","15","40","40","40","40","","","2","30","0","","True","False","False","0","0","0","","","","","","0","2/9/2026 3:53:06 PM","","0","0","","False","",""
"1930","كابل ايفون دولفين","7","20","20","20","20","","","5","35","0","","True","False","False","0","0","0","","","","","","0","2/9/2026 3:53:06 PM","","0","0","","False","",""
"1931","شاحن لينو سامسونج","65","115","115","115","115","","","2","130","0","","True","False","False","0","0","0","","","","","","0","2/9/2026 3:53:06 PM","","0","0","","False","",""
"1932","شاحن لينو ايفون","65","115","115","115","115","","","2","130","0","","True","False","False","0","0","0","","","","","","0","2/9/2026 3:53:06 PM","","0","0","","False","",""
"1933","شاحن لينو تيب سي","65","115","115","115","115","","","2","130","0","","True","False","False","0","0","0","","","","","","0","2/9/2026 3:53:06 PM","","0","0","","False","",""
"1934","كابل تيب سي","17","45","45","45","45","","","5","85","0","","True","False","False","0","0","0","","","","","","0","2/9/2026 3:53:06 PM","","0","0","","False","",""
"1935","كابل ايفون","17","45","45","45","45","","","4","68","0","","True","False","False","0","0","0","","","","","","0","2/9/2026 3:53:06 PM","","0","0","","False","",""
"1936","كابل ايفون  متر dc3i","25","50","50","50","60","","","46","1150","0","","True","False","False","0","0","0","","","","","","0","2/9/2026 3:53:06 PM","","0","0","","False","",""
"1937","كابل تيب سي emy","20","50","50","50","50","","","4","80","0","","True","False","False","0","0","0","","","","","","0","2/9/2026 3:53:06 PM","","0","0","","False","",""
"1938","شاحن مغناطيس بينور","35","90","90","90","75","","","14","490","0","","True","False","False","0","0","0","","","","","","0","2/9/2026 3:53:06 PM","","0","0","","False","",""
"1939","شاحن مغناطيس","25","65","65","65","65","","","3","75","0","","True","False","False","0","0","0","","","","","","0","2/9/2026 3:53:06 PM","","0","0","","False","",""
"1940","adapter convert","13","30","30","30","30","","","2","26","0","","True","False","False","0","0","0","","","","","","0","2/9/2026 3:53:06 PM","","0","0","","False","",""
"1941","كيس قطن ص","4","10","10","10","10","","","3","12","0","","True","False","False","0","0","0","","","","","","0","2/9/2026 3:53:06 PM","","0","0","","False","",""
"1942","big robot","680","1150","1150","1150","1150","","","1","680","0","","True","False","False","0","0","0","","","","","","0","2/9/2026 3:53:06 PM","","0","0","","False","",""
"1943","ligo princess 92","59","100","100","100","100","","","7","413","0","","True","False","False","0","0","0","","","","","","0","2/9/2026 3:53:06 PM","","0","0","","False","",""
"1944","ligo princess 118","76","125","125","125","125","","","6","456","0","","True","False","False","0","0","0","","","","","","0","2/9/2026 3:53:06 PM","","0","0","","False","",""
"1945","identical","35","65","65","65","65","","","5","175","0","","True","False","False","0","0","0","","","","","","0","2/9/2026 3:53:06 PM","","0","0","","False","",""
"1946","عربيه ","20","35","35","35","35","","","1","20","0","","True","False","False","0","0","0","","","","","","0","2/9/2026 3:53:06 PM","","0","0","","False","",""
"1947","عوامه كبير","30","60","60","60","60","","","4","120","0","","True","False","False","0","0","0","","","","","","0","2/9/2026 3:53:06 PM","","0","0","","False","",""
"1948","Drteizكبير","85","130","130","130","130","","","1","85","0","","True","False","False","0","0","0","","","","","","0","2/9/2026 3:53:06 PM","","0","0","","False","",""
"1949"," بالواحده remax samsung flash","8","25","25","25","25","","","10","80","0","","True","False","False","0","0","0","","","","","","0","2/9/2026 3:53:06 PM","","0","0","","False","",""
"1950"," بالواحده remax type-c flash","10","25","25","25","25","","","10","100","0","","True","False","False","0","0","0","","","","","","0","2/9/2026 3:53:06 PM","","0","0","","False","",""
"1951","سماعه iphone","25","55","55","55","55","","","10","250","0","","True","False","False","0","0","0","","","","","","0","2/9/2026 3:53:06 PM","","0","0","","False","",""
"1952","baku gan ","48","70","70","70","70","","","2","96","0","","True","False","False","0","0","0","","","","","","0","2/9/2026 3:53:06 PM","","0","0","","False","",""
"1953","baku gan 3 pcs","112","190","190","190","190","","","2","224","0","","True","False","False","0","0","0","","","","","","0","2/9/2026 3:53:06 PM","","0","0","","False","",""
"1954","x o","6","25","25","25","30","","","5","30","0","","True","False","False","0","0","0","","","","","","0","2/9/2026 3:53:06 PM","","0","0","","False","",""
"1955","بلي","10","25","25","25","25","","","2","20","0","","True","False","False","0","0","0","","","","","","0","2/9/2026 3:53:06 PM","","0","0","","False","",""
"1956","شمع نور بالوحده","1","2","2","2","2","","","36","36","0","","True","False","False","0","0","0","","","","","","0","2/9/2026 3:53:06 PM","","0","0","","False","",""
"1957","عروسه بحر","21","35","35","35","40","","","8","168","0","","True","False","False","0","0","0","","","","","","0","2/9/2026 3:53:06 PM","","0","0","","False","",""
"1958","ورق مكتب","3","10","10","10","10","","","6","18","0","","True","False","False","0","0","0","","","","","","0","2/9/2026 3:53:06 PM","","0","0","","False","",""
"1959","عوامه صغير","21","45","45","45","45","","","5","105","0","","True","False","False","0","0","0","","","","","","0","2/9/2026 3:53:06 PM","","0","0","","False","",""
"1960","الوان ميه عيون","18","30","30","30","40","","","7","126","0","","True","False","False","0","0","0","","","","","","0","2/9/2026 3:53:06 PM","","0","0","","False","",""
"1961","اقلام صابوره ودستر","15","30","30","30","30","","","3","45","0","","True","False","False","0","0","0","","","","","","0","2/9/2026 3:53:06 PM","","0","0","","False","",""
"1962","بورد سباحه","30","60","60","60","60","","","3","90","0","","True","False","False","0","0","0","","","","","","0","2/9/2026 3:53:06 PM","","0","0","","False","",""
"1963"," شمعhappy birthday","25","15","15","15","40","","","15","375","0","","True","False","False","0","0","0","","","","","","0","2/9/2026 3:53:06 PM","","0","0","","False","",""
"1964","life jacket","17.5","45","45","45","45","","","3","52.5","0","","True","False","False","0","0","0","","","","","","0","2/9/2026 3:53:06 PM","","0","0","","False","",""
"1965","عوامه نجمه","22.5","55","55","55","55","","","2","45","0","","True","False","False","0","0","0","","","","","","0","2/9/2026 3:53:06 PM","","0","0","","False","",""
"1966","عوامه حلق","18.5","50","50","50","50","","","5","92.5","0","","True","False","False","0","0","0","","","","","","0","2/9/2026 3:53:06 PM","","0","0","","False","",""
"1967","كيس بالون happy","9","10","10","10","15","","","51","459","0","","True","False","False","0","0","0","","","","","","0","2/9/2026 3:53:06 PM","","0","0","","False","",""
"1968","مكياج beauty","54","85","85","85","85","","","2","108","0","","True","False","False","0","0","0","","","","","","0","2/9/2026 3:53:06 PM","","0","0","","False","",""
"1969","يويو","8","35","35","35","35","","","6","48","0","","True","False","False","0","0","0","","","","","","0","2/9/2026 3:53:06 PM","","0","0","","False","",""
"1970","كارت بيتزا","70","55","55","55","185","","","4","280","0","","True","False","False","0","0","0","","","","","","0","2/9/2026 3:53:06 PM","","0","0","","False","",""
"1971","باط","10","20","20","20","20","","","3","30","0","","True","False","False","0","0","0","","","","","","0","2/9/2026 3:53:06 PM","","0","0","","False","",""
"1972","شخليله جديده بالواحده","3","10","10","10","10","","","14","42","0","","True","False","False","0","0","0","","","","","","0","2/9/2026 3:53:06 PM","","0","0","","False","",""
"1973","كارت عربيات نقل","35","80","80","80","80","","","2","70","0","","True","False","False","0","0","0","","","","","","0","2/9/2026 3:53:06 PM","","0","0","","False","",""
"1974","كارت عربيات","27.5","60","60","60","60","","","6","165","0","","True","False","False","0","0","0","","","","","","0","2/9/2026 3:53:06 PM","","0","0","","False","",""
"1975","عربيه بحر","30","60","60","60","60","","","4","120","0","","True","False","False","0","0","0","","","","","","0","2/9/2026 3:53:06 PM","","0","0","","False","",""
"1976","صياد سمك صغير","90","60","60","60","150","","","4","360","0","","True","False","False","0","0","0","","","","","","0","2/9/2026 3:53:06 PM","","0","0","","False","",""
"1977","عروسه بحر سمك","15","45","45","45","45","","","3","45","0","","True","False","False","0","0","0","","","","","","0","2/9/2026 3:53:06 PM","","0","0","","False","",""
"1978","شنطه دهر","60","110","110","110","110","","","3","180","0","","True","False","False","0","0","0","","","","","","0","2/9/2026 3:53:06 PM","","0","0","","False","",""
"1979","بوك مدليه","20","40","40","40","40","","","3","60","0","","True","False","False","0","0","0","","","","","","0","2/9/2026 3:53:06 PM","","0","0","","False","",""
"1980","شنطه وسط","20","60","60","60","60","","","3","60","0","","True","False","False","0","0","0","","","","","","0","2/9/2026 3:53:06 PM","","0","0","","False","",""
"1981","خلخال","8","20","20","20","20","","","3","24","0","","True","False","False","0","0","0","","","","","","0","2/9/2026 3:53:06 PM","","0","0","","False","",""
"1982","حلق طاره","10","25","25","25","25","","","12","120","0","","True","False","False","0","0","0","","","","","","0","2/9/2026 3:53:06 PM","","0","0","","False","",""
"1983","توكه كلبس بالقطعه","7","15","15","15","15","","","16","112","0","","True","False","False","0","0","0","","","","","","0","2/9/2026 3:53:06 PM","","0","0","","False","",""
"1984","طقم بي بليد كامل","50","150","150","150","150","","","2","100","0","","True","False","False","0","0","0","","","","","","0","2/9/2026 3:53:06 PM","","0","0","","False","",""
"1985","عروسه لول","15","30","30","30","30","","","7","105","0","","True","False","False","0","0","0","","","","","","0","2/9/2026 3:53:06 PM","","0","0","","False","",""
"1986","مدفع مياه","20","35","35","35","35","","","6","120","0","","True","False","False","0","0","0","","","","","","0","2/9/2026 3:53:06 PM","","0","0","","False","",""
"1987","كارت تلوين","4","10","10","10","10","","","18","72","0","","True","False","False","0","0","0","","","","","","0","2/9/2026 3:53:06 PM","","0","0","","False","",""
"1988","كتافات بحر","20","35","35","35","35","","","3","60","0","","True","False","False","0","0","0","","","","","","0","2/9/2026 3:53:06 PM","","0","0","","False","",""
"1989","مرايا ا","10","20","20","20","20","","","3","30","0","","True","False","False","0","0","0","","","","","","0","2/9/2026 3:53:06 PM","","0","0","","False","",""
"1990","كلبس شعر اتنين مع بعض","5","15","15","15","15","","","6","30","0","","True","False","False","0","0","0","","","","","","0","2/9/2026 3:53:06 PM","","0","0","","False","",""
"1991","توك الوان استيك كارت كبير","5","5","5","5","10","","","12","60","0","","True","False","False","0","0","0","","","","","","0","2/9/2026 3:53:06 PM","","0","0","","False","",""
"1992","كارت توكه","1.5","5","5","5","5","","","5","7.5","0","","True","False","False","0","0","0","","","","","","0","2/9/2026 3:53:06 PM","","0","0","","False","",""
"1993","حلق فواكه ","1","5","5","5","5","","","36","36","0","","True","False","False","0","0","0","","","","","","0","2/9/2026 3:53:06 PM","","0","0","","False","",""
"1994","مسدس مياه صغير","10","20","20","20","20","","","6","60","0","","True","False","False","0","0","0","","","","","","0","2/9/2026 3:53:06 PM","","0","0","","False","",""
"1995","نظاره","5","15","15","15","15","","","12","60","0","","True","False","False","0","0","0","","","","","","0","2/9/2026 3:53:06 PM","","0","0","","False","",""
"1996","عروسه البحر ","45","30","30","30","70","","","28","1260","0","","True","False","False","0","0","0","","","","","","0","2/9/2026 3:53:06 PM","","0","0","","False","",""
"1997","شخليله كيتي","10","20","20","20","20","","","6","60","0","","True","False","False","0","0","0","","","","","","0","2/9/2026 3:53:06 PM","","0","0","","False","",""
"1998"," كارت ملاهي طياره","85","25","25","25","150","","","8","680","0","","True","False","False","0","0","0","","","","","","0","2/9/2026 3:53:06 PM","","0","0","","False","",""
"1999","شاكوش جديد","10","20","20","20","20","","","2","20","0","","True","False","False","0","0","0","","","","","","0","2/9/2026 3:53:06 PM","","0","0","","False","",""
"2000","ميداليا جلد بنات","10","20","20","20","20","","","6","60","0","","True","False","False","0","0","0","","","","","","0","2/9/2026 3:53:06 PM","","0","0","","False","",""
"2001","خاتم التسبيح الجديد ","10","20","20","20","20","","","41","410","0","","True","False","False","0","0","0","","","","","","0","2/9/2026 3:53:06 PM","","0","0","","False","",""
"2002","فرشه اطفال","10","20","20","20","20","","","3","30","0","","True","False","False","0","0","0","","","","","","0","2/9/2026 3:53:06 PM","","0","0","","False","",""
"2003","شفرات حريمي","30","50","50","50","50","","","3","90","0","","True","False","False","0","0","0","","","","","","0","2/9/2026 3:53:06 PM","","0","0","","False","",""
"2004","منفضه ","15","30","30","30","30","","","3","45","0","","True","False","False","0","0","0","","","","","","0","2/9/2026 3:53:06 PM","","0","0","","False","",""
"2005","شياله الايس كريم","18","35","35","35","35","","","3","54","0","","True","False","False","0","0","0","","","","","","0","2/9/2026 3:53:06 PM","","0","0","","False","",""
"2006","ليفه الوان","3","7","7","7","5","","","9","27","0","","True","False","False","0","0","0","","","","","","0","2/9/2026 3:53:06 PM","","0","0","","False","",""
"2007","مفرش للثلاجه","6","20","20","20","20","","","5","30","0","","True","False","False","0","0","0","","","","","","0","2/9/2026 3:53:06 PM","","0","0","","False","",""
"2008","شوايه للغاز ","55","100","100","100","100","","","2","110","0","","True","False","False","0","0","0","","","","","","0","2/9/2026 3:53:06 PM","","0","0","","False","",""
"2009","ولاعه معها انبوبه غاز","15","35","35","35","35","","","20","300","0","","True","False","False","0","0","0","","","","","","0","2/9/2026 3:53:06 PM","","0","0","","False","",""
"2010","مسدس بوتوجاز","25","50","50","50","50","","","3","75","0","","True","False","False","0","0","0","","","","","","0","2/9/2026 3:53:06 PM","","0","0","","False","",""
"2011","مقور حلزوني بالواحده","5","10","10","10","10","","","5","25","0","","True","False","False","0","0","0","","","","","","0","2/9/2026 3:53:06 PM","","0","0","","False","",""
"2012","بخاخ زيت","40","70","70","70","70","","","1","40","0","","True","False","False","0","0","0","","","","","","0","2/9/2026 3:53:06 PM","","0","0","","False","",""
"2013","diving","30","60","60","60","60","","","3","90","0","","True","False","False","0","0","0","","","","","","0","2/9/2026 3:53:06 PM","","0","0","","False","",""
"2014","مسدس ميه","20","45","45","45","45","","","9","180","0","","True","False","False","0","0","0","","","","","","0","2/9/2026 3:53:06 PM","","0","0","","False","",""
"2015","مدفع ميه","20","35","35","35","35","","","3","60","0","","True","False","False","0","0","0","","","","","","0","2/9/2026 3:53:06 PM","","0","0","","False","",""
"2016","جراب نظاره ميه اطفالي","10","35","35","35","35","","","5","50","0","","True","False","False","0","0","0","","","","","","0","2/9/2026 3:53:06 PM","","0","0","","False","",""
"2017","جراب نظاره ميه","15","30","30","30","30","","","4","60","0","","True","False","False","0","0","0","","","","","","0","2/9/2026 3:53:06 PM","","0","0","","False","",""
"2018","حصاله قفل كبير","15","30","30","30","30","","","8","120","0","","True","False","False","0","0","0","","","","","","0","2/9/2026 3:53:06 PM","","0","0","","False","",""
"2019","اطباق عيد ميلاد كبير","10","20","20","20","20","","","122","1220","0","","True","False","False","0","0","0","","","","","","0","2/9/2026 3:53:06 PM","","0","0","","False","",""
"2020","كبريت وسط","0.5","2","2","2","5","","","20","10","0","","True","False","False","0","0","0","","","","","","0","2/9/2026 3:53:06 PM","","0","0","","False","",""
"2021","جروف ج","17.5","25","25","25","25","","","6","105","0","","True","False","False","0","0","0","","","","","","0","2/9/2026 3:53:06 PM","","0","0","","False","",""
"2022","علبه خزين جديد","40","65","65","65","65","","","9","360","0","","True","False","False","0","0","0","","","","","","0","2/9/2026 3:53:06 PM","","0","0","","False","",""
"2023","حامل صغير بالواحده","1.5","3","3","3","3","","","12","18","0","","True","False","False","0","0","0","","","","","","0","2/9/2026 3:53:06 PM","","0","0","","False","",""
"2024","حامل كبير بالوحده","3.5","5","5","5","5","","","12","42","0","","True","False","False","0","0","0","","","","","","0","2/9/2026 3:53:06 PM","","0","0","","False","",""
"2025","طقم مصفى استاليس","27","45","45","45","45","","","3","81","0","","True","False","False","0","0","0","","","","","","0","2/9/2026 3:53:06 PM","","0","0","","False","",""
"2026","شماعه love new","15","25","25","25","25","","","3","45","0","","True","False","False","0","0","0","","","","","","0","2/9/2026 3:53:06 PM","","0","0","","False","",""
"2027","مقص بغطاء","27","40","40","40","40","","","3","81","0","","True","False","False","0","0","0","","","","","","0","2/9/2026 3:53:06 PM","","0","0","","False","",""
"2028","كارت خيط جديد","10","25","25","25","25","","","4","40","0","","True","False","False","0","0","0","","","","","","0","2/9/2026 3:53:06 PM","","0","0","","False","",""
"2029","منظم مكياج","20","45","45","45","45","","","3","60","0","","True","False","False","0","0","0","","","","","","0","2/9/2026 3:53:06 PM","","0","0","","False","",""
"2030","شماعه 3في 1","10","20","20","20","20","","","4","40","0","","True","False","False","0","0","0","","","","","","0","2/9/2026 3:53:06 PM","","0","0","","False","",""
"2031","فرشه للازايز","10","20","20","20","20","","","3","30","0","","True","False","False","0","0","0","","","","","","0","2/9/2026 3:53:06 PM","","0","0","","False","",""
"2032","كوب بلاستك جديد بالواحده","5","10","10","10","10","","","6","30","0","","True","False","False","0","0","0","","","","","","0","2/9/2026 3:53:06 PM","","0","0","","False","",""
"2033","مضرب زباب جديد","2","5","5","5","5","","","6","12","0","","True","False","False","0","0","0","","","","","","0","2/9/2026 3:53:06 PM","","0","0","","False","",""
"2034","مج علبه","40","65","65","65","65","","","2","80","0","","True","False","False","0","0","0","","","","","","0","2/9/2026 3:53:06 PM","","0","0","","False","",""
"2035","قطاعه خضار","15","25","25","25","25","","","3","45","0","","True","False","False","0","0","0","","","","","","0","2/9/2026 3:53:06 PM","","0","0","","False","",""
"2036","hot wheels 3","43","65","65","65","75","","","3","129","0","","True","False","False","0","0","0","","","","","","0","2/9/2026 3:53:06 PM","","0","0","","False","",""
"2037","hot wheels 4","101","80","80","80","135","","","4","404","0","","True","False","False","0","0","0","","","","","","0","2/9/2026 3:53:06 PM","","0","0","","False","",""
"2038","كارت طياره","30","65","65","65","65","","","4","120","0","","True","False","False","0","0","0","","","","","","0","2/9/2026 3:53:06 PM","","0","0","","False","",""
"2039","ساعه بازل خشب ","30","50","50","50","50","","","1","30","0","","True","False","False","0","0","0","","","","","","0","2/9/2026 3:53:06 PM","","0","0","","False","",""
"2040","yala baby 1","245","350","350","350","350","","","2","490","0","","True","False","False","0","0","0","","","","","","0","2/9/2026 3:53:06 PM","","0","0","","False","",""
"2041","yala baby 2","200","275","275","275","285","","","4","800","0","","True","False","False","0","0","0","","","","","","0","2/9/2026 3:53:06 PM","","0","0","","False","",""
"2042","yala baby 3","210","320","320","320","320","","","1","210","0","","True","False","False","0","0","0","","","","","","0","2/9/2026 3:53:06 PM","","0","0","","False","",""
"2043","yala baby 4","280","400","400","400","400","","","0","0","0","","True","False","False","0","0","0","","","","","","0","2/9/2026 3:53:06 PM","","0","0","","False","",""
"2044","شمع صاروخ كبيرر بالواحده","8","15","15","15","25","","","59","472","0","","True","False","False","0","0","0","","","","","","0","2/9/2026 3:53:06 PM","","0","0","","False","",""
"2045","نوته سلك صغير","5.5","12","12","12","12","","","6","33","0","","True","False","False","0","0","0","","","","","","0","2/9/2026 3:53:06 PM","","0","0","","False","",""
"2046","نوته LOVE","9.5","20","20","20","20","","","3","28.5","0","","True","False","False","0","0","0","","","","","","0","2/9/2026 3:53:06 PM","","0","0","","False","",""
"2047","نوته وسط","15","30","30","30","30","","","3","45","0","","True","False","False","0","0","0","","","","","","0","2/9/2026 3:53:06 PM","","0","0","","False","",""
"2048","فوم جوخ بالواحده","5.5","4","4","4","8","","","120","660","0","","True","False","False","0","0","0","","","","","","0","2/9/2026 3:53:06 PM","","0","0","","False","",""
"2049","كتب تلوين بالواحده مش شغال ","9","10","10","10","15","","","66","594","0","","True","False","False","0","0","0","","","","","","0","2/9/2026 3:53:06 PM","","0","0","","False","",""
"2050","مضرب بينج بونج","27.5","60","60","60","60","","","3","82.5","0","","True","False","False","0","0","0","","","","","","0","2/9/2026 3:53:06 PM","","0","0","","False","",""
"2051","غيره ابيض","17","10","10","10","30","","","12","1105","0","","True","False","False","0","0","0","","","0","1","0","0","2/9/2026 3:53:06 PM","","0","0","","False","",""
"2052","الوان ميه عيون صغير","17","20","20","20","30","","","26","442","0","","True","False","False","0","0","0","","","","","","0","2/9/2026 3:53:06 PM","","0","0","","False","",""
"2053","الوان العيون ميه كبير","30","30","30","30","65","","","35","1050","0","","True","False","False","0","0","0","","","0","1","0","0","2/9/2026 3:53:06 PM","","0","0","","False","",""
"2054","الوان عيون ميه ص","10","20","20","20","20","","","12","120","0","","True","False","False","0","0","0","","","","","","0","2/9/2026 3:53:06 PM","","0","0","","False","",""
"2055","اله حاسبه","30","45","45","45","50","","","5","150","0","","True","False","False","0","0","0","","","","","","0","2/9/2026 3:53:06 PM","","0","0","","False","",""
"2056","نوته قلم","15","30","30","30","30","","","25","375","0","","True","False","False","0","0","0","","","","","","0","2/9/2026 3:53:06 PM","","0","0","","False","",""
"2057","جلو كبير 36جرام","5","10","10","10","10","","","39","195","0","","True","False","False","0","0","0","","","","","","0","2/9/2026 3:53:06 PM","","0","0","","False","",""
"2058","OHTO","9.5","15","15","15","15","","","42","399","0","","True","False","False","0","0","0","","","","","","0","2/9/2026 3:53:06 PM","","0","0","","False","",""
"2059","UNI-BALL","17.5","20","20","20","25","","","75","1312.5","0","","True","False","False","0","0","0","","","","","","0","2/9/2026 3:53:06 PM","","0","0","","False","",""
"2060","PENSAN 8","70","30","30","30","110","","","6","1872","0","","True","False","False","0","0","0","","","0","1","0","0","2/9/2026 3:53:06 PM","","0","0","","False","",""
"2061","ماركر MS","1.5","3","3","3","3","","","9","13.5","0","","True","False","False","0","0","0","","","","","","0","2/9/2026 3:53:06 PM","","0","0","","False","",""
"2062","بي بليد طبق","37","125","125","125","125","","","4","148","0","","True","False","False","0","0","0","","","","","","0","2/9/2026 3:53:06 PM","","0","0","","False","",""
"2063","colour book","10","15","15","15","15","","","12","120","0","","True","False","False","0","0","0","","","","","","0","2/9/2026 3:53:06 PM","","0","0","","False","",""
"2064","INDKES","25","45","45","45","45","","","2","50","0","","True","False","False","0","0","0","","","","","","0","2/9/2026 3:53:06 PM","","0","0","","False","",""
"2065","دبوس دباسه بالواحده","6","7","7","7","10","","","52","312","0","","True","False","False","0","0","0","","","","","","0","2/9/2026 3:53:06 PM","","0","0","","False","",""
"2066","كراته","25","40","40","40","40","","","3","75","0","","True","False","False","0","0","0","","","","","","0","2/9/2026 3:53:06 PM","","0","0","","False","",""
"2067","POP IT","35","60","60","60","60","","","25","875","0","","True","False","False","0","0","0","","","","","","0","2/9/2026 3:53:06 PM","","0","0","","False","",""
"2068","نظاره ميه كبار","22","50","50","50","50","","","4","88","0","","True","False","False","0","0","0","","","","","","0","2/9/2026 3:53:06 PM","","0","0","","False","",""
"2069","عروسه بحر بيبي","30","60","60","60","60","","","3","90","0","","True","False","False","0","0","0","","","","","","0","2/9/2026 3:53:06 PM","","0","0","","False","",""
"2070","كارت خاتم","15","30","30","30","30","","","1","15","0","","True","False","False","0","0","0","","","","","","0","2/9/2026 3:53:06 PM","","0","0","","False","",""
"2071","حلق بالواحده","1.5","7","7","7","7","","","9","13.5","0","","True","False","False","0","0","0","","","","","","0","2/9/2026 3:53:06 PM","","0","0","","False","",""
"2072","BODY SPLASH","20","50","50","50","50","","","2","40","0","","True","False","False","0","0","0","","","","","","0","2/9/2026 3:53:06 PM","","0","0","","False","",""
"2073","LACOSTE","24","65","65","65","65","","","4","96","0","","True","False","False","0","0","0","","","","","","0","2/9/2026 3:53:06 PM","","0","0","","False","",""
"2074","SI","30","70","70","70","70","","","2","60","0","","True","False","False","0","0","0","","","","","","0","2/9/2026 3:53:06 PM","","0","0","","False","",""
"2075","CONCEALER","7","25","25","25","25","","","2","14","0","","True","False","False","0","0","0","","","","","","0","2/9/2026 3:53:06 PM","","0","0","","False","",""
"2076","عروسه دكتور","15","45","45","45","30","","","3","45","0","","True","False","False","0","0","0","","","","","","0","2/9/2026 3:53:06 PM","","0","0","","False","",""
"2077","كلب","20","40","40","40","40","","","13","260","0","","True","False","False","0","0","0","","","","","","0","2/9/2026 3:53:06 PM","","0","0","","False","",""
"2078","مسدس صوت وسط","40","65","65","65","85","","","8","320","0","","True","False","False","0","0","0","","","","","","0","2/9/2026 3:53:06 PM","","0","0","","False","",""
"2079","عربيه ريموت 4 اتجاهات","100","165","165","165","175","","","6","600","0","","True","False","False","0","0","0","","","","","","0","2/9/2026 3:53:06 PM","","0","0","","False","",""
"2080","عربيهه","20","40","40","40","40","","","2","40","0","","True","False","False","0","0","0","","","","","","0","2/9/2026 3:53:06 PM","","0","0","","False","",""
"2081","زجاجه 2مع بعض ","15","30","30","30","30","","","7","105","0","","True","False","False","0","0","0","","","","","","0","2/9/2026 3:53:06 PM","","0","0","","False","",""
"2082","زباته","9","25","25","25","25","","","4","36","0","","True","False","False","0","0","0","","","","","","0","2/9/2026 3:53:06 PM","","0","0","","False","",""
"2083","شوي الفراخ","5","20","20","20","25","","","12","60","0","","True","False","False","0","0","0","","","","","","0","2/9/2026 3:53:06 PM","","0","0","","False","",""
"2084","welcome","25","50","50","50","50","","","4","100","0","","True","False","False","0","0","0","","","","","","0","2/9/2026 3:53:06 PM","","0","0","","False","",""
"2085","جونتي سيليكون سخن","15","35","35","35","35","","","2","30","0","","True","False","False","0","0","0","","","","","","0","2/9/2026 3:53:06 PM","","0","0","","False","",""
"2086","علبه فرش","15","25","25","25","25","","","3","45","0","","True","False","False","0","0","0","","","","","","0","2/9/2026 3:53:06 PM","","0","0","","False","",""
"2087","شرشوبه عصر","35","50","50","50","50","","","3","105","0","","True","False","False","0","0","0","","","","","","0","2/9/2026 3:53:06 PM","","0","0","","False","",""
"2088","مج دزني","20","40","40","40","35","","","9","180","0","","True","False","False","0","0","0","","","","","","0","2/9/2026 3:53:06 PM","","0","0","","False","",""
"2089","حامل باسكت","20","35","35","35","35","","","2","40","0","","True","False","False","0","0","0","","","","","","0","2/9/2026 3:53:06 PM","","0","0","","False","",""
"2090","جردل","65","75","75","75","85","","","5","325","0","","True","False","False","0","0","0","","","","","","0","2/9/2026 3:53:06 PM","","0","0","","False","",""
"2091","علب تلاجه صغير","25","40","40","40","40","","","2","50","0","","True","False","False","0","0","0","","","","","","0","2/9/2026 3:53:06 PM","","0","0","","False","",""
"2092","قمع بيد","8","20","20","20","20","","","3","24","0","","True","False","False","0","0","0","","","","","","0","2/9/2026 3:53:06 PM","","0","0","","False","",""
"2093","سلاكه حوض جديد","14","25","25","25","25","","","11","154","0","","True","False","False","0","0","0","","","","","","0","2/9/2026 3:53:06 PM","","0","0","","False","",""
"2094","حامل فرش ","10","25","25","25","25","","","3","30","0","","True","False","False","0","0","0","","","","","","0","2/9/2026 3:53:06 PM","","0","0","","False","",""
"2095","مصفه 2 في 1","25","50","50","50","50","","","5","125","0","","True","False","False","0","0","0","","","","","","0","2/9/2026 3:53:06 PM","","0","0","","False","",""
"2096","حظاظه بالواحده","7.5","15","15","15","15","","","12","90","0","","True","False","False","0","0","0","","","","","","0","2/9/2026 3:53:06 PM","","0","0","","False","",""
"2097","مساحه الوان","12.5","30","30","30","30","","","3","37.5","0","","True","False","False","0","0","0","","","","","","0","2/9/2026 3:53:06 PM","","0","0","","False","",""
"2098","فرشه نعمه","15","30","30","30","30","","","4","60","0","","True","False","False","0","0","0","","","","","","0","2/9/2026 3:53:06 PM","","0","0","","False","",""
"2099","منشفه","15","30","30","30","30","","","17","255","0","","True","False","False","0","0","0","","","","","","0","2/9/2026 3:53:06 PM","","0","0","","False","",""
"2100","قالب كيك جرانيت ","30","60","60","60","60","","","4","120","0","","True","False","False","0","0","0","","","","","","0","2/9/2026 3:53:06 PM","","0","0","","False","",""
"2101","نحله ","15","30","30","30","30","","","1","15","0","","True","False","False","0","0","0","","","","","","0","2/9/2026 3:53:06 PM","","0","0","","False","",""
"2102","نيشان صغير","15","30","30","30","30","","","1","15","0","","True","False","False","0","0","0","","","","","","0","2/9/2026 3:53:06 PM","","0","0","","False","",""
"2103","سله خضار ","30","55","55","55","55","","","1","30","0","","True","False","False","0","0","0","","","","","","0","2/9/2026 3:53:06 PM","","0","0","","False","",""
"2104","حروف مغناطيس","20","30","30","30","30","","","25","500","0","","True","False","False","0","0","0","","","","","","0","2/9/2026 3:53:06 PM","","0","0","","False","",""
"2105","مسدس بنتن ","15","30","30","30","35","","","5","75","0","","True","False","False","0","0","0","","","","","","0","2/9/2026 3:53:06 PM","","0","0","","False","",""
"2106","كارت  سمك جديد","15","30","30","30","30","","","2","30","0","","True","False","False","0","0","0","","","","","","0","2/9/2026 3:53:06 PM","","0","0","","False","",""
"2107","حصان نفخ","10","20","20","20","20","","","7","70","0","","True","False","False","0","0","0","","","","","","0","2/9/2026 3:53:06 PM","","0","0","","False","",""
"2108","بازل ","10","25","25","25","25","","","2","20","0","","True","False","False","0","0","0","","","","","","0","2/9/2026 3:53:06 PM","","0","0","","False","",""
"2109","ساعه اطفال","15","30","30","30","30","","","9","135","0","","True","False","False","0","0","0","","","","","","0","2/9/2026 3:53:06 PM","","0","0","","False","",""
"2110","كيس حروف E","10","20","20","20","20","","","1","10","0","","True","False","False","0","0","0","","","","","","0","2/9/2026 3:53:06 PM","","0","0","","False","",""
"2111","خروف","35","60","60","60","60","","","4","140","0","","True","False","False","0","0","0","","","","","","0","2/9/2026 3:53:06 PM","","0","0","","False","",""
"2112","small kanier ","80","130","130","130","150","","","5","400","0","","True","False","False","0","0","0","","","","","","0","2/9/2026 3:53:06 PM","","0","0","","False","",""
"2113","dinasour","250","475","475","475","475","","","1","250","0","","True","False","False","0","0","0","","","","","","0","2/9/2026 3:53:06 PM","","0","0","","False","",""
"2114","كيس بالونه","6.5","15","15","15","15","","","24","156","0","","True","False","False","0","0","0","","","","","","0","2/9/2026 3:53:06 PM","","0","0","","False","",""
"2115","akm صوت","15","35","35","35","35","","","3","45","0","","True","False","False","0","0","0","","","","","","0","2/9/2026 3:53:06 PM","","0","0","","False","",""
"2116","كيس بالونن","12.5","20","20","20","20","","","3","37.5","0","","True","False","False","0","0","0","","","","","","0","2/9/2026 3:53:06 PM","","0","0","","False","",""
"2117","كارت مطبغ كبير","26","65","65","65","55","","","5","130","0","","True","False","False","0","0","0","","","","","","0","2/9/2026 3:53:06 PM","","0","0","","False","",""
"2118","مسدس خرز و جل","16","35","35","35","35","","","3","48","0","","True","False","False","0","0","0","","","","","","0","2/9/2026 3:53:06 PM","","0","0","","False","",""
"2119","مضرب كور","12.5","30","30","30","30","","","2","25","0","","True","False","False","0","0","0","","","","","","0","2/9/2026 3:53:06 PM","","0","0","","False","",""
"2120","جردل بحرر","10","40","40","40","40","","","3","30","0","","True","False","False","0","0","0","","","","","","0","2/9/2026 3:53:06 PM","","0","0","","False","",""
"2121","سلم وثعبان + ليدو","2.5","10","10","10","10","","","12","30","0","","True","False","False","0","0","0","","","","","","0","2/9/2026 3:53:06 PM","","0","0","","False","",""
"2122","لودر اربع اتجاه شحن","280","30","30","30","450","","","2","165","0","","True","False","False","0","0","0","","","0","1","0","0","2/9/2026 3:53:06 PM","","0","0","","False","",""
"2123","مكعبات","16","35","35","35","35","","","3","48","0","","True","False","False","0","0","0","","","","","","0","2/9/2026 3:53:06 PM","","0","0","","False","",""
"2124","مركب بحر","9","30","30","30","30","","","3","27","0","","True","False","False","0","0","0","","","","","","0","2/9/2026 3:53:06 PM","","0","0","","False","",""
"2125","شاحنت بحر","12","45","45","45","45","","","2","24","0","","True","False","False","0","0","0","","","","","","0","2/9/2026 3:53:06 PM","","0","0","","False","",""
"2126","عروسه بالسرير","180","250","250","250","250","","","1","180","0","","True","False","False","0","0","0","","","","","","0","2/9/2026 3:53:06 PM","","0","0","","False","",""
"2127","مايك ","63","150","150","150","150","","","1","63","0","","True","False","False","0","0","0","","","","","","0","2/9/2026 3:53:06 PM","","0","0","","False","",""
"2128"," نحله","15.5","35","35","35","35","","","2","31","0","","True","False","False","0","0","0","","","","","","0","2/9/2026 3:53:06 PM","","0","0","","False","",""
"2129","عروستين تغير فستان","87","165","165","165","165","","","3","261","0","","True","False","False","0","0","0","","","","","","0","2/9/2026 3:53:06 PM","","0","0","","False","",""
"2130","علبه عروسه تغير فستان كبير","100","185","185","185","185","","","2","200","0","","True","False","False","0","0","0","","","","","","0","2/9/2026 3:53:06 PM","","0","0","","False","",""
"2131","مطبخ 40","180","280","280","280","280","","","1","180","0","","True","False","False","0","0","0","","","","","","0","2/9/2026 3:53:06 PM","","0","0","","False","",""
"2132","كارت مسدس مع كلبش","14","30","30","30","30","","","3","42","0","","True","False","False","0","0","0","","","","","","0","2/9/2026 3:53:06 PM","","0","0","","False","",""
"2133","عربيه F.A.S","75","150","150","150","150","","","2","150","0","","True","False","False","0","0","0","","","","","","0","2/9/2026 3:53:06 PM","","0","0","","False","",""
"2134","عربيه DESERT","62","130","130","130","130","","","2","124","0","","True","False","False","0","0","0","","","","","","0","2/9/2026 3:53:06 PM","","0","0","","False","",""
"2135","عربيه معارك","109","175","175","175","175","","","1","109","0","","True","False","False","0","0","0","","","","","","0","2/9/2026 3:53:06 PM","","0","0","","False","",""
"2136","مطبغ 21","117","190","190","190","190","","","1","117","0","","True","False","False","0","0","0","","","","","","0","2/9/2026 3:53:06 PM","","0","0","","False","",""
"2137","عروسه بالسرير صغير","117","170","170","170","170","","","1","117","0","","True","False","False","0","0","0","","","","","","0","2/9/2026 3:53:06 PM","","0","0","","False","",""
"2138","خرز بنات صغير","31","60","60","60","60","","","1","31","0","","True","False","False","0","0","0","","","","","","0","2/9/2026 3:53:06 PM","","0","0","","False","",""
"2139","علبه خرز بنات كبيررر","60","125","125","125","125","","","2","120","0","","True","False","False","0","0","0","","","","","","0","2/9/2026 3:53:06 PM","","0","0","","False","",""
"2140","عروسه كبيره بوتي","103","185","185","185","185","","","2","206","0","","True","False","False","0","0","0","","","","","","0","2/9/2026 3:53:06 PM","","0","0","","False","",""
"2141","عروسه بوتي مع شخليله","99","165","165","165","165","","","2","198","0","","True","False","False","0","0","0","","","","","","0","2/9/2026 3:53:06 PM","","0","0","","False","",""
"2142","عروسه ومطونتها مع بوتي كبير","145","195","195","195","195","","","5","725","0","","True","False","False","0","0","0","","","","","","0","2/9/2026 3:53:06 PM","","0","0","","False","",""
"2143","عربيه مع المطبخ","19.5","40","40","40","40","","","2","39","0","","True","False","False","0","0","0","","","","","","0","2/9/2026 3:53:06 PM","","0","0","","False","",""
"2144","حبل عمل حظاظه بالواحده","1","2","2","2","2","","","107","107","0","","True","False","False","0","0","0","","","","","","0","2/9/2026 3:53:06 PM","","0","0","","False","",""
"2145","الوان شمع صغير 8لون","7","15","15","15","15","","","21","147","0","","True","False","False","0","0","0","","","","","","0","2/9/2026 3:53:06 PM","","0","0","","False","",""
"2146","اله حاسبه  جديد","15","25","25","25","25","","","3","45","0","","True","False","False","0","0","0","","","","","","0","2/9/2026 3:53:06 PM","","0","0","","False","",""
"2147","خافض لسان الوان   جديد","20","20","20","20","35","","","15","300","0","","True","False","False","0","0","0","","","0","1","0","0","2/9/2026 3:53:06 PM","","0","0","","False","",""
"2148","عربيه سبيدر ريموت","128","175","175","175","175","","","1","128","0","","True","False","False","0","0","0","","","","","","0","2/9/2026 3:53:06 PM","","0","0","","False","",""
"2149","ليجو 216","250","220","220","220","325","","","8","2000","0","","True","False","False","0","0","0","","","","","","0","2/9/2026 3:53:06 PM","","0","0","","False","",""
"2150","ليجو290","205","295","295","295","300","","","5","1025","0","","True","False","False","0","0","0","","","","","","0","2/9/2026 3:53:06 PM","","0","0","","False","",""
"2151","ليجو 354","350","360","360","360","450","","","4","1400","0","","True","False","False","0","0","0","","","","","","0","2/9/2026 3:53:06 PM","","0","0","","False","",""
"2152","trunk hot wheels ","105","155","155","155","155","","","1","105","0","","True","False","False","0","0","0","","","","","","0","2/9/2026 3:53:06 PM","","0","0","","False","",""
"2153","dance hero","120","150","150","150","160","","","17","2040","0","","True","False","False","0","0","0","","","","","","0","2/9/2026 3:53:06 PM","","0","0","","False","",""
"2154","ليجو 132","185","140","140","140","295","","","12","2220","0","","True","False","False","0","0","0","","","","","","0","2/9/2026 3:53:06 PM","","0","0","","False","",""
"2155","ليجو 108","155","115","115","115","250","","","17","2635","0","","True","False","False","0","0","0","","","","","","0","2/9/2026 3:53:06 PM","","0","0","","False","",""
"2156","مسطره سيليكون ","6","5","5","5","12","","","50","300","0","","True","False","False","0","0","0","","","0","1","0","0","2/9/2026 3:53:06 PM","","0","0","","False","",""
"2157","مسطره شخصيات  خلصاااااااان","3","3","3","3","6","","","11","33","0","","True","False","False","0","0","0","","","","","","0","2/9/2026 3:53:06 PM","","0","0","","False","",""
"2158","مسطره سيلكون ص","4.2","4","4","4","8","","","25","180","0","","True","False","False","0","0","0","","","0","1","0","0","2/9/2026 3:53:06 PM","","0","0","","False","",""
"2159","مسطره 3A","2","5","5","5","5","","","6","12","0","","True","False","False","0","0","0","","","","","","0","2/9/2026 3:53:06 PM","","0","0","","False","",""
"2160","برايه اشكال","0.5","2","2","2","5","","","272","136","0","","True","False","False","0","0","0","","","","","","0","2/9/2026 3:53:06 PM","","0","0","","False","",""
"2161","برايه نتريال","1","3","3","3","3","","","46","46","0","","True","False","False","0","0","0","","","","","","0","2/9/2026 3:53:06 PM","","0","0","","False","",""
"2162","ولاعه فرعون","1.5","4","4","4","4","","","35","52.5","0","","True","False","False","0","0","0","","","","","","0","2/9/2026 3:53:06 PM","","0","0","","False","",""
"2163","نحله اشكال","15","30","30","30","30","","","2","30","0","","True","False","False","0","0","0","","","","","","0","2/9/2026 3:53:06 PM","","0","0","","False","",""
"2164","همر","60","150","150","150","150","","","1","60","0","","True","False","False","0","0","0","","","","","","0","2/9/2026 3:53:06 PM","","0","0","","False","",""
"2165","عروسسه فساتين","65","125","125","125","125","","","1","65","0","","True","False","False","0","0","0","","","","","","0","2/9/2026 3:53:06 PM","","0","0","","False","",""
"2166","استيكه doms ص ","3","3","3","3","5","","","550","1650","0","","True","False","False","0","0","0","","","0","1","0","0","2/9/2026 3:53:06 PM","","0","0","","False","",""
"2167","مسدس صوتت","12","25","25","25","25","","","3","36","0","","True","False","False","0","0","0","","","","","","0","2/9/2026 3:53:06 PM","","0","0","","False","",""
"2168","نط الحبل عداد","25","35","35","35","55","","","7","175","0","","True","False","False","0","0","0","","","","","","0","2/9/2026 3:53:06 PM","","0","0","","False","",""
"2169","كيس بالون happyy","10","25","25","25","25","","","6","60","0","","True","False","False","0","0","0","","","","","","0","2/9/2026 3:53:06 PM","","0","0","","False","",""
"2170","hhappy birthday","5","15","15","15","15","","","2","10","0","","True","False","False","0","0","0","","","","","","0","2/9/2026 3:53:06 PM","","0","0","","False","",""
"2171","morphe","20","50","50","50","50","","","4","80","0","","True","False","False","0","0","0","","","","","","0","2/9/2026 3:53:06 PM","","0","0","","False","",""
"2172","تلفيون صلاح","12.5","25","25","25","25","","","3","37.5","0","","True","False","False","0","0","0","","","","","","0","2/9/2026 3:53:06 PM","","0","0","","False","",""
"2173","مسدس صوت انوار","55","65","65","65","95","","","3","165","0","","True","False","False","0","0","0","","","","","","0","2/9/2026 3:53:06 PM","","0","0","","False","",""
"2174","الوان genius","1.5","4","4","4","5","","","10","15","0","","True","False","False","0","0","0","","","","","","0","2/9/2026 3:53:06 PM","","0","0","","False","",""
"2175","الوان good","3.5","8","8","8","8","","","9","31.5","0","","True","False","False","0","0","0","","","","","","0","2/9/2026 3:53:06 PM","","0","0","","False","",""
"2176","مشبك ورق وسط","1","3","3","3","3","","","24","24","0","","True","False","False","0","0","0","","","","","","0","2/9/2026 3:53:06 PM","","0","0","","False","",""
"2177","sticky nots","12.5","25","25","25","25","","","27","337.5","0","","True","False","False","0","0","0","","","","","","0","2/9/2026 3:53:06 PM","","0","0","","False","",""
"2178","استيك نوت ","7","15","15","15","15","","","5","35","0","","True","False","False","0","0","0","","","","","","0","2/9/2026 3:53:06 PM","","0","0","","False","",""
"2179","استيك نوت 100شيت","10.75","30","30","30","20","","","38","408.5","0","","True","False","False","0","0","0","","","","","","0","2/9/2026 3:53:06 PM","","0","0","","False","",""
"2180","استيك نوت 100شيت ص","4.5","10","10","10","10","","","21","94.5","0","","True","False","False","0","0","0","","","","","","0","2/9/2026 3:53:06 PM","","0","0","","False","",""
"2181","قلم هاي لايتر spark","3.3","7","7","7","7","","","58","191.4","0","","True","False","False","0","0","0","","","","","","0","2/9/2026 3:53:06 PM","","0","0","","False","",""
"2182","عربيه شاحنه خضراء","16","35","35","35","35","","","2","32","0","","True","False","False","0","0","0","","","","","","0","2/9/2026 3:53:06 PM","","0","0","","False","",""
"2183","طياره ايربس ","60","120","120","120","120","","","1","60","0","","True","False","False","0","0","0","","","","","","0","2/9/2026 3:53:06 PM","","0","0","","False","",""
"2184","kinder بيضه","6","10","10","10","10","","","28","168","0","","True","False","False","0","0","0","","","","","","0","2/9/2026 3:53:06 PM","","0","0","","False","",""
"2185","Drteizوسط","65","110","110","110","110","","","1","65","0","","True","False","False","0","0","0","","","","","","0","2/9/2026 3:53:06 PM","","0","0","","False","",""
"2186","طقم برونز فكيوم  CHAO QI6","9.5","20","20","20","20","","","2","19","0","","True","False","False","0","0","0","","","","","","0","2/9/2026 3:53:06 PM","","0","0","","False","",""
"2187","كوريكتور صغيرر خلصان ","2.25","5","5","5","5","","","55","123.75","0","","True","False","False","0","0","0","","","","","","0","2/9/2026 3:53:06 PM","","0","0","","False","",""
"2188","طقم اقلام فسفور6-607","8.5","20","20","20","20","","","1","8.5","0","","True","False","False","0","0","0","","","","","","0","2/9/2026 3:53:06 PM","","0","0","","False","",""
"2189","refill ink","2","5","5","5","5","","","21","42","0","","True","False","False","0","0","0","","","","","","0","2/9/2026 3:53:06 PM","","0","0","","False","",""
"2190","خرامهه","15","30","30","30","30","","","1","15","0","","True","False","False","0","0","0","","","","","","0","2/9/2026 3:53:06 PM","","0","0","","False","",""
"2191","برجل + قلم AOSDU","20","20","20","20","30","","","23","460","0","","True","False","False","0","0","0","","","","","","0","2/9/2026 3:53:06 PM","","0","0","","False","",""
"2192","مقلمه beer","12.5","25","25","25","25","","","10","125","0","","True","False","False","0","0","0","","","","","","0","2/9/2026 3:53:06 PM","","0","0","","False","",""
"2193","مقص ص S003","15","10","10","10","30","","","50","750","0","","True","False","False","0","0","0","","","","","","0","2/9/2026 3:53:06 PM","","0","0","","False","",""
"2194","تاكسي ريموت","65","130","130","130","130","","","1","65","0","","True","False","False","0","0","0","","","","","","0","2/9/2026 3:53:06 PM","","0","0","","False","",""
"2195","oil colour","17.5","35","35","35","35","","","1","17.5","0","","True","False","False","0","0","0","","","","","","0","2/9/2026 3:53:06 PM","","0","0","","False","",""
"2196","ليجو 287","390","290","290","290","550","","","3","1170","0","","True","False","False","0","0","0","","","","","","0","2/9/2026 3:53:06 PM","","0","0","","False","",""
"2197","ليجو464","360","400","400","400","530","","","2","720","0","","True","False","False","0","0","0","","","","","","0","2/9/2026 3:53:06 PM","","0","0","","False","",""
"2198","ليجو421","214","385","385","385","385","","","1","214","0","","True","False","False","0","0","0","","","","","","0","2/9/2026 3:53:06 PM","","0","0","","False","",""
"2199","ليجو368","187","350","350","350","350","","","1","187","0","","True","False","False","0","0","0","","","","","","0","2/9/2026 3:53:06 PM","","0","0","","False","",""
"2200","ليجو367","320","350","350","350","500","","","3","960","0","","True","False","False","0","0","0","","","","","","0","2/9/2026 3:53:06 PM","","0","0","","False","",""
"2201","لعبه كاميرا ساعه","30","25","25","25","55","","","3","90","0","","True","False","False","0","0","0","","","","","","0","2/9/2026 3:53:06 PM","","0","0","","False","",""
"2202","طقم حلق وسلسله ","15","30","30","30","30","","","5","75","0","","True","False","False","0","0","0","","","","","","0","2/9/2026 3:53:06 PM","","0","0","","False","",""
"2203","رغبه","20","60","60","60","60","","","1","20","0","","True","False","False","0","0","0","","","","","","0","2/9/2026 3:53:06 PM","","0","0","","False","",""
"2204","ميداليه","1.5","5","5","5","5","","","36","54","0","","True","False","False","0","0","0","","","","","","0","2/9/2026 3:53:06 PM","","0","0","","False","",""
"2205","دبابيس مكتب","4","10","10","10","10","","","10","40","0","","True","False","False","0","0","0","","","","","","0","2/9/2026 3:53:06 PM","","0","0","","False","",""
"2206","كيس خرز","0.5","2","2","2","2","","","20","10","0","","True","False","False","0","0","0","","","","","","0","2/9/2026 3:53:06 PM","","0","0","","False","",""
"2207","تصوير 1","0.2","0.5","0.5","0.5","0.85","","","20650","4130","0","","True","False","False","0","0","0","","","","","","0","2/9/2026 3:53:06 PM","","0","0","","False","",""
"2208","كره ماء","2","10","10","10","10","","","1","2","0","","True","False","False","0","0","0","","","","","","0","2/9/2026 3:53:06 PM","","0","0","","False","",""
"2209"," كارت 3شخصيات","40","60","60","60","60","","","1","40","0","","True","False","False","0","0","0","","","","","","0","2/9/2026 3:53:06 PM","","0","0","","False","",""
"2210","لعبه بيت","10","25","25","25","25","","","1","10","0","","True","False","False","0","0","0","","","","","","0","2/9/2026 3:53:06 PM","","0","0","","False","",""
"2211","باسكت عادي","30","45","45","45","45","","","1","30","0","","True","False","False","0","0","0","","","","","","0","2/9/2026 3:53:06 PM","","0","0","","False","",""
"2212","كارت حيوانات صغير","15","25","25","25","25","","","2","30","0","","True","False","False","0","0","0","","","","","","0","2/9/2026 3:53:06 PM","","0","0","","False","",""
"2213","مدفع مياه ص","10","20","20","20","20","","","1","10","0","","True","False","False","0","0","0","","","","","","0","2/9/2026 3:53:06 PM","","0","0","","False","",""
"2214","تليفون","10","20","20","20","20","","","1","10","0","","True","False","False","0","0","0","","","","","","0","2/9/2026 3:53:06 PM","","0","0","","False","",""
"2215","مسدس بلاستك","10","25","25","25","25","","","2","20","0","","True","False","False","0","0","0","","","","","","0","2/9/2026 3:53:06 PM","","0","0","","False","",""
"2216","ماكنه حلاقه","1","3","3","3","3","","","14","14","0","","True","False","False","0","0","0","","","","","","0","2/9/2026 3:53:06 PM","","0","0","","False","",""
"2217","كبريت ك بالواحده","3","10","10","10","5","","","4","12","0","","True","False","False","0","0","0","","","","","","0","2/9/2026 3:53:06 PM","","0","0","","False","",""
"2218","ورق مكتب الوان","5","15","15","15","15","","","1","5","0","","True","False","False","0","0","0","","","","","","0","2/9/2026 3:53:06 PM","","0","0","","False","",""
"2219","تكت الباكت 25  ج الواحده5 ج","2","5","5","5","5","","","17","34","0","","True","False","False","0","0","0","","","","","","0","2/9/2026 3:53:06 PM","","0","0","","False","",""
"2220","قص ولزق مستطيل  ","10","15","15","15","25","","","24","900","0","","True","False","False","0","0","0","","","0","1","0","0","2/9/2026 3:53:06 PM","","0","0","","False","",""
"2221","قص ولزق بالواحده","5","3","3","3","15","","","12","22","0","","True","False","False","0","0","0","","","0","1","0","0","2/9/2026 3:53:06 PM","","0","0","","False","",""
"2222","قص ولزق  بالواحده وسط","10","5","5","5","20","","","6","12","0","","True","False","False","0","0","0","","","0","1","0","0","2/9/2026 3:53:06 PM","","0","0","","False","",""
"2223","ورق طباعه الوان بالواحده","25","1","1","1","1","","","50","1250","0","","True","False","False","0","0","0","","","","","","0","2/9/2026 3:53:06 PM","","0","0","","False","",""
"2224","مساحه عربيه","50","70","70","70","70","","","2","100","0","","True","False","False","0","0","0","","","","","","0","2/9/2026 3:53:06 PM","","0","0","","False","",""
"2225","مسدس طلق عادي","10","25","25","25","25","","","5","50","0","","True","False","False","0","0","0","","","","","","0","2/9/2026 3:53:06 PM","","0","0","","False","",""
"2226","كارت دكتورجج","15","30","30","30","30","","","1","15","0","","True","False","False","0","0","0","","","","","","0","2/9/2026 3:53:06 PM","","0","0","","False","",""
"2227","بليادو","15","25","25","25","25","","","1","15","0","","True","False","False","0","0","0","","","","","","0","2/9/2026 3:53:06 PM","","0","0","","False","",""
"2228","شخصيات صغير","20","35","35","35","35","","","1","20","0","","True","False","False","0","0","0","","","","","","0","2/9/2026 3:53:06 PM","","0","0","","False","",""
"2229","لعبه  مطبخ كابوريا","15","30","30","30","30","","","1","15","0","","True","False","False","0","0","0","","","","","","0","2/9/2026 3:53:06 PM","","0","0","","False","",""
"2230"," كارت بلياردو","50","20","20","20","95","","","3","150","0","","True","False","False","0","0","0","","","","","","0","2/9/2026 3:53:06 PM","","0","0","","False","",""
"2231","3 عرائس","15","30","30","30","30","","","1","15","0","","True","False","False","0","0","0","","","","","","0","2/9/2026 3:53:06 PM","","0","0","","False","",""
"2232","حلق الوان جديد","5","10","10","10","10","","","4","20","0","","True","False","False","0","0","0","","","","","","0","2/9/2026 3:53:06 PM","","0","0","","False","",""
"2233","علبه هندسه","31","30","30","30","55","","","7","217","0","","True","False","False","0","0","0","","","","","","0","2/9/2026 3:53:06 PM","","0","0","","False","",""
"2234","مسطره دوائر","1","5","5","5","10","","","4","4","0","","True","False","False","0","0","0","","","","","","0","2/9/2026 3:53:06 PM","","0","0","","False","",""
"2235","استراس للوجه","4","10","10","10","10","","","8","32","0","","True","False","False","0","0","0","","","","","","0","2/9/2026 3:53:06 PM","","0","0","","False","",""
"2236","غواشه","5","15","15","15","15","","","2","10","0","","True","False","False","0","0","0","","","","","","0","2/9/2026 3:53:06 PM","","0","0","","False","",""
"2237","طقم حلق وسلسه","10","30","30","30","30","","","1","10","0","","True","False","False","0","0","0","","","","","","0","2/9/2026 3:53:06 PM","","0","0","","False","",""
"2238","فرش ماكب","15","30","30","30","30","","","1","15","0","","True","False","False","0","0","0","","","","","","0","2/9/2026 3:53:06 PM","","0","0","","False","",""
"2239","الوان فلومستر","20","35","35","35","35","","","1","20","0","","True","False","False","0","0","0","","","","","","0","2/9/2026 3:53:06 PM","","0","0","","False","",""
"2240","اتوان خشب بلاستك","15","25","25","25","25","","","1","15","0","","True","False","False","0","0","0","","","","","","0","2/9/2026 3:53:06 PM","","0","0","","False","",""
"2241","سوليتب جليتر","5","15","15","15","15","","","3","15","0","","True","False","False","0","0","0","","","","","","0","2/9/2026 3:53:06 PM","","0","0","","False","",""
"2242","استيكر اسمايل","6.5","15","15","15","15","","","24","5","0","","True","False","False","0","0","0","","","0","1","0","0","2/9/2026 3:53:06 PM","","0","0","","False","",""
"2243","استيكر دوره","5","8","8","8","8","","","2","10","0","","True","False","False","0","0","0","","","","","","0","2/9/2026 3:53:06 PM","","0","0","","False","",""
"2244","ارنب فوم جليتر","5","10","10","10","10","","","1","5","0","","True","False","False","0","0","0","","","","","","0","2/9/2026 3:53:06 PM","","0","0","","False","",""
"2245","استيكر هابي بالواحده","2","5","5","5","8","","","10","20","0","","True","False","False","0","0","0","","","","","","0","2/9/2026 3:53:06 PM","","0","0","","False","",""
"2246","مقص الوان اطفال ","17.5","15","15","15","25","","","50","875","0","","True","False","False","0","0","0","","","","","","0","2/9/2026 3:53:06 PM","","0","0","","False","",""
"2247","مسدس  طلق ","10","20","20","20","20","","","1","10","0","","True","False","False","0","0","0","","","","","","0","2/9/2026 3:53:06 PM","","0","0","","False","",""
"2248","عروسه ","10","20","20","20","20","","","1","10","0","","True","False","False","0","0","0","","","","","","0","2/9/2026 3:53:06 PM","","0","0","","False","",""
"2249","كوركتور","5.5","15","15","15","15","","","65","357.5","0","","True","False","False","0","0","0","","","","","","0","2/9/2026 3:53:06 PM","","0","0","","False","",""
"2250","قلم جاف ورده","5","10","10","10","10","","","25","125","0","","True","False","False","0","0","0","","","","","","0","2/9/2026 3:53:06 PM","","0","0","","False","",""
"2251","قلم سنون بلاستك","2","5","5","5","7","","","20","40","0","","True","False","False","0","0","0","","","","","","0","2/9/2026 3:53:06 PM","","0","0","","False","",""
"2252","بنسل كيس","10","20","20","20","20","","","6","60","0","","True","False","False","0","0","0","","","","","","0","2/9/2026 3:53:06 PM","","0","0","","False","",""
"2253","بنسل كيس ج","20","35","35","35","35","","","2","40","0","","True","False","False","0","0","0","","","","","","0","2/9/2026 3:53:06 PM","","0","0","","False","",""
"2254","كارت مغناطيس سبوره بالاثنين","2","20","20","20","5","","","60","120","0","","True","False","False","0","0","0","","","","","","0","2/9/2026 3:53:06 PM","","0","0","","False","",""
"2255","استيكه doms","7","5","5","5","15","","","200","1000","0","","True","False","False","0","0","0","","","0","1","0","0","2/9/2026 3:53:06 PM","","0","0","","False","",""
"2256","ظرف B4","0.8","3.5","3.5","3.5","3.5","","","50","40","0","","True","False","False","0","0","0","","","","","","0","2/9/2026 3:53:06 PM","","0","0","","False","",""
"2257","مسطره شفاف 50سم","6.5","12","12","12","12","","","10","65","0","","True","False","False","0","0","0","","","","","","0","2/9/2026 3:53:06 PM","","0","0","","False","",""
"2258","لانش بوكس LAMSA","15.25","30","30","30","30","","","6","91.5","0","","True","False","False","0","0","0","","","","","","0","2/9/2026 3:53:06 PM","","0","0","","False","",""
"2259","كشكول سلك MEGAورقه 250","95","45","45","45","185","","","10","5225","0","","True","False","False","0","0","0","","","0","1","0","0","2/9/2026 3:53:06 PM","","0","0","","False","",""
"2260","مسطره هندسه حرفT","28","55","55","55","55","","","3","84","0","","True","False","False","0","0","0","","","","","","0","2/9/2026 3:53:06 PM","","0","0","","False","",""
"2261","كشكول سلك فواصل XL200 SHEET","69","50","50","50","115","","","33","2277","0","","True","False","False","0","0","0","","","","","","0","2/9/2026 3:53:06 PM","","0","0","","False","",""
"2262","كشكول سلك فواصل L 160SHEET","18.5","40","40","40","40","","","8","148","0","","True","False","False","0","0","0","","","","","","0","2/9/2026 3:53:06 PM","","0","0","","False","",""
"2263","اسكتش O ابيض اصلى ","70","30","30","30","100","","","27","14140","0","","True","False","False","0","0","0","","","0","1","0","0","2/9/2026 3:53:06 PM","","0","0","","False","",""
"2264","قلم my tecch0.7","7.5","5","5","5","10","","","2600","19500","0","","True","False","False","0","0","0","","","","","","0","2/9/2026 3:53:06 PM","","0","0","","False","",""
"2265","قلم max0.5","2.5","5","5","5","5","","","32","80","0","","True","False","False","0","0","0","","","","","","0","2/9/2026 3:53:06 PM","","0","0","","False","",""
"2266","قلم fabrcastell غطا","17.5","5","5","5","20","","","148","2072","0","","True","False","False","0","0","0","","","0","1","0","0","2/9/2026 3:53:06 PM","","0","0","","False","",""
"2267","roto speed","1","3","3","3","3","","","48","48","0","","True","False","False","0","0","0","","","","","","0","2/9/2026 3:53:06 PM","","0","0","","False","",""
"2268","قلم trebl","7","5","5","5","10","","","500","11620","0","","True","False","False","0","0","0","","","0","1","0","0","2/9/2026 3:53:06 PM","","0","0","","False","",""
"2269","bravo 100","2.5","3","3","3","5","","","120","300","0","","True","False","False","0","0","0","","","","","","0","2/9/2026 3:53:06 PM","","0","0","","False","",""
"2270","مقلمه يوني كارم او مقلمه ولادي","42.5","95","95","95","85","","","10","425","0","","True","False","False","0","0","0","","","","","","0","2/9/2026 3:53:06 PM","","0","0","","False","",""
"2271","مقلمه فرو","53","75","75","75","75","","","3","159","0","","True","False","False","0","0","0","","","","","","0","2/9/2026 3:53:06 PM","","0","0","","False","",""
"2272","مطاره شليمو","9","30","30","30","30","","","7","63","0","","True","False","False","0","0","0","","","","","","0","2/9/2026 3:53:06 PM","","0","0","","False","",""
"2273","صلصال + لعبه","2.5","6","6","6","6","","","7","17.5","0","","True","False","False","0","0","0","","","","","","0","2/9/2026 3:53:06 PM","","0","0","","False","",""
"2274","الوان بريما 12 لون كبير","7.5","15","15","15","15","","","25","187.5","0","","True","False","False","0","0","0","","","","","","0","2/9/2026 3:53:06 PM","","0","0","","False","",""
"2275","الوان ميه عيون 18لون ","21","30","30","30","35","","","12","252","0","","True","False","False","0","0","0","","","","","","0","2/9/2026 3:53:06 PM","","0","0","","False","",""
"2276","الوان ميه عيون 12لون ","11.5","22","22","22","22","","","9","103.5","0","","True","False","False","0","0","0","","","","","","0","2/9/2026 3:53:06 PM","","0","0","","False","",""
"2277","الوان DOMS خشب 12 لون ص ","25","20","20","20","50","","","25","2775","0","","True","False","False","0","0","0","","","0","1","0","0","2/9/2026 3:53:06 PM","","0","0","","False","",""
"2278","سوليتب وسط شفاف بالواحده ","3.4","5","5","5","5","","","12","40.8","0","","True","False","False","0","0","0","","","","","","0","2/9/2026 3:53:06 PM","","0","0","","False","",""
"2279","لانش بوكس + مطاره","22","40","40","40","40","","","4","88","0","","True","False","False","0","0","0","","","","","","0","2/9/2026 3:53:06 PM","","0","0","","False","",""
"2280","لانش بوكس+مطاره 2","22","35","35","35","35","","","4","88","0","","True","False","False","0","0","0","","","","","","0","2/9/2026 3:53:06 PM","","0","0","","False","",""
"2281","جلاد A4بالوحده","8","10","10","10","13","","","2100","16800","0","","True","False","False","0","0","0","","","","","","0","2/9/2026 3:53:06 PM","","0","0","","False","",""
"2282","الوان DOMS خشب 24 لون ك","115","65","65","65","175","","","6","3335","0","","True","False","False","0","0","0","","","0","1","0","0","2/9/2026 3:53:06 PM","","0","0","","False","",""
"2283","جلاد ديزني بالواحده","1.25","3","3","3","3","","","225","281.25","0","","True","False","False","0","0","0","","","","","","0","2/9/2026 3:53:06 PM","","0","0","","False","",""
"2284","جلاد محمد صلاح  بالواحده","3.2","5","5","5","5","","","20","64","0","","True","False","False","0","0","0","","","","","","0","2/9/2026 3:53:06 PM","","0","0","","False","",""
"2285","PENCIL CASE LENGTH","49","60","60","60","60","","","4","196","0","","True","False","False","0","0","0","","","","","","0","2/9/2026 3:53:06 PM","","0","0","","False","",""
"2286","مسطره PRIME PACK","4.5","8","8","8","8","","","21","94.5","0","","True","False","False","0","0","0","","","","","","0","2/9/2026 3:53:06 PM","","0","0","","False","",""
"2287","ختامة اطفال REWARD","9.75","20","20","20","20","","","3","29.25","0","","True","False","False","0","0","0","","","","","","0","2/9/2026 3:53:06 PM","","0","0","","False","",""
"2288","مقلمه  مغناطيسITEM","24","45","45","45","45","","","4","96","0","","True","False","False","0","0","0","","","","","","0","2/9/2026 3:53:06 PM","","0","0","","False","",""
"2289","علبه هنداسيه","15","15","15","15","30","","","7","105","0","","True","False","False","0","0","0","","","","","","0","2/9/2026 3:53:06 PM","","0","0","","False","",""
"2290"," سماعه yison","10","20","20","20","20","","","25","250","0","","True","False","False","0","0","0","","","","","","0","2/9/2026 3:53:06 PM","","0","0","","False","",""
"2291","سماعه EARPHONEU19","9","35","35","35","35","","","12","108","0","","True","False","False","0","0","0","","","","","","0","2/9/2026 3:53:06 PM","","0","0","","False","",""
"2292","سماعه4 PUMA","20","50","50","50","50","","","32","640","0","","True","False","False","0","0","0","","","","","","0","2/9/2026 3:53:06 PM","","0","0","","False","",""
"2293","EM16 سماعه ","7.75","25","25","25","25","","","24","186","0","","True","False","False","0","0","0","","","","","","0","2/9/2026 3:53:06 PM","","0","0","","False","",""
"2294","REALME","14","55","55","55","55","","","12","168","0","","True","False","False","0","0","0","","","","","","0","2/9/2026 3:53:06 PM","","0","0","","False","",""
"2295","xgo23","14","30","30","30","30","","","12","168","0","","True","False","False","0","0","0","","","","","","0","2/9/2026 3:53:06 PM","","0","0","","False","",""
"2296","stero phone","14","45","45","45","45","","","12","168","0","","True","False","False","0","0","0","","","","","","0","2/9/2026 3:53:06 PM","","0","0","","False","",""
"2297","sereo earphone ","10","40","40","40","40","","","12","120","0","","True","False","False","0","0","0","","","","","","0","2/9/2026 3:53:06 PM","","0","0","","False","",""
"2298","واصله storong","8","45","45","45","45","","","12","96","0","","True","False","False","0","0","0","","","","","","0","2/9/2026 3:53:06 PM","","0","0","","False","",""
"2299","واصله aoleaky","8","30","30","30","30","","","10","80","0","","True","False","False","0","0","0","","","","","","0","2/9/2026 3:53:06 PM","","0","0","","False","",""
"2300","واصله ZT002","10","40","40","40","40","","","12","120","0","","True","False","False","0","0","0","","","","","","0","2/9/2026 3:53:06 PM","","0","0","","False","",""
"2301","واصله MATRIX","12","55","55","55","55","","","6","72","0","","True","False","False","0","0","0","","","","","","0","2/9/2026 3:53:06 PM","","0","0","","False","",""
"2302","واصله XS ","10","35","35","35","35","","","12","120","0","","True","False","False","0","0","0","","","","","","0","2/9/2026 3:53:06 PM","","0","0","","False","",""
"2303","واصله ايفون ","9","35","35","35","35","","","14","126","0","","True","False","False","0","0","0","","","","","","0","2/9/2026 3:53:06 PM","","0","0","","False","",""
"2304","واصله اتنين في 1","12","50","50","50","50","","","12","144","0","","True","False","False","0","0","0","","","","","","0","2/9/2026 3:53:06 PM","","0","0","","False","",""
"2305","واصله ZERO","12.5","35","35","35","35","","","23","287.5","0","","True","False","False","0","0","0","","","","","","0","2/9/2026 3:53:06 PM","","0","0","","False","",""
"2306","ساعه ","9","35","35","35","35","","","12","108","0","","True","False","False","0","0","0","","","","","","0","2/9/2026 3:53:06 PM","","0","0","","False","",""
"2307","واصله حزازه ","7","30","30","30","30","","","7","49","0","","True","False","False","0","0","0","","","","","","0","2/9/2026 3:53:06 PM","","0","0","","False","",""
"2308","واصله ايفون صغيره ","25","45","45","45","60","","","17","425","0","","True","False","False","0","0","0","","","","","","0","2/9/2026 3:53:06 PM","","0","0","","False","",""
"2309","in dix مغناطيس ","33","60","60","60","60","","","8","264","0","","True","False","False","0","0","0","","","","","","0","2/9/2026 3:53:06 PM","","0","0","","False","",""
"2310","كراسه متابعه ","1.5","7","7","7","7","","","12","18","0","","True","False","False","0","0","0","","","","","","0","2/9/2026 3:53:06 PM","","0","0","","False","",""
"2311","كراسه موسيقي ","8","5","5","5","15","","","205","1640","0","","True","False","False","0","0","0","","","","","","0","2/9/2026 3:53:06 PM","","0","0","","False","",""
"2312","سبوره تعليمي صغير ","8","15","15","15","15","","","1","8","0","","True","False","False","0","0","0","","","","","","0","2/9/2026 3:53:06 PM","","0","0","","False","",""
"2313","سبوره تعليمي وسط صغير","10","20","20","20","20","","","8","80","0","","True","False","False","0","0","0","","","","","","0","2/9/2026 3:53:06 PM","","0","0","","False","",""
"2314","طقم اقلام فسفوري 4 sport liner","15.5","20","20","20","25","","","24","372","0","","True","False","False","0","0","0","","","","","","0","2/9/2026 3:53:06 PM","","0","0","","False","",""
"2315","طقم اقلام فسفوري 4 two color","19","28","28","28","30","","","7","133","0","","True","False","False","0","0","0","","","","","","0","2/9/2026 3:53:06 PM","","0","0","","False","",""
"2316","لزق كتب جليتر بالواحده","1.5","5","5","5","5","","","20","30","0","","True","False","False","0","0","0","","","","","","0","2/9/2026 3:53:06 PM","","0","0","","False","",""
"2317","نوته عاديه ","1.5","5","5","5","5","","","9","13.5","0","","True","False","False","0","0","0","","","","","","0","2/9/2026 3:53:06 PM","","0","0","","False","",""
"2318","نوته سلك جنيز","4","10","10","10","10","","","3","12","0","","True","False","False","0","0","0","","","","","","0","2/9/2026 3:53:06 PM","","0","0","","False","",""
"2319","استاند امتحان ","10","20","20","20","25","","","2","20","0","","True","False","False","0","0","0","","","","","","0","2/9/2026 3:53:06 PM","","0","0","","False","",""
"2320","كتب تعليميه بالواحده جديد","5","10","10","10","10","","","52","260","0","","True","False","False","0","0","0","","","","","","0","2/9/2026 3:53:06 PM","","0","0","","False","",""
"2321","صلصال 8صوباع ","4","8","8","8","8","","","6","24","0","","True","False","False","0","0","0","","","","","","0","2/9/2026 3:53:06 PM","","0","0","","False","",""
"2322","قلم نوفا","2","5","5","5","5","","","30","60","0","","True","False","False","0","0","0","","","","","","0","2/9/2026 3:53:06 PM","","0","0","","False","",""
"2323","الوان دوميز خشب ","16","30","30","30","30","","","18","288","0","","True","False","False","0","0","0","","","","","","0","2/9/2026 3:53:06 PM","","0","0","","False","",""
"2324","مقلمه يوني كورن ","72","110","110","110","110","","","2","144","0","","True","False","False","0","0","0","","","","","","0","2/9/2026 3:53:06 PM","","0","0","","False","",""
"2325","شهاده تقدير","2","7","7","7","5","","","83","166","0","","True","False","False","0","0","0","","","","","","0","2/9/2026 3:53:06 PM","","0","0","","False","",""
"2326","كشكول E 60","25","16","16","16","35","","","65","1625","0","","True","False","False","0","0","0","","","","","","0","2/9/2026 3:53:06 PM","","0","0","","False","",""
"2327","كشكول E 80 a4","32","18","18","18","45","","","126","4375","0","","True","False","False","0","0","0","","","0","1","0","0","2/9/2026 3:53:06 PM","","0","0","","False","",""
"2328","سماعه x-585","14","45","45","45","45","","","12","168","0","","True","False","False","0","0","0","","","","","","0","2/9/2026 3:53:06 PM","","0","0","","False","",""
"2329","مايك ديزني ","45","100","100","100","100","","","2","90","0","","True","False","False","0","0","0","","","","","","0","2/9/2026 3:53:06 PM","","0","0","","False","",""
"2330","cablk 2*1 IPHONE AND SUMSUNG","12","45","45","45","45","","","12","144","0","","True","False","False","0","0","0","","","","","","0","2/9/2026 3:53:06 PM","","0","0","","False","",""
"2331","زينه شجره","5","10","10","10","15","","","4","20","0","","True","False","False","0","0","0","","","","","","0","2/9/2026 3:53:06 PM","","0","0","","False","",""
"2332","بازل بلاستك 2","5","10","10","10","10","","","6","30","0","","True","False","False","0","0","0","","","","","","0","2/9/2026 3:53:06 PM","","0","0","","False","",""
"2333","شمع عيدميلاد magic","2.5","5","5","5","7","","","21","52.5","0","","True","False","False","0","0","0","","","","","","0","2/9/2026 3:53:06 PM","","0","0","","False","",""
"2334","زينة happy ك","12","25","25","25","25","","","5","60","0","","True","False","False","0","0","0","","","","","","0","2/9/2026 3:53:06 PM","","0","0","","False","",""
"2335","لعبة شاكوش اطفال","4","12","12","12","12","","","3","12","0","","True","False","False","0","0","0","","","","","","0","2/9/2026 3:53:06 PM","","0","0","","False","",""
"2336","ادوات هندسه علبه شفافه ","87","35","35","35","135","","","7","609","0","","True","False","False","0","0","0","","","","","","0","2/9/2026 3:53:06 PM","","0","0","","False","",""
"2337","طقم  فسفوري فبركاسل ","60","55","55","55","85","","","13","780","0","","True","False","False","0","0","0","","","","","","0","2/9/2026 3:53:06 PM","","0","0","","False","",""
"2338","طقم اقلام 8 لون كبسوله ","10","20","20","20","30","","","9","90","0","","True","False","False","0","0","0","","","","","","0","2/9/2026 3:53:06 PM","","0","0","","False","",""
"2339","طقم جيل 6 لون  ","15","25","25","25","25","","","6","90","0","","True","False","False","0","0","0","","","","","","0","2/9/2026 3:53:06 PM","","0","0","","False","",""
"2340","الوان فلو ماستر 18 لون برطمان ","20","35","35","35","35","","","6","120","0","","True","False","False","0","0","0","","","","","","0","2/9/2026 3:53:06 PM","","0","0","","False","",""
"2341","الوان فلو ماستر 12 برطمان ","13.5","25","25","25","25","","","6","81","0","","True","False","False","0","0","0","","","","","","0","2/9/2026 3:53:06 PM","","0","0","","False","",""
"2342","الوان فلو ماستر برطمان 18 لون ","20","30","30","30","30","","","3","60","0","","True","False","False","0","0","0","","","","","","0","2/9/2026 3:53:06 PM","","0","0","","False","",""
"2343","مقلمه ولادي ","65","75","75","75","110","","","19","1235","0","","True","False","False","0","0","0","","","","","","0","2/9/2026 3:53:06 PM","","0","0","","False","",""
"2344","استاند قلم يوني قارم ","16","20","20","20","20","","","11","176","0","","True","False","False","0","0","0","","","","","","0","2/9/2026 3:53:06 PM","","0","0","","False","",""
"2345","اسكتش A3 hwgd ","144","75","75","75","210","","","3","3600","0","","True","False","False","0","0","0","","","0","1","0","0","2/9/2026 3:53:06 PM","","0","0","","False","",""
"2346","سلوتيب صغير ","22","3","3","3","5","","","265","5830","0","","True","False","False","0","0","0","","","","","","0","2/9/2026 3:53:06 PM","","0","0","","False","",""
"2347","اسكتش الوان كانسون اصلي ","75","30","30","30","120","","","12","6000","0","","True","False","False","0","0","0","","","0","1","0","0","2/9/2026 3:53:06 PM","","0","0","","False","",""
"2348","جلاد كشكول A5 ","6","5","5","5","10","","","1860","9300","0","","True","False","False","0","0","0","","","0","1","0","0","2/9/2026 3:53:06 PM","","0","0","","False","",""
"2349","كشكول XL صغير 5 ","60","40","40","40","95","","","12","720","0","","True","False","False","0","0","0","","","","","","0","2/9/2026 3:53:06 PM","","0","0","","False","",""
"2350","زمزاميه هيكل معدن ","41","65","65","65","65","","","6","246","0","","True","False","False","0","0","0","","","","","","0","2/9/2026 3:53:06 PM","","0","0","","False","",""
"2351","الوان فبراكاسل مايه 12 لون","116","65","65","65","175","","","6","696","0","","True","False","False","0","0","0","","","","","","0","2/9/2026 3:53:06 PM","","0","0","","False","",""
"2352","زجاجه مياه  الوان ","27","55","55","55","55","","","5","135","0","","True","False","False","0","0","0","","","","","","0","2/9/2026 3:53:06 PM","","0","0","","False","",""
"2353","استاند هايليتر فراج ","2.5","5","5","5","5","","","131","327.5","0","","True","False","False","0","0","0","","","","","","0","2/9/2026 3:53:06 PM","","0","0","","False","",""
"2354","استاند هايليتر ","7","5","5","5","15","","","55","110","0","","True","False","False","0","0","0","","","0","1","0","0","2/9/2026 3:53:06 PM","","0","0","","False","",""
"2355","فايل سوسته A4","15","10","10","10","25","","","290","4350","0","","True","False","False","0","0","0","","","0","1","0","0","2/9/2026 3:53:06 PM","","0","0","","False","",""
"2356","كراسه رسم ملونه ص","7.5","15","15","15","15","","","12","90","0","","True","False","False","0","0","0","","","","","","0","2/9/2026 3:53:06 PM","","0","0","","False","",""
"2357","كشكول A4 انجلش 100 ","14","22","22","22","30","","","36","504","0","","True","False","False","0","0","0","","","","","","0","2/9/2026 3:53:06 PM","","0","0","","False","",""
"2358","مقلمه ولادي 3A ","35","60","60","60","60","","","6","210","0","","True","False","False","0","0","0","","","","","","0","2/9/2026 3:53:06 PM","","0","0","","False","",""
"2359","الوان زيت خامه ","35","60","60","60","60","","","5","175","0","","True","False","False","0","0","0","","","","","","0","2/9/2026 3:53:06 PM","","0","0","","False","",""
"2360","الوان زيت وسط ","45","50","50","50","80","","","18","810","0","","True","False","False","0","0","0","","","","","","0","2/9/2026 3:53:06 PM","","0","0","","False","",""
"2361","الوان فلوكاستر 24  برطمان ","25","40","40","40","40","","","9","225","0","","True","False","False","0","0","0","","","","","","0","2/9/2026 3:53:06 PM","","0","0","","False","",""
"2362","الوان فلو ماستر ","25","50","50","50","50","","","3","75","0","","True","False","False","0","0","0","","","","","","0","2/9/2026 3:53:06 PM","","0","0","","False","",""
"2363","الوان فلو ماستر بلاستك ","16","30","30","30","30","","","18","288","0","","True","False","False","0","0","0","","","","","","0","2/9/2026 3:53:06 PM","","0","0","","False","",""
"2364","جلو صغير 10جرام","2","5","5","5","5","","","230","460","0","","True","False","False","0","0","0","","","","","","0","2/9/2026 3:53:06 PM","","0","0","","False","",""
"2365","تكت اسم انجاش وعربي ","2","5","5","5","5","","","60","120","0","","True","False","False","0","0","0","","","","","","0","2/9/2026 3:53:06 PM","","0","0","","False","",""
"2366","رزمه ورق الوان ","11.5","30","30","30","35","","","6","69","0","","True","False","False","0","0","0","","","","","","0","2/9/2026 3:53:06 PM","","0","0","","False","",""
"2367","برايه برطمان فتحين ","66","5","5","5","10","","","34","2244","0","","True","False","False","0","0","0","","","","","","0","2/9/2026 3:53:06 PM","","0","0","","False","",""
"2368","الوان فبركاسل 24 لون","135","75","75","75","185","","","39","5265","0","","True","False","False","0","0","0","","","","","","0","2/9/2026 3:53:06 PM","","0","0","","False","",""
"2369","استك نوت صغير لوكس ","13","25","25","25","25","","","6","78","0","","True","False","False","0","0","0","","","","","","0","2/9/2026 3:53:06 PM","","0","0","","False","",""
"2370","مريله  اطفال ","21","30","30","30","40","","","21","441","0","","True","False","False","0","0","0","","","","","","0","2/9/2026 3:53:06 PM","","0","0","","False","",""
"2371","دباسه غريب ","28","30","30","30","55","","","6","168","0","","True","False","False","0","0","0","","","","","","0","2/9/2026 3:53:06 PM","","0","0","","False","",""
"2372","حافظه سوسته صغير ","7.5","10","10","10","20","","","70","525","0","","True","False","False","0","0","0","","","0","1","0","0","2/9/2026 3:53:06 PM","","0","0","","False","",""
"2373","كشكول سلك 140","20","25","25","25","35","","","7","140","0","","True","False","False","0","0","0","","","","","","0","2/9/2026 3:53:06 PM","","0","0","","False","",""
"2374","استك نوت الوان ","18","25","25","25","25","","","9","162","0","","True","False","False","0","0","0","","","","","","0","2/9/2026 3:53:06 PM","","0","0","","False","",""
"2375","فيس شيلد صغير ","10","20","20","20","20","","","5","50","0","","True","False","False","0","0","0","","","","","","0","2/9/2026 3:53:06 PM","","0","0","","False","",""
"2376","فيس شيلد رجالي ","12.5","25","25","25","25","","","6","75","0","","True","False","False","0","0","0","","","","","","0","2/9/2026 3:53:06 PM","","0","0","","False","",""
"2377","فيس شيلد نظاره ","11","25","25","25","25","","","7","77","0","","True","False","False","0","0","0","","","","","","0","2/9/2026 3:53:06 PM","","0","0","","False","",""
"2378","كشكول A4 100 مربعات صغير ","20","20","20","20","28","","","7","140","0","","True","False","False","0","0","0","","","","","","0","2/9/2026 3:53:06 PM","","0","0","","False","",""
"2379","استاند يوني كارم ","16","20","20","20","20","","","9","144","0","","True","False","False","0","0","0","","","","","","0","2/9/2026 3:53:06 PM","","0","0","","False","",""
"2380","الوان شمع FABER CASEL","59","75","75","75","100","","","21","1239","0","","True","False","False","0","0","0","","","","","","0","2/9/2026 3:53:06 PM","","0","0","","False","",""
"2381","الوان حجر 12 لون ACUARLAS","16.5","30","30","30","30","","","9","148.5","0","","True","False","False","0","0","0","","","","","","0","2/9/2026 3:53:06 PM","","0","0","","False","",""
"2382","شنطه فايل TRUE END 13 POCKETS ","54","75","75","75","75","","","4","216","0","","True","False","False","0","0","0","","","","","","0","2/9/2026 3:53:06 PM","","0","0","","False","",""
"2383","الوان فلومستر 12 لون ","24","50","50","50","50","","","4","96","0","","True","False","False","0","0","0","","","","","","0","2/9/2026 3:53:06 PM","","0","0","","False","",""
"2384","خافض لسان مش شغال","13.5","15","15","15","35","","","26","156","0","","True","False","False","0","0","0","","","0","1","0","0","2/9/2026 3:53:06 PM","","0","0","","False","",""
"2385","صمغ GLUE STICK PRITT","2.5","5","5","5","5","","","84","210","0","","True","False","False","0","0","0","","","","","","0","2/9/2026 3:53:06 PM","","0","0","","False","",""
"2386","الوان شمع 24 لون FABER CASEL","52","55","55","55","70","","","17","884","0","","True","False","False","0","0","0","","","","","","0","2/9/2026 3:53:06 PM","","0","0","","False","",""
"2387","STICK NOTES","7.5","15","15","15","15","","","24","180","0","","True","False","False","0","0","0","","","","","","0","2/9/2026 3:53:06 PM","","0","0","","False","",""
"2388","الوان شمع 12  FABRE CASEL","115","30","30","30","205","","","8","450","0","","True","False","False","0","0","0","","","0","1","0","0","2/9/2026 3:53:06 PM","","0","0","","False","",""
"2389","بنسل كيس SYMBOL","43","60","60","60","65","","","6","258","0","","True","False","False","0","0","0","","","","","","0","2/9/2026 3:53:06 PM","","0","0","","False","",""
"2390","صلصال5D 12لون","25","40","40","40","40","","","4","100","0","","True","False","False","0","0","0","","","","","","0","2/9/2026 3:53:06 PM","","0","0","","False","",""
"2391","صلصال DIY","15","30","30","30","30","","","10","150","0","","True","False","False","0","0","0","","","","","","0","2/9/2026 3:53:06 PM","","0","0","","False","",""
"2392","كحول اثيلي ","10","20","20","20","20","","","60","600","0","","True","False","False","0","0","0","","","","","","0","2/9/2026 3:53:06 PM","","0","0","","False","",""
"2393","دفتر تحضير عربي ","22","40","40","40","40","","","6","132","0","","True","False","False","0","0","0","","","","","","0","2/9/2026 3:53:06 PM","","0","0","","False","",""
"2394","دفتر  تحضر انجلش ","22","40","40","40","40","","","6","132","0","","True","False","False","0","0","0","","","","","","0","2/9/2026 3:53:06 PM","","0","0","","False","",""
"2395","اقلام بريما الوان ","4","8","8","8","8","","","6","24","0","","True","False","False","0","0","0","","","","","","0","2/9/2026 3:53:06 PM","","0","0","","False","",""
"2396","POP IT 2","20","35","35","35","35","","","10","200","0","","True","False","False","0","0","0","","","","","","0","2/9/2026 3:53:06 PM","","0","0","","False","",""
"2397","مرايا صغيره ","2","5","5","5","5","","","8","16","0","","True","False","False","0","0","0","","","","","","0","2/9/2026 3:53:06 PM","","0","0","","False","",""
"2398","مداليا فرو كيتي ","8","20","20","20","20","","","6","48","0","","True","False","False","0","0","0","","","","","","0","2/9/2026 3:53:06 PM","","0","0","","False","",""
"2399"," استند خاتم اطفال","0.66","5","5","5","5","","","100","66","0","","True","False","False","0","0","0","","","","","","0","2/9/2026 3:53:06 PM","","0","0","","False","",""
"2400","ولاعه kkk","2","7","7","7","7","","","15","30","0","","True","False","False","0","0","0","","","","","","0","2/9/2026 3:53:06 PM","","0","0","","False","",""
"2401","فرشه hair comb","17","35","35","35","35","","","4","68","0","","True","False","False","0","0","0","","","","","","0","2/9/2026 3:53:06 PM","","0","0","","False","",""
"2402","توكه مسك بلاستك ","5.5","10","10","10","10","","","12","66","0","","True","False","False","0","0","0","","","","","","0","2/9/2026 3:53:06 PM","","0","0","","False","",""
"2403","كشكول انجليزي 40ورقه ","8.5","5","5","5","13","","","430","3655","0","","True","False","False","0","0","0","","","","","","0","2/9/2026 3:53:06 PM","","0","0","","False","",""
"2404","كنن","222222","6","6","6","2","","","2","444444","0","","True","False","False","0","0","0","","","","","","0","2/9/2026 3:53:06 PM","","0","0","","False","",""
"2405","ببليد حديد 2","60","75","75","75","155","","","33","1980","0","","True","False","False","0","0","0","","","","","","0","2/9/2026 3:53:06 PM","","0","0","","False","",""
"2406","بالون  قلب","5","12","12","12","12","","","18","90","0","","True","False","False","0","0","0","","","","","","0","2/9/2026 3:53:06 PM","","0","0","","False","",""
"2407","حظاظه رجالي fRIEND","1.25","10","10","10","10","","","12","15","0","","True","False","False","0","0","0","","","","","","0","2/9/2026 3:53:06 PM","","0","0","","False","",""
"2408","حظاظه باي","0.75","5","5","5","5","","","12","9","0","","True","False","False","0","0","0","","","","","","0","2/9/2026 3:53:06 PM","","0","0","","False","",""
"2409","كرت توك فواكه","5","10","10","10","10","","","12","60","0","","True","False","False","0","0","0","","","","","","0","2/9/2026 3:53:06 PM","","0","0","","False","",""
"2410"," POP IT 3","25","45","45","45","45","","","2","50","0","","True","False","False","0","0","0","","","","","","0","2/9/2026 3:53:06 PM","","0","0","","False","",""
"2411","مانيكر for ever","8","20","20","20","20","","","54","432","0","","True","False","False","0","0","0","","","","","","0","2/9/2026 3:53:06 PM","","0","0","","False","",""
"2412","الوان بوستر ","16.5","30","30","30","30","","","5","82.5","0","","True","False","False","0","0","0","","","","","","0","2/9/2026 3:53:06 PM","","0","0","","False","",""
"2413","قلم ماي تتش ","7","50","50","50","10","","","796","5572","0","","True","False","False","0","0","0","","","0","1","0","0","2/9/2026 3:53:06 PM","","0","0","","False","",""
"2414","استيكه قلم ","4.5","5","5","5","10","","","75","337.5","0","","True","False","False","0","0","0","","","","","","0","2/9/2026 3:53:06 PM","","0","0","","False","",""
"2415","صلصال +2لعبه ","9.25","12","12","12","12","","","20","185","0","","True","False","False","0","0","0","","","","","","0","2/9/2026 3:53:06 PM","","0","0","","False","",""
"2416","صلصال +3لعبه ","7","15","15","15","15","","","19","133","0","","True","False","False","0","0","0","","","","","","0","2/9/2026 3:53:06 PM","","0","0","","False","",""
"2417","ختامه اطفالي ","6","20","20","20","15","","","25","150","0","","True","False","False","0","0","0","","","","","","0","2/9/2026 3:53:06 PM","","0","0","","False","",""
"2418","سبوره كبيره جديده 20*30","55","65","65","65","85","","","44","2420","0","","True","False","False","0","0","0","","","","","","0","2/9/2026 3:53:06 PM","","0","0","","False","",""
"2419","كشكول 210  7subject  concord","134","65","65","65","245","","","12","1742","0","","True","False","False","0","0","0","","","0","1","0","0","2/9/2026 3:53:06 PM","","0","0","","False","",""
"2420","دفاتر جامو 4 مواد ","35","55","55","55","55","","","2","70","0","","True","False","False","0","0","0","","","","","","0","2/9/2026 3:53:06 PM","","0","0","","False","",""
"2421","دفاتر جامو 5مواد ","37","60","60","60","60","","","2","74","0","","True","False","False","0","0","0","","","","","","0","2/9/2026 3:53:06 PM","","0","0","","False","",""
"2422","دفاتر جامو 6 مواد 240","37","70","70","70","70","","","6","222","0","","True","False","False","0","0","0","","","","","","0","2/9/2026 3:53:06 PM","","0","0","","False","",""
"2423","سلسله  HANDMADE","10","25","25","25","25","","","24","240","0","","True","False","False","0","0","0","","","","","","0","2/9/2026 3:53:06 PM","","0","0","","False","",""
"2424","ماء ورد","15","20","20","20","20","","","3","45","0","","True","False","False","0","0","0","","","","","","0","2/9/2026 3:53:06 PM","","0","0","","False","",""
"2425","MAKE UP سفنج","4","7","7","7","7","","","10","40","0","","True","False","False","0","0","0","","","","","","0","2/9/2026 3:53:06 PM","","0","0","","False","",""
"2426","قلم سنون GOLDEN","5","10","10","10","15","","","20","100","0","","True","False","False","0","0","0","","","","","","0","2/9/2026 3:53:06 PM","","0","0","","False","",""
"2427","مقلمه todays","25","50","50","50","50","","","2","50","0","","True","False","False","0","0","0","","","","","","0","2/9/2026 3:53:06 PM","","0","0","","False","",""
"2428","مقلمه pink fantasy","53","80","80","80","80","","","7","371","0","","True","False","False","0","0","0","","","","","","0","2/9/2026 3:53:06 PM","","0","0","","False","",""
"2429","لانش بوكس +شوكه ومعلقه ","21","35","35","35","35","","","7","147","0","","True","False","False","0","0","0","","","","","","0","2/9/2026 3:53:06 PM","","0","0","","False","",""
"2430","لزق correction","6.6","12","12","12","12","","","4","26.4","0","","True","False","False","0","0","0","","","","","","0","2/9/2026 3:53:06 PM","","0","0","","False","",""
"2431","رزمة ورق A4 مالتي","95","65","65","65","110","","","57","5415","0","","True","False","False","0","0","0","","","","","","0","2/9/2026 3:53:06 PM","","0","0","","False","",""
"2432","فوم سادة","2.5","3","3","3","5","","","500","1250","0","","True","False","False","0","0","0","","","","","","0","2/9/2026 3:53:06 PM","","0","0","","False","",""
"2433","puzzle خشب","11.5","20","20","20","20","","","12","138","0","","True","False","False","0","0","0","","","","","","0","2/9/2026 3:53:06 PM","","0","0","","False","",""
"2434","canson ابيض عادي","6","15","15","15","15","","","24","144","0","","True","False","False","0","0","0","","","","","","0","2/9/2026 3:53:06 PM","","0","0","","False","",""
"2435","ماوس pad speed","10","15","15","15","15","","","3","30","0","","True","False","False","0","0","0","","","","","","0","2/9/2026 3:53:06 PM","","0","0","","False","",""
"2436","mouse pad office","5.5","10","10","10","10","","","3","16.5","0","","True","False","False","0","0","0","","","","","","0","2/9/2026 3:53:06 PM","","0","0","","False","",""
"2437","سولتيب  كبير اوي","10","18","18","18","18","","","12","120","0","","True","False","False","0","0","0","","","","","","0","2/9/2026 3:53:06 PM","","0","0","","False","",""
"2438","B-omega glass color","50","75","75","75","85","","","3","150","0","","True","False","False","0","0","0","","","","","","0","2/9/2026 3:53:06 PM","","0","0","","False","",""
"2439","water colour","35","55","55","55","55","","","3","105","0","","True","False","False","0","0","0","","","","","","0","2/9/2026 3:53:06 PM","","0","0","","False","",""
"2440"," kangaro B9 دباسة","140","80","80","80","240","","","6","3920","0","","True","False","False","0","0","0","","","0","1","0","0","2/9/2026 3:53:06 PM","","0","0","","False","",""
"2441","انابيب GLITTER","13","20","20","20","35","","","4","52","0","","True","False","False","0","0","0","","","","","","0","2/9/2026 3:53:06 PM","","0","0","","False","",""
"2442","WHEELS 12 لون","50","80","80","80","80","","","2","100","0","","True","False","False","0","0","0","","","","","","0","2/9/2026 3:53:06 PM","","0","0","","False","",""
"2443","V needs 6 الوان","27","45","45","45","45","","","4","108","0","","True","False","False","0","0","0","","","","","","0","2/9/2026 3:53:06 PM","","0","0","","False","",""
"2444","Faber-Castell فلومستر","37.5","55","55","55","55","","","3","112.5","0","","True","False","False","0","0","0","","","","","","0","2/9/2026 3:53:06 PM","","0","0","","False","",""
"2445","mouse Zero","21","35","35","35","30","","","5","105","0","","True","False","False","0","0","0","","","","","","0","2/9/2026 3:53:06 PM","","0","0","","False","",""
"2446","Logystar","23","35","35","35","35","","","3","69","0","","True","False","False","0","0","0","","","","","","0","2/9/2026 3:53:06 PM","","0","0","","False","",""
"2447","UHU صغيرة","16","15","15","15","30","","","119","1904","0","","True","False","False","0","0","0","","","0","1","0","0","2/9/2026 3:53:06 PM","","0","0","","False","",""
"2448","DOMS استيكة صغيرة","0.5","1","1","1","1","","","40","20","0","","True","False","False","0","0","0","","","","","","0","2/9/2026 3:53:06 PM","","0","0","","False","",""
"2449","انابيب جواش12لون","34.5","60","60","60","60","","","3","103.5","0","","True","False","False","0","0","0","","","","","","0","2/9/2026 3:53:06 PM","","0","0","","False","",""
"2450","مقص KANGARO 73","22","35","35","35","35","","","3","66","0","","True","False","False","0","0","0","","","","","","0","2/9/2026 3:53:06 PM","","0","0","","False","",""
"2451","مقص85 KANGARO ","29","40","40","40","40","","","2","58","0","","True","False","False","0","0","0","","","","","","0","2/9/2026 3:53:06 PM","","0","0","","False","",""
"2452","مقص KANGARO 45","10","15","15","15","15","","","3","30","0","","True","False","False","0","0","0","","","","","","0","2/9/2026 3:53:06 PM","","0","0","","False","",""
"2453","دباسه 0412","27.5","45","45","45","45","","","2","55","0","","True","False","False","0","0","0","","","","","","0","2/9/2026 3:53:06 PM","","0","0","","False","",""
"2454","لانش بوكشRIO","20","35","35","35","35","","","10","200","0","","True","False","False","0","0","0","","","","","","0","2/9/2026 3:53:06 PM","","0","0","","False","",""
"2455","STICKER  بالوحده","2.5","10","10","10","5","","","64","160","0","","True","False","False","0","0","0","","","","","","0","2/9/2026 3:53:06 PM","","0","0","","False","",""
"2456","KANGARO دبابيس 24/6","12","10","10","10","22","","","20","4080","0","","True","False","False","0","0","0","","","0","1","0","0","2/9/2026 3:53:06 PM","","0","0","","False","",""
"2457","neon pencil","0.55","1","1","1","1","","","112","61.6","0","","True","False","False","0","0","0","","","","","","0","2/9/2026 3:53:06 PM","","0","0","","False","",""
"2458","استاند قلم كريستال ","22","10","10","10","35","","","92","1500","0","","True","False","False","0","0","0","","","0","1","0","0","2/9/2026 3:53:06 PM","","0","0","","False","",""
"2459","كشكول سلك 4ماده ","16","35","35","35","35","","","8","128","0","","True","False","False","0","0","0","","","","","","0","2/9/2026 3:53:06 PM","","0","0","","False","",""
"2460","طقم دومس مكتبي","5","15","15","15","15","","","14","70","0","","True","False","False","0","0","0","","","","","","0","2/9/2026 3:53:06 PM","","0","0","","False","",""
"2461","مقلمه فراج علبه ","45","75","75","75","75","","","19","855","0","","True","False","False","0","0","0","","","","","","0","2/9/2026 3:53:06 PM","","0","0","","False","",""
"2462","فايل شفاف a3","90","4","4","4","4","","","50","4500","0","","True","False","False","0","0","0","","","","","","0","2/9/2026 3:53:06 PM","","0","0","","False","",""
"2463","صلصال صغير لعبتين ","8","10","10","10","14","","","31","248","0","","True","False","False","0","0","0","","","","","","0","2/9/2026 3:53:06 PM","","0","0","","False","",""
"2464","صلصال بسكينه ","15","15","15","15","25","","","16","240","0","","True","False","False","0","0","0","","","","","","0","2/9/2026 3:53:06 PM","","0","0","","False","",""
"2465","قلم بيمسح يوني كارم كونو ","3.5","10","10","10","10","","","12","42","0","","True","False","False","0","0","0","","","","","","0","2/9/2026 3:53:06 PM","","0","0","","False","",""
"2466","ختامه اطفال بوكس كبير ","50","3","3","3","3","","","60","3000","0","","True","False","False","0","0","0","","","","","","0","2/9/2026 3:53:06 PM","","0","0","","False","",""
"2467","لانش بوكس بريما ","15","35","35","35","35","","","12","180","0","","True","False","False","0","0","0","","","","","","0","2/9/2026 3:53:06 PM","","0","0","","False","",""
"2468","lunch box smart","17","40","40","40","60","","","4","68","0","","True","False","False","0","0","0","","","","","","0","2/9/2026 3:53:06 PM","","0","0","","False","",""
"2469","مقلمه شعبي ","7","20","20","20","20","","","12","84","0","","True","False","False","0","0","0","","","","","","0","2/9/2026 3:53:06 PM","","0","0","","False","",""
"2470","رسم بياني A4 ك","18.5","15","15","15","30","","","35","3607.5","0","","True","False","False","0","0","0","","","0","1","0","0","2/9/2026 3:53:06 PM","","0","0","","False","",""
"2471","اسبري ","7.5","20","20","20","20","","","6","45","0","","True","False","False","0","0","0","","","","","","0","2/9/2026 3:53:06 PM","","0","0","","False","",""
"2472","علب تلاجه iyth","30","55","55","55","55","","","5","150","0","","True","False","False","0","0","0","","","","","","0","2/9/2026 3:53:06 PM","","0","0","","False","",""
"2473","باسكت قلاب ","30","55","55","55","55","","","14","420","0","","True","False","False","0","0","0","","","","","","0","2/9/2026 3:53:06 PM","","0","0","","False","",""
"2474","باسكت العاب ","25","40","40","40","45","","","8","200","0","","True","False","False","0","0","0","","","","","","0","2/9/2026 3:53:06 PM","","0","0","","False","",""
"2475","جيتار وسط new","40","70","70","70","70","","","9","360","0","","True","False","False","0","0","0","","","","","","0","2/9/2026 3:53:06 PM","","0","0","","False","",""
"2476","طقم فرشه ليفه","20","30","30","30","30","","","8","160","0","","True","False","False","0","0","0","","","","","","0","2/9/2026 3:53:06 PM","","0","0","","False","",""
"2477","مسدس مياه ك ","10","25","25","25","25","","","4","40","0","","True","False","False","0","0","0","","","","","","0","2/9/2026 3:53:06 PM","","0","0","","False","",""
"2478","كرت عروسه frozen","10","20","20","20","20","","","5","50","0","","True","False","False","0","0","0","","","","","","0","2/9/2026 3:53:06 PM","","0","0","","False","",""
"2479","بوبت ","17","35","35","35","35","","","8","136","0","","True","False","False","0","0","0","","","","","","0","2/9/2026 3:53:06 PM","","0","0","","False","",""
"2480","كيس بالونات","3","8","8","8","8","","","12","36","0","","True","False","False","0","0","0","","","","","","0","2/9/2026 3:53:06 PM","","0","0","","False","",""
"2481","رول لزق مكتب","17","35","35","35","35","","","3","51","0","","True","False","False","0","0","0","","","","","","0","2/9/2026 3:53:06 PM","","0","0","","False","",""
"2482","طقم ليف احمر*3","3","10","10","10","10","","","12","36","0","","True","False","False","0","0","0","","","","","","0","2/9/2026 3:53:06 PM","","0","0","","False","",""
"2483","جريل مقاس 32","125","160","160","160","160","","","4","500","0","","True","False","False","0","0","0","","","","","","0","2/9/2026 3:53:06 PM","","0","0","","False","",""
"2484","غطا مروحه استند","5","15","15","15","15","","","18","90","0","","True","False","False","0","0","0","","","","","","0","2/9/2026 3:53:06 PM","","0","0","","False","",""
"2485","طقم 3* كيتي صفاره","12","20","20","20","20","","","3","36","0","","True","False","False","0","0","0","","","","","","0","2/9/2026 3:53:06 PM","","0","0","","False","",""
"2486","غطا غساله 3d","45","80","80","80","80","","","2","90","0","","True","False","False","0","0","0","","","","","","0","2/9/2026 3:53:06 PM","","0","0","","False","",""
"2487","مريلة مطبخ بالفوطه","25","45","45","45","45","","","3","75","0","","True","False","False","0","0","0","","","","","","0","2/9/2026 3:53:06 PM","","0","0","","False","",""
"2488","بادي تواليت اطفال","30","50","50","50","50","","","3","90","0","","True","False","False","0","0","0","","","","","","0","2/9/2026 3:53:06 PM","","0","0","","False","",""
"2489"," علبه 6 غطا استريتش","25","40","40","40","40","","","6","150","0","","True","False","False","0","0","0","","","","","","0","2/9/2026 3:53:06 PM","","0","0","","False","",""
"2490","طاسه بيض اطفال","15","45","45","45","45","","","12","180","0","","True","False","False","0","0","0","","","","","","0","2/9/2026 3:53:06 PM","","0","0","","False","",""
"2491","توابل ورده","10","20","20","20","20","","","3","30","0","","True","False","False","0","0","0","","","","","","0","2/9/2026 3:53:06 PM","","0","0","","False","",""
"2492","حافظة مكرونه ","12","30","30","30","30","","","3","36","0","","True","False","False","0","0","0","","","","","","0","2/9/2026 3:53:06 PM","","0","0","","False","",""
"2493","بخاخه شفاف","8","15","15","15","15","","","3","24","0","","True","False","False","0","0","0","","","","","","0","2/9/2026 3:53:06 PM","","0","0","","False","",""
"2494","مقوار استاليس","4.5","15","15","15","15","","","14","63","0","","True","False","False","0","0","0","","","","","","0","2/9/2026 3:53:06 PM","","0","0","","False","",""
"2495","باسكت نفايات مطبخ","18","35","35","35","35","","","3","54","0","","True","False","False","0","0","0","","","","","","0","2/9/2026 3:53:06 PM","","0","0","","False","",""
"2496","غطاء ميكريف الوطنيه","15","30","30","30","30","","","4","60","0","","True","False","False","0","0","0","","","","","","0","2/9/2026 3:53:06 PM","","0","0","","False","",""
"2497","زجاجه 2مع بعض Lamsa","22.5","35","35","35","35","","","3","67.5","0","","True","False","False","0","0","0","","","","","","0","2/9/2026 3:53:06 PM","","0","0","","False","",""
"2498","جروف رويال هوم","22.5","30","30","30","30","","","6","135","0","","True","False","False","0","0","0","","","","","","0","2/9/2026 3:53:06 PM","","0","0","","False","",""
"2499","مكعبات ثلج ice cube","6.8","10","10","10","10","","","9","61.2","0","","True","False","False","0","0","0","","","","","","0","2/9/2026 3:53:06 PM","","0","0","","False","",""
"2500","طقم قلوب *5","28.5","45","45","45","45","","","3","85.5","0","","True","False","False","0","0","0","","","","","","0","2/9/2026 3:53:06 PM","","0","0","","False","",""
"2501","كوز اورز ك","7","20","20","20","20","","","3","21","0","","True","False","False","0","0","0","","","","","","0","2/9/2026 3:53:06 PM","","0","0","","False","",""
"2502","مصفاه بالقمع ","10","25","25","25","25","","","3","30","0","","True","False","False","0","0","0","","","","","","0","2/9/2026 3:53:06 PM","","0","0","","False","",""
"2503","كرت نجار منشار","30","45","45","45","45","","","3","90","0","","True","False","False","0","0","0","","","","","","0","2/9/2026 3:53:06 PM","","0","0","","False","",""
"2504","كرت العاب","30","55","55","55","55","","","6","180","0","","True","False","False","0","0","0","","","","","","0","2/9/2026 3:53:06 PM","","0","0","","False","",""
"2505","كرت العاب ك","30","60","60","60","60","","","12","360","0","","True","False","False","0","0","0","","","","","","0","2/9/2026 3:53:06 PM","","0","0","","False","",""
"2506","12 قالب سيليكون","25","45","45","45","40","","","3","75","0","","True","False","False","0","0","0","","","","","","0","2/9/2026 3:53:06 PM","","0","0","","False","",""
"2507","فرشه بلاط ","6","20","20","20","20","","","1","6","0","","True","False","False","0","0","0","","","","","","0","2/9/2026 3:53:06 PM","","0","0","","False","",""
"2508","غلبه 3درج ","22","25","25","25","35","","","2","44","0","","True","False","False","0","0","0","","","","","","0","2/9/2026 3:53:06 PM","","0","0","","False","",""
"2509","فرشه خشنه جديد","15","25","25","25","25","","","8","120","0","","True","False","False","0","0","0","","","","","","0","2/9/2026 3:53:06 PM","","0","0","","False","",""
"2510","طقم عربيات 6 قطع","65","35","35","35","135","","","27","1755","0","","True","False","False","0","0","0","","","","","","0","2/9/2026 3:53:06 PM","","0","0","","False","",""
"2511","عروسه كيس","4","10","10","10","10","","","6","24","0","","True","False","False","0","0","0","","","","","","0","2/9/2026 3:53:06 PM","","0","0","","False","",""
"2512","عروسه كيس ك","10","15","15","15","15","","","3","30","0","","True","False","False","0","0","0","","","","","","0","2/9/2026 3:53:06 PM","","0","0","","False","",""
"2513","مصفه زيت ص ","12.5","25","25","25","25","","","2","25","0","","True","False","False","0","0","0","","","","","","0","2/9/2026 3:53:06 PM","","0","0","","False","",""
"2514","ملاحه استاليس ","8","15","15","15","15","","","6","48","0","","True","False","False","0","0","0","","","","","","0","2/9/2026 3:53:06 PM","","0","0","","False","",""
"2515","مقص 3*1","25","50","50","50","50","","","2","50","0","","True","False","False","0","0","0","","","","","","0","2/9/2026 3:53:06 PM","","0","0","","False","",""
"2516","مقص k-20","18","35","35","35","35","","","3","54","0","","True","False","False","0","0","0","","","","","","0","2/9/2026 3:53:06 PM","","0","0","","False","",""
"2517","مفرشه سفره بلاستيك","18","30","30","30","30","","","3","54","0","","True","False","False","0","0","0","","","","","","0","2/9/2026 3:53:06 PM","","0","0","","False","",""
"2518","كبشه استاليس ","15","30","30","30","30","","","4","60","0","","True","False","False","0","0","0","","","","","","0","2/9/2026 3:53:06 PM","","0","0","","False","",""
"2519","كبشه بلاستيك","13","25","25","25","25","","","3","39","0","","True","False","False","0","0","0","","","","","","0","2/9/2026 3:53:06 PM","","0","0","","False","",""
"2520","طقم صفايه استاليس حوض*2","12","30","30","30","30","","","2","24","0","","True","False","False","0","0","0","","","","","","0","2/9/2026 3:53:06 PM","","0","0","","False","",""
"2521","كوب بلاستيك شاليمو","15","25","25","25","25","","","6","90","0","","True","False","False","0","0","0","","","","","","0","2/9/2026 3:53:06 PM","","0","0","","False","",""
"2522","قالب كيك ص ","28","40","40","40","40","","","2","56","0","","True","False","False","0","0","0","","","","","","0","2/9/2026 3:53:06 PM","","0","0","","False","",""
"2523","قالب كيك ك","32","45","45","45","45","","","2","64","0","","True","False","False","0","0","0","","","","","","0","2/9/2026 3:53:06 PM","","0","0","","False","",""
"2524","صنيه ص ","17.5","30","30","30","30","","","3","52.5","0","","True","False","False","0","0","0","","","","","","0","2/9/2026 3:53:06 PM","","0","0","","False","",""
"2525","صنيه وسط 2","22","40","40","40","40","","","2","44","0","","True","False","False","0","0","0","","","","","","0","2/9/2026 3:53:06 PM","","0","0","","False","",""
"2526","شنطة دكتور","85","55","55","55","195","","","50","3500","0","","True","False","False","0","0","0","","","0","1","0","0","2/9/2026 3:53:06 PM","","0","0","","False","",""
"2527","ماوس جيمنج","16","40","40","40","40","","","2","32","0","","True","False","False","0","0","0","","","","","","0","2/9/2026 3:53:06 PM","","0","0","","False","",""
"2528","ماوس لوجي ستار ","23","40","40","40","40","","","2","46","0","","True","False","False","0","0","0","","","","","","0","2/9/2026 3:53:06 PM","","0","0","","False","",""
"2529","جزء عامه","4","10","10","10","10","","","61","244","0","","True","False","False","0","0","0","","","","","","0","2/9/2026 3:53:06 PM","","0","0","","False","",""
"2530","كركتور حبل ","6","15","15","15","15","","","9","54","0","","True","False","False","0","0","0","","","","","","0","2/9/2026 3:53:06 PM","","0","0","","False","",""
"2531","ماسك القلم بالواحده","13","15","15","15","20","","","15","195","0","","True","False","False","0","0","0","","","","","","0","2/9/2026 3:53:06 PM","","0","0","","False","",""
"2532","لوحه مجسم ","11","25","25","25","25","","","15","165","0","","True","False","False","0","0","0","","","","","","0","2/9/2026 3:53:06 PM","","0","0","","False","",""
"2533","بوبيت الوان ","10","40","40","40","25","","","23","230","0","","True","False","False","0","0","0","","","","","","0","2/9/2026 3:53:06 PM","","0","0","","False","",""
"2534","سوبر روكس","2.5","8","8","8","8","","","24","60","0","","True","False","False","0","0","0","","","","","","0","2/9/2026 3:53:06 PM","","0","0","","False","",""
"2535","اطباق عيد ميلاد كبير 2","12.5","25","25","25","25","","","50","625","0","","True","False","False","0","0","0","","","","","","0","2/9/2026 3:53:06 PM","","0","0","","False","",""
"2536","مجسم الانسان ","15","35","35","35","35","","","8","120","0","","True","False","False","0","0","0","","","","","","0","2/9/2026 3:53:06 PM","","0","0","","False","",""
"2537","المجموعه الشمسيه ","15","35","35","35","35","","","3","45","0","","True","False","False","0","0","0","","","","","","0","2/9/2026 3:53:06 PM","","0","0","","False","",""
"2538","wibes","10.5","25","25","25","25","","","3","31.5","0","","True","False","False","0","0","0","","","","","","0","2/9/2026 3:53:06 PM","","0","0","","False","",""
"2539","مجسمات هندسيه ","15","35","35","35","35","","","3","45","0","","True","False","False","0","0","0","","","","","","0","2/9/2026 3:53:06 PM","","0","0","","False","",""
"2540","بكره  خيط حظاظات الوحده ","5","10","10","10","10","","","4","20","0","","True","False","False","0","0","0","","","","","","0","2/9/2026 3:53:06 PM","","0","0","","False","",""
"2541","استك عريض هدوم ","3","10","10","10","10","","","12","36","0","","True","False","False","0","0","0","","","","","","0","2/9/2026 3:53:06 PM","","0","0","","False","",""
"2542","قلم سنتو  بالواحد","3","5","5","5","5","","","35","105","0","","True","False","False","0","0","0","","","","","","0","2/9/2026 3:53:06 PM","","0","0","","False","",""
"2543","فوم اسلايم  بالوحده","2.5","5","5","5","5","","","2600","6500","0","","True","False","False","0","0","0","","","","","","0","2/9/2026 3:53:06 PM","","0","0","","False","",""
"2544","تعليم اطفال pencil بالواحده","7","15","15","15","15","","","54","378","0","","True","False","False","0","0","0","","","","","","0","2/9/2026 3:53:06 PM","","0","0","","False","",""
"2545","سور حديقه الحيوان ","10","20","20","20","20","","","3","30","0","","True","False","False","0","0","0","","","","","","0","2/9/2026 3:53:06 PM","","0","0","","False","",""
"2546","مسطره محمد صلاح ص مفيش ","2","5","5","5","8","","","18","36","0","","True","False","False","0","0","0","","","","","","0","2/9/2026 3:53:06 PM","","0","0","","False","",""
"2547","مشبك صغير الوان ","10","20","20","20","20","","","3","30","0","","True","False","False","0","0","0","","","","","","0","2/9/2026 3:53:06 PM","","0","0","","False","",""
"2548","بطاريه eveready","25","40","40","40","40","","","10","250","0","","True","False","False","0","0","0","","","","","","0","2/9/2026 3:53:06 PM","","0","0","","False","",""
"2549","دبل فيس 3 متر ","35","40","40","40","60","","","80","2800","0","","True","False","False","0","0","0","","","0","1","0","0","2/9/2026 3:53:06 PM","","0","0","","False","",""
"2550","طقم عربيات 12*1","45","65","65","65","75","","","6","270","0","","True","False","False","0","0","0","","","","","","0","2/9/2026 3:53:06 PM","","0","0","","False","",""
"2551","مسدس كور 6ق","45","75","75","75","75","","","3","135","0","","True","False","False","0","0","0","","","","","","0","2/9/2026 3:53:06 PM","","0","0","","False","",""
"2552","منظم  تلاجه الوطنيه","13.5","20","20","20","20","","","14","189","0","","True","False","False","0","0","0","","","","","","0","2/9/2026 3:53:06 PM","","0","0","","False","",""
"2553","طبق غاويت  كارمن","18.5","30","30","30","30","","","3","55.5","0","","True","False","False","0","0","0","","","","","","0","2/9/2026 3:53:06 PM","","0","0","","False","",""
"2554","شماعة الخير بلاست 6 قطع","20","35","35","35","35","","","3","60","0","","True","False","False","0","0","0","","","","","","0","2/9/2026 3:53:06 PM","","0","0","","False","",""
"2555","لطقم ليفه 3 قطع","7","15","15","15","15","","","24","168","0","","True","False","False","0","0","0","","","","","","0","2/9/2026 3:53:06 PM","","0","0","","False","",""
"2556","قلايه تحمير ب 2 يد","120","170","170","170","170","","","2","240","0","","True","False","False","0","0","0","","","","","","0","2/9/2026 3:53:06 PM","","0","0","","False","",""
"2557","درج معالق lamsa","14","30","30","30","30","","","3","42","0","","True","False","False","0","0","0","","","","","","0","2/9/2026 3:53:06 PM","","0","0","","False","",""
"2558","مشابك تركي ","15","25","25","25","25","","","4","60","0","","True","False","False","0","0","0","","","","","","0","2/9/2026 3:53:06 PM","","0","0","","False","",""
"2559","مشابك janna","8.5","15","15","15","15","","","3","25.5","0","","True","False","False","0","0","0","","","","","","0","2/9/2026 3:53:06 PM","","0","0","","False","",""
"2560","صفايه بلاستك خلود ","11","30","30","30","30","","","3","33","0","","True","False","False","0","0","0","","","","","","0","2/9/2026 3:53:06 PM","","0","0","","False","",""
"2561","بوتى  ibaby","15","30","30","30","30","","","4","60","0","","True","False","False","0","0","0","","","","","","0","2/9/2026 3:53:06 PM","","0","0","","False","",""
"2562","زعافه","22.5","35","35","35","35","","","6","135","0","","True","False","False","0","0","0","","","","","","0","2/9/2026 3:53:06 PM","","0","0","","False","",""
"2563","قوالب ارز وحلويات ","25","45","45","45","45","","","6","150","0","","True","False","False","0","0","0","","","","","","0","2/9/2026 3:53:06 PM","","0","0","","False","",""
"2564","شمع عيد ميلاد بغطاء ","6","12","12","12","12","","","15","90","0","","True","False","False","0","0","0","","","","","","0","2/9/2026 3:53:06 PM","","0","0","","False","",""
"2565","ضوافر فرنش ","10","20","20","20","20","","","12","120","0","","True","False","False","0","0","0","","","","","","0","2/9/2026 3:53:06 PM","","0","0","","False","",""
"2566","استك ملايا ","10","15","15","15","25","","","7","70","0","","True","False","False","0","0","0","","","","","","0","2/9/2026 3:53:06 PM","","0","0","","False","",""
"2567","شاكوش معدن ","20","40","40","40","40","","","3","60","0","","True","False","False","0","0","0","","","","","","0","2/9/2026 3:53:06 PM","","0","0","","False","",""
"2568","قالب كيك صصغير","11","30","30","30","30","","","3","33","0","","True","False","False","0","0","0","","","","","","0","2/9/2026 3:53:06 PM","","0","0","","False","",""
"2569","مسدس جل نظاره ","85","140","140","140","140","","","3","255","0","","True","False","False","0","0","0","","","","","","0","2/9/2026 3:53:06 PM","","0","0","","False","",""
"2570","لعبه دكتور magc","220","180","180","180","365","","","3","660","0","","True","False","False","0","0","0","","","","","","0","2/9/2026 3:53:06 PM","","0","0","","False","",""
"2571","جردل مكعبات صغير ","55","60","60","60","85","","","6","330","0","","True","False","False","0","0","0","","","","","","0","2/9/2026 3:53:06 PM","","0","0","","False","",""
"2572","ثبت ملابس ","35","55","55","55","55","","","3","105","0","","True","False","False","0","0","0","","","","","","0","2/9/2026 3:53:06 PM","","0","0","","False","",""
"2573","بلون هليوم 10 بلون ترتر","15","20","20","20","35","","","80","1080","0","","True","False","False","0","0","0","","","0","1","0","0","2/9/2026 3:53:06 PM","","0","0","","False","",""
"2574","بلون هليوم 18 حرف ","25","40","40","40","40","","","2","50","0","","True","False","False","0","0","0","","","","","","0","2/9/2026 3:53:06 PM","","0","0","","False","",""
"2575","شمع ارقام دهبي ","3","6","6","6","8","","","210","630","0","","True","False","False","0","0","0","","","","","","0","2/9/2026 3:53:06 PM","","0","0","","False","",""
"2576","شنطه هدايا طويل ","8","15","15","15","15","","","50","400","0","","True","False","False","0","0","0","","","","","","0","2/9/2026 3:53:06 PM","","0","0","","False","",""
"2577","شنط هدايا  ساده ","10","15","15","15","15","","","24","240","0","","True","False","False","0","0","0","","","","","","0","2/9/2026 3:53:06 PM","","0","0","","False","",""
"2578","منفاخ بلون الوان ","15","30","30","30","30","","","11","165","0","","True","False","False","0","0","0","","","","","","0","2/9/2026 3:53:06 PM","","0","0","","False","",""
"2579","بوكسات متورده","20","50","50","50","60","","","1","20","0","","True","False","False","0","0","0","","","","","","0","2/9/2026 3:53:06 PM","","0","0","","False","",""
"2580","بوكس LOVE","20","55","55","55","55","","","1","20","0","","True","False","False","0","0","0","","","","","","0","2/9/2026 3:53:06 PM","","0","0","","False","",""
"2581","بوكسات مستورده ","10","55","55","55","55","","","1","10","0","","True","False","False","0","0","0","","","","","","0","2/9/2026 3:53:06 PM","","0","0","","False","",""
"2582","بوكسات مستورده 10","10","50","50","50","50","","","1","10","0","","True","False","False","0","0","0","","","","","","0","2/9/2026 3:53:06 PM","","0","0","","False","",""
"2583","بوكسات مستورده 9","10","45","45","45","45","","","1","10","0","","True","False","False","0","0","0","","","","","","0","2/9/2026 3:53:06 PM","","0","0","","False","",""
"2584","بوكسات مستورده 8","10","40","40","40","40","","","1","10","0","","True","False","False","0","0","0","","","","","","0","2/9/2026 3:53:06 PM","","0","0","","False","",""
"2585","بوكسات مستورده 7","10","35","35","35","35","","","1","10","0","","True","False","False","0","0","0","","","","","","0","2/9/2026 3:53:06 PM","","0","0","","False","",""
"2586","بوكسات مستورده 6","10","30","30","30","30","","","1","10","0","","True","False","False","0","0","0","","","","","","0","2/9/2026 3:53:06 PM","","0","0","","False","",""
"2587","بوكسات مستورده 5","10","25","25","25","25","","","1","10","0","","True","False","False","0","0","0","","","","","","0","2/9/2026 3:53:06 PM","","0","0","","False","",""
"2588","سبورات تعليميه  صغيره","5","15","15","15","15","","","7","35","0","","True","False","False","0","0","0","","","","","","0","2/9/2026 3:53:06 PM","","0","0","","False","",""
"2589","ابر الخياطه السحريه","5","15","15","15","15","","","5","25","0","","True","False","False","0","0","0","","","","","","0","2/9/2026 3:53:06 PM","","0","0","","False","",""
"2590","كيس عيون صغير","7.5","5","5","5","20","","","10","587.5","0","","True","False","False","0","0","0","","","0","1","0","0","2/9/2026 3:53:06 PM","","0","0","","False","",""
"2591","مطاره ice marina","20","35","35","35","35","","","12","240","0","","True","False","False","0","0","0","","","","","","0","2/9/2026 3:53:06 PM","","0","0","","False","",""
"2592","نشابه خشب كبير","20","40","40","40","40","","","3","60","0","","True","False","False","0","0","0","","","","","","0","2/9/2026 3:53:06 PM","","0","0","","False","",""
"2593","بوبيت 3","27","45","45","45","45","","","22","594","0","","True","False","False","0","0","0","","","","","","0","2/9/2026 3:53:06 PM","","0","0","","False","",""
"2594","برجل+قلم ","5","10","10","10","10","","","12","60","0","","True","False","False","0","0","0","","","","","","0","2/9/2026 3:53:06 PM","","0","0","","False","",""
"2595","مسطره اشكال بناتي ","2","5","5","5","5","","","6","12","0","","True","False","False","0","0","0","","","","","","0","2/9/2026 3:53:06 PM","","0","0","","False","",""
"2596","دبوس ضغط مكتب ملون","8","12","12","12","15","","","8","64","0","","True","False","False","0","0","0","","","","","","0","2/9/2026 3:53:06 PM","","0","0","","False","",""
"2597","طقك مقص بالواحده ","5","10","10","10","10","","","6","30","0","","True","False","False","0","0","0","","","","","","0","2/9/2026 3:53:06 PM","","0","0","","False","",""
"2598","كراته  محفظه","10.5","25","25","25","25","","","3","31.5","0","","True","False","False","0","0","0","","","","","","0","2/9/2026 3:53:06 PM","","0","0","","False","",""
"2599","stick note  PaD مسطر","10","20","20","20","20","","","6","60","0","","True","False","False","0","0","0","","","","","","0","2/9/2026 3:53:06 PM","","0","0","","False","",""
"2600","اله الحاسبه casio fx-991","825","340","340","340","1350","","","4","19845","0","","True","False","False","0","0","0","","","0","1","0","0","2/9/2026 3:53:06 PM","","0","0","","False","",""
"2601","مسطره دوائر 2","8.5","10","10","10","20","","","23","195.5","0","","True","False","False","0","0","0","","","","","","0","2/9/2026 3:53:06 PM","","0","0","","False","",""
"2602","قلم سبوره يوني 500","4.5","6","6","6","6","","","24","108","0","","True","False","False","0","0","0","","","","","","0","2/9/2026 3:53:06 PM","","0","0","","False","",""
"2603","شنط بناتي ","50","120","120","120","70","","","2","100","0","","True","False","False","0","0","0","","","","","","0","2/9/2026 3:53:06 PM","","0","0","","False","",""
"2604","شنط حضانات ","50","90","90","90","90","","","4","200","0","","True","False","False","0","0","0","","","","","","0","2/9/2026 3:53:06 PM","","0","0","","False","",""
"2605","اسبنش الواحده","2","5","5","5","5","","","9","18","0","","True","False","False","0","0","0","","","","","","0","2/9/2026 3:53:06 PM","","0","0","","False","",""
"2606","دبدوب  قطن ","95","85","85","85","165","","","8","760","0","","True","False","False","0","0","0","","","","","","0","2/9/2026 3:53:06 PM","","0","0","","False","",""
"2607","بوكس مستورد","30","50","50","50","50","","","1","30","0","","True","False","False","0","0","0","","","","","","0","2/9/2026 3:53:06 PM","","0","0","","False","",""
"2608","بوكس مستورد رقم 2","20","40","40","40","40","","","1","20","0","","True","False","False","0","0","0","","","","","","0","2/9/2026 3:53:06 PM","","0","0","","False","",""
"2609","بوكس مستور رقم3","10","30","30","30","30","","","1","10","0","","True","False","False","0","0","0","","","","","","0","2/9/2026 3:53:06 PM","","0","0","","False","",""
"2610","ليجو 282 بينور ","115","190","190","190","190","","","2","230","0","","True","False","False","0","0","0","","","","","","0","2/9/2026 3:53:06 PM","","0","0","","False","",""
"2611","ليجو 309 بينور ","115","210","210","210","210","","","2","230","0","","True","False","False","0","0","0","","","","","","0","2/9/2026 3:53:06 PM","","0","0","","False","",""
"2612","ليجو 289 بينور","115","200","200","200","200","","","2","230","0","","True","False","False","0","0","0","","","","","","0","2/9/2026 3:53:06 PM","","0","0","","False","",""
"2613","ليجو324 بينور ","350","380","380","380","520","","","3","1050","0","","True","False","False","0","0","0","","","","","","0","2/9/2026 3:53:06 PM","","0","0","","False","",""
"2614","ليجو 250 بينور","115","195","195","195","195","","","2","230","0","","True","False","False","0","0","0","","","","","","0","2/9/2026 3:53:06 PM","","0","0","","False","",""
"2615","ليجو بينور 195","105","150","150","150","150","","","4","420","0","","True","False","False","0","0","0","","","","","","0","2/9/2026 3:53:06 PM","","0","0","","False","",""
"2616","truck بطاريه ليثيوم 4 اتجاه شحن","215","320","320","320","320","","","6","1290","0","","True","False","False","0","0","0","","","","","","0","2/9/2026 3:53:06 PM","","0","0","","False","",""
"2617","مسك + جونتى","150","220","220","220","220","","","7","1050","0","","True","False","False","0","0","0","","","","","","0","2/9/2026 3:53:06 PM","","0","0","","False","",""
"2618","مسدس 20x bulleT","184","275","275","275","275","","","3","552","0","","True","False","False","0","0","0","","","","","","0","2/9/2026 3:53:06 PM","","0","0","","False","",""
"2619","electronic bags ","155","250","250","250","250","","","2","310","0","","True","False","False","0","0","0","","","","","","0","2/9/2026 3:53:06 PM","","0","0","","False","",""
"2620","مسدس 20x bulleT كبير","228","330","330","330","330","","","2","456","0","","True","False","False","0","0","0","","","","","","0","2/9/2026 3:53:06 PM","","0","0","","False","",""
"2621","عروسه سرير وكرسي","205","340","340","340","340","","","2","410","0","","True","False","False","0","0","0","","","","","","0","2/9/2026 3:53:06 PM","","0","0","","False","",""
"2622","drink wet baby","178","270","270","270","270","","","2","356","0","","True","False","False","0","0","0","","","","","","0","2/9/2026 3:53:06 PM","","0","0","","False","",""
"2623","شخصيات كبير avengers","29.5","65","65","65","65","","","13","383.5","0","","True","False","False","0","0","0","","","","","","0","2/9/2026 3:53:06 PM","","0","0","","False","",""
"2624","شخصيات ص avengers","20.5","40","40","40","40","","","12","246","0","","True","False","False","0","0","0","","","","","","0","2/9/2026 3:53:06 PM","","0","0","","False","",""
"2625","*2عروسه raya","95","150","150","150","150","","","3","285","0","","True","False","False","0","0","0","","","","","","0","2/9/2026 3:53:06 PM","","0","0","","False","",""
"2626"," graffiti model car","155","220","220","220","220","","","3","465","0","","True","False","False","0","0","0","","","","","","0","2/9/2026 3:53:06 PM","","0","0","","False","",""
"2627","تريله متحوله  انسان الى ","112","130","130","130","175","","","7","784","0","","True","False","False","0","0","0","","","","","","0","2/9/2026 3:53:06 PM","","0","0","","False","",""
"2628","اشكال وشوش شخصيات avengers","107","140","140","140","145","","","11","1177","0","","True","False","False","0","0","0","","","","","","0","2/9/2026 3:53:06 PM","","0","0","","False","",""
"2629","طياراه ماركت او مطبخ ","260","400","400","400","400","","","2","520","0","","True","False","False","0","0","0","","","","","","0","2/9/2026 3:53:06 PM","","0","0","","False","",""
"2630","lovelydoll","160","240","240","240","240","","","2","320","0","","True","False","False","0","0","0","","","","","","0","2/9/2026 3:53:06 PM","","0","0","","False","",""
"2631","my lovely pet","88","145","145","145","145","","","4","352","0","","True","False","False","0","0","0","","","","","","0","2/9/2026 3:53:06 PM","","0","0","","False","",""
"2632","cute little horse and funny toys","125","200","200","200","200","","","2","250","0","","True","False","False","0","0","0","","","","","","0","2/9/2026 3:53:06 PM","","0","0","","False","",""
"2633","اله حاسبه kk-336A","20","45","45","45","45","","","3","60","0","","True","False","False","0","0","0","","","","","","0","2/9/2026 3:53:06 PM","","0","0","","False","",""
"2634"," كتاب استيكر تلوين","10","25","25","25","25","","","10","100","0","","True","False","False","0","0","0","","","","","","0","2/9/2026 3:53:06 PM","","0","0","","False","",""
"2635","كتب تلوين سحريه","11","25","25","25","25","","","5","55","0","","True","False","False","0","0","0","","","","","","0","2/9/2026 3:53:06 PM","","0","0","","False","",""
"2636","مقلمه استنلس ","11","30","30","30","30","","","6","66","0","","True","False","False","0","0","0","","","","","","0","2/9/2026 3:53:06 PM","","0","0","","False","",""
"2637","كورهmibalon   ","45","70","70","70","70","","","3","135","0","","True","False","False","0","0","0","","","","","","0","2/9/2026 3:53:06 PM","","0","0","","False","",""
"2638","الوان وجه","30","30","30","30","45","","","12","360","0","","True","False","False","0","0","0","","","","","","0","2/9/2026 3:53:06 PM","","0","0","","False","",""
"2639","ساعه تعليميه ص ","7.5","20","20","20","20","","","2","15","0","","True","False","False","0","0","0","","","","","","0","2/9/2026 3:53:06 PM","","0","0","","False","",""
"2640","ساعه تعليميه ك","9","30","30","30","30","","","3","27","0","","True","False","False","0","0","0","","","","","","0","2/9/2026 3:53:06 PM","","0","0","","False","",""
"2641","ماركر prego","2.5","5","5","5","5","","","12","30","0","","True","False","False","0","0","0","","","","","","0","2/9/2026 3:53:06 PM","","0","0","","False","",""
"2642","دفتر ايصال نقديه","4","10","10","10","15","","","32","128","0","","True","False","False","0","0","0","","","","","","0","2/9/2026 3:53:06 PM","","0","0","","False","",""
"2643","قلم uni laknock","14.5","20","20","20","20","","","5","72.5","0","","True","False","False","0","0","0","","","","","","0","2/9/2026 3:53:06 PM","","0","0","","False","",""
"2644","قلم uni laknock جيل ","14.5","20","20","20","20","","","5","72.5","0","","True","False","False","0","0","0","","","","","","0","2/9/2026 3:53:06 PM","","0","0","","False","",""
"2645","وسا ئل تعلميه فوم","10","30","30","30","30","","","11","110","0","","True","False","False","0","0","0","","","","","","0","2/9/2026 3:53:06 PM","","0","0","","False","",""
"2646","قلم تخطيط  2ملى ","4","10","10","10","10","","","48","192","0","","True","False","False","0","0","0","","","","","","0","2/9/2026 3:53:06 PM","","0","0","","False","",""
"2647","حجاره باناسونك بالواحده","7","20","20","20","20","","","58","406","0","","True","False","False","0","0","0","","","","","","0","2/9/2026 3:53:06 PM","","0","0","","False","",""
"2648","مكتبه سمسم","10","22","22","22","22","","","1","10","0","","True","False","False","0","0","0","","","","","","0","2/9/2026 3:53:06 PM","","0","0","","False","",""
"2649","بابانويل متحرك ","120","165","165","165","165","","","6","720","0","","True","False","False","0","0","0","","","","","","0","2/9/2026 3:53:06 PM","","0","0","","False","",""
"2650","كوره دسكو ","16","25","25","25","25","","","18","288","0","","True","False","False","0","0","0","","","","","","0","2/9/2026 3:53:06 PM","","0","0","","False","",""
"2651","كوره الباكت 20 كوره ","50","75","75","75","75","","","3","150","0","","True","False","False","0","0","0","","","","","","0","2/9/2026 3:53:06 PM","","0","0","","False","",""
"2652","طرطور 2024","10","20","20","20","30","","","65","650","0","","True","False","False","0","0","0","","","","","","0","2/9/2026 3:53:06 PM","","0","0","","False","",""
"2653","نظاره بابا نويل ","10","10","10","10","30","","","62","620","0","","True","False","False","0","0","0","","","","","","0","2/9/2026 3:53:06 PM","","0","0","","False","",""
"2654","سريه نور ليد اصفر علبه زرقا 2 فيشه","60","60","60","60","100","","","12","420","0","","True","False","False","0","0","0","","","0","1","0","0","2/9/2026 3:53:06 PM","","0","0","","False","",""
"2655","سريه نور الوان ليزر ","20","40","40","40","40","","","6","120","0","","True","False","False","0","0","0","","","","","","0","2/9/2026 3:53:06 PM","","0","0","","False","",""
"2656","كيس طبله ","8","15","15","15","15","","","12","96","0","","True","False","False","0","0","0","","","","","","0","2/9/2026 3:53:06 PM","","0","0","","False","",""
"2657","كيس هدايا ","6","15","15","15","15","","","12","72","0","","True","False","False","0","0","0","","","","","","0","2/9/2026 3:53:06 PM","","0","0","","False","",""
"2658","جرس كرسماس ","8","15","15","15","15","","","12","96","0","","True","False","False","0","0","0","","","","","","0","2/9/2026 3:53:06 PM","","0","0","","False","",""
"2659","كوره بكيس  كرسماس ","11","20","20","20","20","","","12","132","0","","True","False","False","0","0","0","","","","","","0","2/9/2026 3:53:06 PM","","0","0","","False","",""
"2660","بابانويل 2*1","6","10","10","10","10","","","12","72","0","","True","False","False","0","0","0","","","","","","0","2/9/2026 3:53:06 PM","","0","0","","False","",""
"2661","بابانويل كبير ","10","20","20","20","20","","","18","180","0","","True","False","False","0","0","0","","","","","","0","2/9/2026 3:53:06 PM","","0","0","","False","",""
"2662","بابانويل وسط ","8","15","15","15","15","","","12","96","0","","True","False","False","0","0","0","","","","","","0","2/9/2026 3:53:06 PM","","0","0","","False","",""
"2663","طقم  هدايا مشكل ","24","40","40","40","40","","","12","288","0","","True","False","False","0","0","0","","","","","","0","2/9/2026 3:53:06 PM","","0","0","","False","",""
"2664","كيس هدايا مشكل ","8","20","20","20","20","","","12","96","0","","True","False","False","0","0","0","","","","","","0","2/9/2026 3:53:06 PM","","0","0","","False","",""
"2665","كوره  دسكو  ","10","20","20","20","20","","","11","110","0","","True","False","False","0","0","0","","","","","","0","2/9/2026 3:53:06 PM","","0","0","","False","",""
"2666","كوره كرسماس 12 كوره ","10","20","20","20","20","","","12","120","0","","True","False","False","0","0","0","","","","","","0","2/9/2026 3:53:06 PM","","0","0","","False","",""
"2667","كوخ هدايا ","24","40","40","40","40","","","6","144","0","","True","False","False","0","0","0","","","","","","0","2/9/2026 3:53:06 PM","","0","0","","False","",""
"2668","علبه كور فكيوم ","15","30","30","30","30","","","6","90","0","","True","False","False","0","0","0","","","","","","0","2/9/2026 3:53:06 PM","","0","0","","False","",""
"2669","علبه مشكله ","20","40","40","40","40","","","6","120","0","","True","False","False","0","0","0","","","","","","0","2/9/2026 3:53:06 PM","","0","0","","False","",""
"2670","بابانويل فرو كبير ","60","75","75","75","75","","","6","360","0","","True","False","False","0","0","0","","","","","","0","2/9/2026 3:53:06 PM","","0","0","","False","",""
"2671","بابانويل فرو وسط ","30","45","45","45","45","","","3","90","0","","True","False","False","0","0","0","","","","","","0","2/9/2026 3:53:06 PM","","0","0","","False","",""
"2672","بابانويل ","20","35","35","35","35","","","3","60","0","","True","False","False","0","0","0","","","","","","0","2/9/2026 3:53:06 PM","","0","0","","False","",""
"2673","استيكر صغير","5","15","15","15","15","","","6","30","0","","True","False","False","0","0","0","","","","","","0","2/9/2026 3:53:06 PM","","0","0","","False","",""
"2674","استكر كبير ","30","60","60","60","60","","","10","300","0","","True","False","False","0","0","0","","","","","","0","2/9/2026 3:53:06 PM","","0","0","","False","",""
"2675","استيكر بابانيول وسط ","18","35","35","35","35","","","6","108","0","","True","False","False","0","0","0","","","","","","0","2/9/2026 3:53:06 PM","","0","0","","False","",""
"2676","استيكر لصغر من الوسط ","12.5","30","30","30","30","","","6","75","0","","True","False","False","0","0","0","","","","","","0","2/9/2026 3:53:06 PM","","0","0","","False","",""
"2677","استكر بابانويل ","18","45","45","45","45","","","6","108","0","","True","False","False","0","0","0","","","","","","0","2/9/2026 3:53:06 PM","","0","0","","False","",""
"2678","زماره ","55","2","2","2","2","","","100","5500","0","","True","False","False","0","0","0","","","","","","0","2/9/2026 3:53:06 PM","","0","0","","False","",""
"2679","طرطور هابي كبير جديد","10","7.5","7.5","7.5","15","","","40","400","0","","True","False","False","0","0","0","","","","","","0","2/9/2026 3:53:06 PM","","0","0","","False","",""
"2680"," هابي كبير","20","10","10","10","20","","","31","620","0","","True","False","False","0","0","0","","","","","","0","2/9/2026 3:53:06 PM","","0","0","","False","",""
"2681","كيس بالون نجمه وقلب ","15","30","30","30","30","","","6","90","0","","True","False","False","0","0","0","","","","","","0","2/9/2026 3:53:06 PM","","0","0","","False","",""
"2682","شجره الكريسماس 120سم","75","80","80","80","175","","","12","900","0","","True","False","False","0","0","0","","","","","","0","2/9/2026 3:53:06 PM","","0","0","","False","",""
"2683","شجره  الكريسماس 90 سم","60","60","60","60","120","","","7","420","0","","True","False","False","0","0","0","","","","","","0","2/9/2026 3:53:06 PM","","0","0","","False","",""
"2684","شجره الكريسماس 60 سم","16","40","40","40","40","","","3","48","0","","True","False","False","0","0","0","","","","","","0","2/9/2026 3:53:06 PM","","0","0","","False","",""
"2685","شجره الكريسماس 30سم","8","30","30","30","30","","","3","24","0","","True","False","False","0","0","0","","","","","","0","2/9/2026 3:53:06 PM","","0","0","","False","",""
"2686","توكه جليتر ","3","7","7","7","7","","","17","51","0","","True","False","False","0","0","0","","","","","","0","2/9/2026 3:53:06 PM","","0","0","","False","",""
"2687","xu ting","5","10","10","10","10","","","4","20","0","","True","False","False","0","0","0","","","","","","0","2/9/2026 3:53:06 PM","","0","0","","False","",""
"2688","2 توكه كلبس ","5","10","10","10","10","","","24","120","0","","True","False","False","0","0","0","","","","","","0","2/9/2026 3:53:06 PM","","0","0","","False","",""
"2689"," 2توكه كلبس ساده","2.5","5","5","5","5","","","13","32.5","0","","True","False","False","0","0","0","","","","","","0","2/9/2026 3:53:06 PM","","0","0","","False","",""
"2690","لعبه يوني كورن","68","90","90","90","125","","","15","1020","0","","True","False","False","0","0","0","","","","","","0","2/9/2026 3:53:06 PM","","0","0","","False","",""
"2691","اكواب شاي كرتون ","0.5","30","30","30","1","","","194","97","0","","True","False","False","0","0","0","","","","","","0","2/9/2026 3:53:06 PM","","0","0","","False","",""
"2692","اكواب قهوه كرتون","18","25","25","25","25","","","5","90","0","","True","False","False","0","0","0","","","","","","0","2/9/2026 3:53:06 PM","","0","0","","False","",""
"2693","استك نوت","10","20","20","20","20","","","3","30","0","","True","False","False","0","0","0","","","","","","0","2/9/2026 3:53:06 PM","","0","0","","False","",""
"2694","مدفع عيد ميلاد كبير ","22.5","30","30","30","35","","","26","585","0","","True","False","False","0","0","0","","","","","","0","2/9/2026 3:53:06 PM","","0","0","","False","",""
"2695","مدفع عيد ميلاد كبير ن","12.5","25","25","25","35","","","18","225","0","","True","False","False","0","0","0","","","","","","0","2/9/2026 3:53:06 PM","","0","0","","False","",""
"2696","بوله مصفى  مريم ","9","25","25","25","25","","","6","54","0","","True","False","False","0","0","0","","","","","","0","2/9/2026 3:53:06 PM","","0","0","","False","",""
"2697","درج منظم ","8","20","20","20","20","","","24","192","0","","True","False","False","0","0","0","","","","","","0","2/9/2026 3:53:06 PM","","0","0","","False","",""
"2698","غطاء تكيف ","25","25","25","25","45","","","6","150","0","","True","False","False","0","0","0","","","","","","0","2/9/2026 3:53:06 PM","","0","0","","False","",""
"2699","حامل مج مجوز ","22","45","45","45","45","","","3","66","0","","True","False","False","0","0","0","","","","","","0","2/9/2026 3:53:06 PM","","0","0","","False","",""
"2700","علب توابل دورين زجاج","85","135","135","135","135","","","5","425","0","","True","False","False","0","0","0","","","","","","0","2/9/2026 3:53:06 PM","","0","0","","False","",""
"2701","صفايه اعشاب استلس ","6","15","15","15","25","","","3","18","0","","True","False","False","0","0","0","","","","","","0","2/9/2026 3:53:06 PM","","0","0","","False","",""
"2702","مقص نظاره ","7.5","15","15","15","15","","","6","45","0","","True","False","False","0","0","0","","","","","","0","2/9/2026 3:53:06 PM","","0","0","","False","",""
"2703","علب فود كيبر 7*1","45","65","65","65","75","","","5","225","0","","True","False","False","0","0","0","","","","","","0","2/9/2026 3:53:06 PM","","0","0","","False","",""
"2704","علبه جرين لايف 3*1","35","60","60","60","60","","","2","70","0","","True","False","False","0","0","0","","","","","","0","2/9/2026 3:53:06 PM","","0","0","","False","",""
"2705","مفرش بالوحده ","5","10","10","10","10","","","12","60","0","","True","False","False","0","0","0","","","","","","0","2/9/2026 3:53:06 PM","","0","0","","False","",""
"2706","مج شاليمو اطفال ","25","35","35","35","50","","","6","150","0","","True","False","False","0","0","0","","","","","","0","2/9/2026 3:53:06 PM","","0","0","","False","",""
"2707","حافظه بقلويات مفتوحه من فوق ","10","25","25","25","25","","","3","30","0","","True","False","False","0","0","0","","","","","","0","2/9/2026 3:53:06 PM","","0","0","","False","",""
"2708","فوط متعدد الاستخدام  12 ق","10","25","25","25","30","","","6","60","0","","True","False","False","0","0","0","","","","","","0","2/9/2026 3:53:06 PM","","0","0","","False","",""
"2709","قب كيك سلكون شبكه ","25","40","40","40","40","","","3","75","0","","True","False","False","0","0","0","","","","","","0","2/9/2026 3:53:06 PM","","0","0","","False","",""
"2710","منظم ريموت ","9","25","25","25","25","","","6","54","0","","True","False","False","0","0","0","","","","","","0","2/9/2026 3:53:06 PM","","0","0","","False","",""
"2711","بوله مدوره st","10","25","25","25","25","","","6","60","0","","True","False","False","0","0","0","","","","","","0","2/9/2026 3:53:06 PM","","0","0","","False","",""
"2712","منظم شنط ","20","35","35","35","40","","","3","60","0","","True","False","False","0","0","0","","","","","","0","2/9/2026 3:53:06 PM","","0","0","","False","",""
"2713","تربو شروق ","150","220","220","220","220","","","2","300","0","","True","False","False","0","0","0","","","","","","0","2/9/2026 3:53:06 PM","","0","0","","False","",""
"2714","طقم علب خزين 3*1","62.5","100","100","100","100","","","2","125","0","","True","False","False","0","0","0","","","","","","0","2/9/2026 3:53:06 PM","","0","0","","False","",""
"2715","علبه صابون اطفال","10","25","25","25","25","","","6","60","0","","True","False","False","0","0","0","","","","","","0","2/9/2026 3:53:06 PM","","0","0","","False","",""
"2716","مج بورسلين","30","40","40","40","40","","","8","240","0","","True","False","False","0","0","0","","","","","","0","2/9/2026 3:53:06 PM","","0","0","","False","",""
"2717","مج  صيني ","25","35","35","35","35","","","8","200","0","","True","False","False","0","0","0","","","","","","0","2/9/2026 3:53:06 PM","","0","0","","False","",""
"2718","كمامه ","3","5","5","5","5","","","175","525","0","","True","False","False","0","0","0","","","","","","0","2/9/2026 3:53:06 PM","","0","0","","False","",""
"2719","ودنات  كبيره","5","45","45","45","15","","","8","40","0","","True","False","False","0","0","0","","","","","","0","2/9/2026 3:53:06 PM","","0","0","","False","",""
"2720","ودانات","10","15","15","15","15","","","8","80","0","","True","False","False","0","0","0","","","","","","0","2/9/2026 3:53:06 PM","","0","0","","False","",""
"2721","شوربات اطفال","3","5","5","5","5","","","10","30","0","","True","False","False","0","0","0","","","","","","0","2/9/2026 3:53:06 PM","","0","0","","False","",""
"2722","كوب ماء شفاف","15","30","30","30","30","","","1","15","0","","True","False","False","0","0","0","","","","","","0","2/9/2026 3:53:06 PM","","0","0","","False","",""
"2723","فرشه خشنه رويال هوم","20","30","30","30","30","","","3","60","0","","True","False","False","0","0","0","","","","","","0","2/9/2026 3:53:06 PM","","0","0","","False","",""
"2724","فرشه ناعمه رويال هوم ","25","35","35","35","35","","","6","150","0","","True","False","False","0","0","0","","","","","","0","2/9/2026 3:53:06 PM","","0","0","","False","",""
"2725","قلم رصاص جولد","2","3","3","3","5","","","36","72","0","","True","False","False","0","0","0","","","","","","0","2/9/2026 3:53:06 PM","","0","0","","False","",""
"2726","علم مصر وسط","10","15","15","15","20","","","17","136","0","","True","False","False","0","0","0","","","0","1","0","0","2/9/2026 3:53:06 PM","","0","0","","False","",""
"2727","بوكس هدايا ساعات ","10","10","10","10","20","","","36","360","0","","True","False","False","0","0","0","","","","","","0","2/9/2026 3:53:06 PM","","0","0","","False","",""
"2728","لعبه تراك","130","115","115","115","215","","","4","520","0","","True","False","False","0","0","0","","","","","","0","2/9/2026 3:53:06 PM","","0","0","","False","",""
"2729","بندقيه حمرا","30","70","70","70","70","","","2","60","0","","True","False","False","0","0","0","","","","","","0","2/9/2026 3:53:06 PM","","0","0","","False","",""
"2730","بالون 2022","20","45","45","45","45","","","3","60","0","","True","False","False","0","0","0","","","","","","0","2/9/2026 3:53:06 PM","","0","0","","False","",""
"2731","عروسه مرايا","10","30","30","30","30","","","3","30","0","","True","False","False","0","0","0","","","","","","0","2/9/2026 3:53:06 PM","","0","0","","False","",""
"2732","عربيه 6في 1","35","35","35","35","65","","","8","280","0","","True","False","False","0","0","0","","","","","","0","2/9/2026 3:53:06 PM","","0","0","","False","",""
"2733","زماره بالون بالواحده","5","10","10","10","10","","","12","60","0","","True","False","False","0","0","0","","","","","","0","2/9/2026 3:53:06 PM","","0","0","","False","",""
"2734","اسكارف","5","20","20","20","20","","","11","55","0","","True","False","False","0","0","0","","","","","","0","2/9/2026 3:53:06 PM","","0","0","","False","",""
"2735","ماسك اسبيدر مان","5","15","15","15","15","","","26","130","0","","True","False","False","0","0","0","","","","","","0","2/9/2026 3:53:06 PM","","0","0","","False","",""
"2736","باندا للشعر بالوحده","10","25","25","25","25","","","12","120","0","","True","False","False","0","0","0","","","","","","0","2/9/2026 3:53:06 PM","","0","0","","False","",""
"2737","ملقاط اسود جديد","10","20","20","20","20","","","11","110","0","","True","False","False","0","0","0","","","","","","0","2/9/2026 3:53:06 PM","","0","0","","False","",""
"2738","توكه كلبس قطيفه","5","10","10","10","10","","","12","60","0","","True","False","False","0","0","0","","","","","","0","2/9/2026 3:53:06 PM","","0","0","","False","",""
"2739","شنب بالواحد","3","5","5","5","5","","","65","195","0","","True","False","False","0","0","0","","","","","","0","2/9/2026 3:53:06 PM","","0","0","","False","",""
"2740","وش بابا نويل فرو ","15","25","25","25","25","","","12","180","0","","True","False","False","0","0","0","","","","","","0","2/9/2026 3:53:06 PM","","0","0","","False","",""
"2741","ثلج ستورد وسط ","8","12","12","12","12","","","55","440","0","","True","False","False","0","0","0","","","","","","0","2/9/2026 3:53:06 PM","","0","0","","False","",""
"2742","قص ولزق  جديد","2","5","5","5","5","","","22","44","0","","True","False","False","0","0","0","","","","","","0","2/9/2026 3:53:06 PM","","0","0","","False","",""
"2743","معالق صغيره","5","10","10","10","10","","","3","15","0","","True","False","False","0","0","0","","","","","","0","2/9/2026 3:53:06 PM","","0","0","","False","",""
"2744","سلسله حديد قرن","20","25","25","25","25","","","6","120","0","","True","False","False","0","0","0","","","","","","0","2/9/2026 3:53:06 PM","","0","0","","False","",""
"2745","عقد حريمي الوان","20","25","25","25","25","","","6","120","0","","True","False","False","0","0","0","","","","","","0","2/9/2026 3:53:06 PM","","0","0","","False","",""
"2746","حظاظه جعران الحظ","2.5","5","5","5","5","","","8","20","0","","True","False","False","0","0","0","","","","","","0","2/9/2026 3:53:06 PM","","0","0","","False","",""
"2747","مداليا فرعوني","15","20","20","20","20","","","4","60","0","","True","False","False","0","0","0","","","","","","0","2/9/2026 3:53:06 PM","","0","0","","False","",""
"2748","بالون ساده","20","25","25","25","25","","","11","220","0","","True","False","False","0","0","0","","","","","","0","2/9/2026 3:53:06 PM","","0","0","","False","",""
"2749","قلم رصاص تحديد","3","5","5","5","5","","","31","93","0","","True","False","False","0","0","0","","","","","","0","2/9/2026 3:53:06 PM","","0","0","","False","",""
"2750","برجل قلم ","22","35","35","35","35","","","3","66","0","","True","False","False","0","0","0","","","","","","0","2/9/2026 3:53:06 PM","","0","0","","False","",""
"2751","برجل G3","19","20","20","20","30","","","20","380","0","","True","False","False","0","0","0","","","","","","0","2/9/2026 3:53:06 PM","","0","0","","False","",""
"2752","ظرف  A3 بالوحده","3","5","5","5","5","","","50","150","0","","True","False","False","0","0","0","","","","","","0","2/9/2026 3:53:06 PM","","0","0","","False","",""
"2753","طبق عيد ميلاد صغير","12","10","10","10","25","","","10","100","0","","True","False","False","0","0","0","","","0","1","0","0","2/9/2026 3:53:06 PM","","0","0","","False","",""
"2754","اسنبر جديد","15","25","25","25","25","","","4","60","0","","True","False","False","0","0","0","","","","","","0","2/9/2026 3:53:06 PM","","0","0","","False","",""
"2755","بالون الوان","10","12","12","12","12","","","5","50","0","","True","False","False","0","0","0","","","","","","0","2/9/2026 3:53:06 PM","","0","0","","False","",""
"2756","بوكس كروت ","20","30","30","30","40","","","3","60","0","","True","False","False","0","0","0","","","","","","0","2/9/2026 3:53:06 PM","","0","0","","False","",""
"2757","مكعبات تعليميه ","55","85","85","85","85","","","5","275","0","","True","False","False","0","0","0","","","","","","0","2/9/2026 3:53:06 PM","","0","0","","False","",""
"2758","عربيات ريموت 4 اتجاهات","75","135","135","135","135","","","3","225","0","","True","False","False","0","0","0","","","","","","0","2/9/2026 3:53:06 PM","","0","0","","False","",""
"2759","عربيه توستر بشحن  ","280","165","165","165","450","","","28","7750","0","","True","False","False","0","0","0","","","0","1","0","0","2/9/2026 3:53:06 PM","","0","0","","False","",""
"2760","صلصال 4لعبه *نشابه ","21","25","25","25","45","","","190","3990","0","","True","False","False","0","0","0","","","","","","0","2/9/2026 3:53:06 PM","","0","0","","False","",""
"2761","عربيه بحجاره نور سوط جدو","55","90","90","90","90","","","2","110","0","","True","False","False","0","0","0","","","","","","0","2/9/2026 3:53:06 PM","","0","0","","False","",""
"2762","جوز مكياج ","35","65","65","65","65","","","2","70","0","","True","False","False","0","0","0","","","","","","0","2/9/2026 3:53:06 PM","","0","0","","False","",""
"2763","كوره ليزر ونور ","15","25","25","25","25","","","24","360","0","","True","False","False","0","0","0","","","","","","0","2/9/2026 3:53:06 PM","","0","0","","False","",""
"2764"," كارت ملاهي كبير  عروستين ","70","140","140","140","120","","","4","280","0","","True","False","False","0","0","0","","","","","","0","2/9/2026 3:53:06 PM","","0","0","","False","",""
"2765","TOM كبير ","120","160","160","160","225","","","14","1680","0","","True","False","False","0","0","0","","","","","","0","2/9/2026 3:53:06 PM","","0","0","","False","",""
"2766","طقم دكتوركرت  لوكس ","85","65","65","65","195","","","12","780","0","","True","False","False","0","0","0","","","0","1","0","0","2/9/2026 3:53:06 PM","","0","0","","False","",""
"2767","عربيه مطافي نور ","99","85","85","85","145","","","7","693","0","","True","False","False","0","0","0","","","","","","0","2/9/2026 3:53:06 PM","","0","0","","False","",""
"2768","تسريحه فروزن ","15","35","35","35","35","","","3","45","0","","True","False","False","0","0","0","","","","","","0","2/9/2026 3:53:06 PM","","0","0","","False","",""
"2769","مسدس بابلز جديد ","17","55","55","55","45","","","7","119","0","","True","False","False","0","0","0","","","","","","0","2/9/2026 3:53:06 PM","","0","0","","False","",""
"2770","مسدس بابلز كبير جديد ","75","130","130","130","130","","","2","150","0","","True","False","False","0","0","0","","","","","","0","2/9/2026 3:53:06 PM","","0","0","","False","",""
"2771","سلسله بناتي","20","35","35","35","35","","","4","80","0","","True","False","False","0","0","0","","","","","","0","2/9/2026 3:53:06 PM","","0","0","","False","",""
"2772","خاتم 3*1","20","25","25","25","25","","","6","120","0","","True","False","False","0","0","0","","","","","","0","2/9/2026 3:53:06 PM","","0","0","","False","",""
"2773","اينسيال جديد","20","30","30","30","30","","","4","80","0","","True","False","False","0","0","0","","","","","","0","2/9/2026 3:53:06 PM","","0","0","","False","",""
"2774","مقص اسود جديد D-9031","35","25","25","25","55","","","25","875","0","","True","False","False","0","0","0","","","","","","0","2/9/2026 3:53:06 PM","","0","0","","False","",""
"2775","فيل","45","75","75","75","75","","","1","45","0","","True","False","False","0","0","0","","","","","","0","2/9/2026 3:53:06 PM","","0","0","","False","",""
"2776","عروسه قماش","40","70","70","70","70","","","3","120","0","","True","False","False","0","0","0","","","","","","0","2/9/2026 3:53:06 PM","","0","0","","False","",""
"2777","فيل صغير جديد","35","55","55","55","55","","","7","245","0","","True","False","False","0","0","0","","","","","","0","2/9/2026 3:53:06 PM","","0","0","","False","",""
"2778","ميكي","45","65","65","65","65","","","2","90","0","","True","False","False","0","0","0","","","","","","0","2/9/2026 3:53:06 PM","","0","0","","False","",""
"2779","pooh","40","70","70","70","70","","","2","80","0","","True","False","False","0","0","0","","","","","","0","2/9/2026 3:53:06 PM","","0","0","","False","",""
"2780","halk","40","65","65","65","65","","","1","40","0","","True","False","False","0","0","0","","","","","","0","2/9/2026 3:53:06 PM","","0","0","","False","",""
"2781","jarry","40","60","60","60","60","","","2","80","0","","True","False","False","0","0","0","","","","","","0","2/9/2026 3:53:06 PM","","0","0","","False","",""
"2782","شخصيه","40","55","55","55","55","","","1","40","0","","True","False","False","0","0","0","","","","","","0","2/9/2026 3:53:06 PM","","0","0","","False","",""
"2783","ميكي ماوس","50","65","65","65","70","","","3","150","0","","True","False","False","0","0","0","","","","","","0","2/9/2026 3:53:06 PM","","0","0","","False","",""
"2784","مانيوز","45","65","65","65","65","","","1","45","0","","True","False","False","0","0","0","","","","","","0","2/9/2026 3:53:06 PM","","0","0","","False","",""
"2785","وصله اوركس ","14","40","40","40","40","","","18","252","0","","True","False","False","0","0","0","","","","","","0","2/9/2026 3:53:06 PM","","0","0","","False","",""
"2786","وصله vB Divis","15","35","35","35","35","","","6","90","0","","True","False","False","0","0","0","","","","","","0","2/9/2026 3:53:06 PM","","0","0","","False","",""
"2787","وصله  tip celebrat","15","45","45","45","45","","","7","105","0","","True","False","False","0","0","0","","","","","","0","2/9/2026 3:53:06 PM","","0","0","","False","",""
"2788","وصله ldtio  ايفون","35","80","80","80","80","","","3","105","0","","True","False","False","0","0","0","","","","","","0","2/9/2026 3:53:06 PM","","0","0","","False","",""
"2789","وصله سامسونج","35","65","65","65","65","","","4","140","0","","True","False","False","0","0","0","","","","","","0","2/9/2026 3:53:06 PM","","0","0","","False","",""
"2790","وصله سامسونج s7","10","30","30","30","30","","","6","60","0","","True","False","False","0","0","0","","","","","","0","2/9/2026 3:53:06 PM","","0","0","","False","",""
"2791","ldno ls35","25","50","50","50","50","","","8","200","0","","True","False","False","0","0","0","","","","","","0","2/9/2026 3:53:06 PM","","0","0","","False","",""
"2792","وصله الشركه ","8.5","25","25","25","25","","","6","51","0","","True","False","False","0","0","0","","","","","","0","2/9/2026 3:53:06 PM","","0","0","","False","",""
"2793","شاحن my200 سامسونج","45","80","80","80","80","","","2","90","0","","True","False","False","0","0","0","","","","","","0","2/9/2026 3:53:06 PM","","0","0","","False","",""
"2794","وصله تيب سي my 200","45","90","90","90","90","","","3","135","0","","True","False","False","0","0","0","","","","","","0","2/9/2026 3:53:06 PM","","0","0","","False","",""
"2795","وصله ايفون my 200","45","120","120","120","120","","","1","45","0","","True","False","False","0","0","0","","","","","","0","2/9/2026 3:53:06 PM","","0","0","","False","",""
"2796","شاحن wk  سامسونج ","35","75","75","75","75","","","2","70","0","","True","False","False","0","0","0","","","","","","0","2/9/2026 3:53:06 PM","","0","0","","False","",""
"2797","شاحن ايفون wk","35","100","100","100","100","","","2","70","0","","True","False","False","0","0","0","","","","","","0","2/9/2026 3:53:06 PM","","0","0","","False","",""
"2798","وصله تيب سي wk","35","85","85","85","85","","","2","70","0","","True","False","False","0","0","0","","","","","","0","2/9/2026 3:53:06 PM","","0","0","","False","",""
"2799","شاحن سامسونج ","40","120","120","120","120","","","2","80","0","","True","False","False","0","0","0","","","","","","0","2/9/2026 3:53:06 PM","","0","0","","False","",""
"2800","شاحن سامسونج bellx ","35","85","85","85","85","","","3","105","0","","True","False","False","0","0","0","","","","","","0","2/9/2026 3:53:06 PM","","0","0","","False","",""
"2801","ساماعه ايفون علبه بلاستك","20","50","50","50","50","","","6","120","0","","True","False","False","0","0","0","","","","","","0","2/9/2026 3:53:06 PM","","0","0","","False","",""
"2802","سماعه ايفون علبه جلد ","25","65","65","65","50","","","4","100","0","","True","False","False","0","0","0","","","","","","0","2/9/2026 3:53:06 PM","","0","0","","False","",""
"2803","سماعه G4 و G3","20","60","60","60","60","","","28","560","0","","True","False","False","0","0","0","","","","","","0","2/9/2026 3:53:06 PM","","0","0","","False","",""
"2804","سماعه ST-175","23","40","40","40","40","","","19","437","0","","True","False","False","0","0","0","","","","","","0","2/9/2026 3:53:06 PM","","0","0","","False","",""
"2805","ساعه D2","20","35","35","35","35","","","6","120","0","","True","False","False","0","0","0","","","","","","0","2/9/2026 3:53:06 PM","","0","0","","False","",""
"2806","سماعه KIN GLEEN","17","45","45","45","45","","","6","102","0","","True","False","False","0","0","0","","","","","","0","2/9/2026 3:53:06 PM","","0","0","","False","",""
"2807","سماعه ياسون ","25","40","40","40","40","","","5","125","0","","True","False","False","0","0","0","","","","","","0","2/9/2026 3:53:06 PM","","0","0","","False","",""
"2808","وصله AUX B9","10","25","25","25","25","","","8","80","0","","True","False","False","0","0","0","","","","","","0","2/9/2026 3:53:06 PM","","0","0","","False","",""
"2809","واصله ايفون 6S","27","45","45","45","45","","","16","432","0","","True","False","False","0","0","0","","","","","","0","2/9/2026 3:53:06 PM","","0","0","","False","",""
"2810","flashsun","50","85","85","85","85","","","2","100","0","","True","False","False","0","0","0","","","","","","0","2/9/2026 3:53:06 PM","","0","0","","False","",""
"2811","flashsun 32","58","100","100","100","100","","","2","116","0","","True","False","False","0","0","0","","","","","","0","2/9/2026 3:53:06 PM","","0","0","","False","",""
"2812","auxكابل ","17.5","85","85","85","55","","","10","175","0","","True","False","False","0","0","0","","","","","","0","2/9/2026 3:53:06 PM","","0","0","","False","",""
"2813","جونتي فرو","40","50","50","50","50","","","7","280","0","","True","False","False","0","0","0","","","","","","0","2/9/2026 3:53:06 PM","","0","0","","False","",""
"2814","برايه doms علبه + استيكه","17.5","15","15","15","30","","","12","210","0","","True","False","False","0","0","0","","","","","","0","2/9/2026 3:53:06 PM","","0","0","","False","",""
"2815","دباسه صغيره حديد","27.5","35","35","35","50","","","10","35","0","","True","False","False","0","0","0","","","0","1","0","0","2/9/2026 3:53:06 PM","","0","0","","False","",""
"2816","قلم يوني كورن نور ","5","15","15","15","15","","","110","550","0","","True","False","False","0","0","0","","","","","","0","2/9/2026 3:53:06 PM","","0","0","","False","",""
"2817","روتو تري تاتش ","1","3","3","3","3","","","28","28","0","","True","False","False","0","0","0","","","","","","0","2/9/2026 3:53:06 PM","","0","0","","False","",""
"2818","قلم استار تاتش ","2","5","5","5","5","","","12","24","0","","True","False","False","0","0","0","","","","","","0","2/9/2026 3:53:06 PM","","0","0","","False","",""
"2819","حلق معدن ","5","10","10","10","10","","","24","120","0","","True","False","False","0","0","0","","","","","","0","2/9/2026 3:53:06 PM","","0","0","","False","",""
"2820","الوان DOMS 12لون كبير ","58","35","35","35","100","","","20","4582","0","","True","False","False","0","0","0","","","0","1","0","0","2/9/2026 3:53:06 PM","","0","0","","False","",""
"2821","الوان مائيه انا بيب ","41.5","40","40","40","70","","","16","664","0","","True","False","False","0","0","0","","","","","","0","2/9/2026 3:53:06 PM","","0","0","","False","",""
"2822","كشكول XL  كبير 200ورقه","100","65","65","65","175","","","13","1300","0","","True","False","False","0","0","0","","","0","1","0","0","2/9/2026 3:53:06 PM","","0","0","","False","",""
"2823","قلم DELI جاف ","1.5","5","5","5","5","","","24","36","0","","True","False","False","0","0","0","","","","","","0","2/9/2026 3:53:06 PM","","0","0","","False","",""
"2824","قلم جيل DELI","10","15","15","15","20","","","48","480","0","","True","False","False","0","0","0","","","","","","0","2/9/2026 3:53:06 PM","","0","0","","False","",""
"2825","الوان شمع DOMS 24 لون ","60","65","65","65","135","","","3","180","0","","True","False","False","0","0","0","","","","","","0","2/9/2026 3:53:06 PM","","0","0","","False","",""
"2826","الوان شمع DOMS 12 لون ","55","40","40","40","90","","","19","1045","0","","True","False","False","0","0","0","","","","","","0","2/9/2026 3:53:06 PM","","0","0","","False","",""
"2827","كشكول ميجا 250 ورقه 6 فواصل كبير ","135","70","70","70","195","","","13","1755","0","","True","False","False","0","0","0","","","","","","0","2/9/2026 3:53:06 PM","","0","0","","False","",""
"2828","POSTER COLORS 12 لون اصفر","112.5","65","65","65","150","","","2","630","0","","True","False","False","0","0","0","","","0","1","0","0","2/9/2026 3:53:06 PM","","0","0","","False","",""
"2829","جلو  HOVO","8","20","20","20","20","","","3","24","0","","True","False","False","0","0","0","","","","","","0","2/9/2026 3:53:06 PM","","0","0","","False","",""
"2830","كشكول سلك 100 ورقه انجليزي ","12","20","20","20","20","","","6","72","0","","True","False","False","0","0","0","","","","","","0","2/9/2026 3:53:06 PM","","0","0","","False","",""
"2831","كيس بلون لون واحد 20بلون ","15","20","20","20","20","","","40","600","0","","True","False","False","0","0","0","","","","","","0","2/9/2026 3:53:06 PM","","0","0","","False","",""
"2832","كراسه دبوس 60 ورقه 9 اسطر ","8","14","14","14","25","","","6","48","0","","True","False","False","0","0","0","","","","","","0","2/9/2026 3:53:06 PM","","0","0","","False","",""
"2833","جلو prit صغير","25","25","25","25","55","","","51","1275","0","","True","False","False","0","0","0","","","","","","0","2/9/2026 3:53:06 PM","","0","0","","False","",""
"2834","بلي جرانيت","0.5","1","1","1","1","","","250","125","0","","True","False","False","0","0","0","","","","","","0","2/9/2026 3:53:06 PM","","0","0","","False","",""
"2835","الوان فلوماسثر12 لون","15","30","30","30","30","","","6","90","0","","True","False","False","0","0","0","","","","","","0","2/9/2026 3:53:06 PM","","0","0","","False","",""
"2836","الوان قماش","25","50","50","50","50","","","3","75","0","","True","False","False","0","0","0","","","","","","0","2/9/2026 3:53:06 PM","","0","0","","False","",""
"2837","الوان جواش  علبة الصفره ","35","50","50","50","60","","","9","315","0","","True","False","False","0","0","0","","","","","","0","2/9/2026 3:53:06 PM","","0","0","","False","",""
"2838","الوان شمع فبر كاسل12 لون","17","35","35","35","35","","","6","102","0","","True","False","False","0","0","0","","","","","","0","2/9/2026 3:53:06 PM","","0","0","","False","",""
"2839","مقلمه فرو فراج","35","65","65","65","65","","","3","105","0","","True","False","False","0","0","0","","","","","","0","2/9/2026 3:53:06 PM","","0","0","","False","",""
"2840","مقلمه يوني كورن فراج ديزني","46.5","65","65","65","125","","","6","105","0","","True","False","False","0","0","0","","","0","1","0","0","2/9/2026 3:53:06 PM","","0","0","","False","",""
"2841","جلاد بريما","2","4","4","4","6","","","678","1356","0","","True","False","False","0","0","0","","","","","","0","2/9/2026 3:53:06 PM","","0","0","","False","",""
"2842","قلم بريما  forma","5","5","5","5","7","","","92","128.8","0","","True","False","False","0","0","0","","","0","1","0","0","2/9/2026 3:53:06 PM","","0","0","","False","",""
"2843","قلم جاف بيمسح ديزني","5","10","10","10","10","","","12","60","0","","True","False","False","0","0","0","","","","","","0","2/9/2026 3:53:06 PM","","0","0","","False","",""
"2844","قلم رصاص يوني كورن باستيكه","5","10","10","10","10","","","12","60","0","","True","False","False","0","0","0","","","","","","0","2/9/2026 3:53:06 PM","","0","0","","False","",""
"2845","كشكول سلك  لوكس100ص","11","17","17","17","17","","","6","66","0","","True","False","False","0","0","0","","","","","","0","2/9/2026 3:53:06 PM","","0","0","","False","",""
"2846","كشكول نص سنتي80  A4","17","20","20","20","24","","","16","272","0","","True","False","False","0","0","0","","","","","","0","2/9/2026 3:53:06 PM","","0","0","","False","",""
"2847","كشكول لوكس عربي سلك 60ورقه","8","14","14","14","14","","","6","48","0","","True","False","False","0","0","0","","","","","","0","2/9/2026 3:53:06 PM","","0","0","","False","",""
"2848","عربي 60 ورقه","9","16","16","16","16","","","6","54","0","","True","False","False","0","0","0","","","","","","0","2/9/2026 3:53:06 PM","","0","0","","False","",""
"2849","كشكول 80 ورقه عربي a4","25","18","18","18","40","","","6","150","0","","True","False","False","0","0","0","","","","","","0","2/9/2026 3:53:06 PM","","0","0","","False","",""
"2850","قلم فبر كاسل شفاف","6","10","10","10","10","","","24","144","0","","True","False","False","0","0","0","","","","","","0","2/9/2026 3:53:06 PM","","0","0","","False","",""
"2851","اسلايم صغير ","3","6","6","6","6","","","12","36","0","","True","False","False","0","0","0","","","","","","0","2/9/2026 3:53:06 PM","","0","0","","False","",""
"2852","مدفع رمضان خشب بينور ","105","105","105","105","175","","","7","735","0","","True","False","False","0","0","0","","","","","","0","2/9/2026 3:53:06 PM","","0","0","","False","",""
"2853","عربيه بوليس بتنور ","27","35","35","35","40","","","10","270","0","","True","False","False","0","0","0","","","","","","0","2/9/2026 3:53:06 PM","","0","0","","False","",""
"2854","ايروبك لوكس ","35","35","35","35","60","","","6","210","0","","True","False","False","0","0","0","","","","","","0","2/9/2026 3:53:06 PM","","0","0","","False","",""
"2855","مكياج فروزن ومرايا ","20","35","35","35","35","","","3","60","0","","True","False","False","0","0","0","","","","","","0","2/9/2026 3:53:06 PM","","0","0","","False","",""
"2856","فرشه سسشوار حراري","20","40","40","40","40","","","5","100","0","","True","False","False","0","0","0","","","","","","0","2/9/2026 3:53:06 PM","","0","0","","False","",""
"2857","فرشه عسلي","8","20","20","20","20","","","3","24","0","","True","False","False","0","0","0","","","","","","0","2/9/2026 3:53:06 PM","","0","0","","False","",""
"2858","علبه ابره خياطه ","20","30","30","30","30","","","8","160","0","","True","False","False","0","0","0","","","","","","0","2/9/2026 3:53:06 PM","","0","0","","False","",""
"2859","كلب دسكو ","55","85","85","85","85","","","4","220","0","","True","False","False","0","0","0","","","","","","0","2/9/2026 3:53:06 PM","","0","0","","False","",""
"2860","مسدس طلقات لوكس ","125","180","180","180","220","","","4","500","0","","True","False","False","0","0","0","","","","","","0","2/9/2026 3:53:06 PM","","0","0","","False","",""
"2861","لعبه البوكس ","170","250","250","250","250","","","2","340","0","","True","False","False","0","0","0","","","","","","0","2/9/2026 3:53:06 PM","","0","0","","False","",""
"2862","لعبه الدفضعه ","80","180","180","180","180","","","2","160","0","","True","False","False","0","0","0","","","","","","0","2/9/2026 3:53:06 PM","","0","0","","False","",""
"2863","مرايه فروزن ","130","250","250","250","250","","","2","260","0","","True","False","False","0","0","0","","","","","","0","2/9/2026 3:53:06 PM","","0","0","","False","",""
"2864","كارت طياره وعربيات ","35","65","65","65","65","","","2","70","0","","True","False","False","0","0","0","","","","","","0","2/9/2026 3:53:06 PM","","0","0","","False","",""
"2865","ببليد كبير ","167","150","150","150","285","","","19","3173","0","","True","False","False","0","0","0","","","","","","0","2/9/2026 3:53:06 PM","","0","0","","False","",""
"2866","كارت معدات ","35","70","70","70","70","","","2","70","0","","True","False","False","0","0","0","","","","","","0","2/9/2026 3:53:06 PM","","0","0","","False","",""
"2867","فانوس باظ","70","120","120","120","120","","","2","140","0","","True","False","False","0","0","0","","","","","","0","2/9/2026 3:53:06 PM","","0","0","","False","",""
"2868","فانوس اسبيدر  ","72","120","120","120","120","","","2","144","0","","True","False","False","0","0","0","","","","","","0","2/9/2026 3:53:06 PM","","0","0","","False","",""
"2869","مسدس ومحارب ببجي","35","65","65","65","65","","","2","70","0","","True","False","False","0","0","0","","","","","","0","2/9/2026 3:53:06 PM","","0","0","","False","",""
"2870","عربيه ريموت 4اتجهات شحن مفتوح الباب","275","220","220","220","420","","","7","1925","0","","True","False","False","0","0","0","","","","","","0","2/9/2026 3:53:06 PM","","0","0","","False","",""
"2871","فانوس رمضان اشكال بنات ","60","110","110","110","110","","","4","240","0","","True","False","False","0","0","0","","","","","","0","2/9/2026 3:53:06 PM","","0","0","","False","",""
"2872","كور توتر","5","10","10","10","10","","","12","60","0","","True","False","False","0","0","0","","","","","","0","2/9/2026 3:53:06 PM","","0","0","","False","",""
"2873","بو ","40","75","75","75","75","","","2","80","0","","True","False","False","0","0","0","","","","","","0","2/9/2026 3:53:06 PM","","0","0","","False","",""
"2874","هالك","40","65","65","65","65","","","1","40","0","","True","False","False","0","0","0","","","","","","0","2/9/2026 3:53:06 PM","","0","0","","False","",""
"2875","اسبيدر قطن","50","70","70","70","70","","","5","250","0","","True","False","False","0","0","0","","","","","","0","2/9/2026 3:53:06 PM","","0","0","","False","",""
"2876","مسدس كور جديد ","30","45","45","45","45","","","2","60","0","","True","False","False","0","0","0","","","","","","0","2/9/2026 3:53:06 PM","","0","0","","False","",""
"2877","فراشه ","15","30","30","30","30","","","3","45","0","","True","False","False","0","0","0","","","","","","0","2/9/2026 3:53:06 PM","","0","0","","False","",""
"2878","شبكه رمضان ","120","180","180","180","185","","","19","2280","0","","True","False","False","0","0","0","","","","","","0","2/9/2026 3:53:06 PM","","0","0","","False","",""
"2879","حبل معدن ذهبي جامع ","38","65","65","65","65","","","5","190","0","","True","False","False","0","0","0","","","","","","0","2/9/2026 3:53:06 PM","","0","0","","False","",""
"2880","حبل معدن ذهبي نجمه ","40","75","75","75","75","","","2","80","0","","True","False","False","0","0","0","","","","","","0","2/9/2026 3:53:06 PM","","0","0","","False","",""
"2881","حبل دهبي كوره كبير ","45","80","80","80","90","","","3","135","0","","True","False","False","0","0","0","","","","","","0","2/9/2026 3:53:06 PM","","0","0","","False","",""
"2882","حمل معدن جامع وهلال ","40","75","75","75","75","","","6","240","0","","True","False","False","0","0","0","","","","","","0","2/9/2026 3:53:06 PM","","0","0","","False","",""
"2883","سريه هلال ونجمه ","45","35","35","35","65","","","25","1125","0","","True","False","False","0","0","0","","","","","","0","2/9/2026 3:53:06 PM","","0","0","","False","",""
"2884","سريه لمبه ","15","35","35","35","55","","","6","90","0","","True","False","False","0","0","0","","","","","","0","2/9/2026 3:53:06 PM","","0","0","","False","",""
"2885","سريه فانوس محبب","14","35","35","35","35","","","5","70","0","","True","False","False","0","0","0","","","","","","0","2/9/2026 3:53:06 PM","","0","0","","False","",""
"2886","سريه جامع كبير ","30","40","40","40","55","","","13","390","0","","True","False","False","0","0","0","","","","","","0","2/9/2026 3:53:06 PM","","0","0","","False","",""
"2887","سريه حبل اسود ","36","45","45","45","75","","","33","1188","0","","True","False","False","0","0","0","","","","","","0","2/9/2026 3:53:06 PM","","0","0","","False","",""
"2888","سريه علبه سلك اسود 100 لمبه كبير ","85","70","70","70","110","","","34","2040","0","","True","False","False","0","0","0","","","0","1","0","0","2/9/2026 3:53:06 PM","","0","0","","False","",""
"2889","سريه ليزر 140لمبه ","24","40","40","40","50","","","11","264","0","","True","False","False","0","0","0","","","","","","0","2/9/2026 3:53:06 PM","","0","0","","False","",""
"2890","لمبه ديسكو ","33","35","35","35","60","","","10","330","0","","True","False","False","0","0","0","","","0","1","0","0","2/9/2026 3:53:06 PM","","0","0","","False","",""
"2891","فانوس بلازما كبير ","42","75","75","75","75","","","6","252","0","","True","False","False","0","0","0","","","","","","0","2/9/2026 3:53:06 PM","","0","0","","False","",""
"2892","فانوس بلازما وسط ","35","60","60","60","75","","","6","210","0","","True","False","False","0","0","0","","","","","","0","2/9/2026 3:53:06 PM","","0","0","","False","",""
"2893","جامع وهلا نور ","42","75","75","75","75","","","8","336","0","","True","False","False","0","0","0","","","","","","0","2/9/2026 3:53:06 PM","","0","0","","False","",""
"2894","فانوس نور بس","12.5","60","60","60","30","","","20","250","0","","True","False","False","0","0","0","","","","","","0","2/9/2026 3:53:06 PM","","0","0","","False","",""
"2895","هلال ونجمه نور ","48","75","75","75","120","","","9","432","0","","True","False","False","0","0","0","","","0","1","0","0","2/9/2026 3:53:06 PM","","0","0","","False","",""
"2896","مفرش 125 /160","60","50","50","50","95","","","6","75","0","","True","False","False","0","0","0","","","0","1","0","0","2/9/2026 3:53:06 PM","","0","0","","False","",""
"2897","طبله ليزر رمضان جديد","15","30","30","30","35","","","12","180","0","","True","False","False","0","0","0","","","0","1","0","0","2/9/2026 3:53:06 PM","","0","0","","False","",""
"2898","مفرش جلد","15","40","40","40","40","","","3","45","0","","True","False","False","0","0","0","","","","","","0","2/9/2026 3:53:06 PM","","0","0","","False","",""
"2899"," برقع خيامي جديد","30","45","45","45","45","","","5","150","0","","True","False","False","0","0","0","","","","","","0","2/9/2026 3:53:06 PM","","0","0","","False","",""
"2900","مفرش 125/200","46","60","60","60","60","","","4","184","0","","True","False","False","0","0","0","","","","","","0","2/9/2026 3:53:06 PM","","0","0","","False","",""
"2901","جردل فانوسونجمه ","58","95","95","95","95","","","5","290","0","","True","False","False","0","0","0","","","","","","0","2/9/2026 3:53:06 PM","","0","0","","False","",""
"2902","مفرش اسود قماش  100*125 ","50","45","45","45","85","","","6","75","0","","True","False","False","0","0","0","","","0","1","0","0","2/9/2026 3:53:06 PM","","0","0","","False","",""
"2903","حبل معدن كريستال ","38","65","65","65","75","","","3","114","0","","True","False","False","0","0","0","","","","","","0","2/9/2026 3:53:06 PM","","0","0","","False","",""
"2904","علبه معدن اشكال ","75","135","135","135","135","","","3","225","0","","True","False","False","0","0","0","","","","","","0","2/9/2026 3:53:06 PM","","0","0","","False","",""
"2905","شبكه كبير ","63","95","95","95","95","","","4","252","0","","True","False","False","0","0","0","","","","","","0","2/9/2026 3:53:06 PM","","0","0","","False","",""
"2906","فرع خيامي ","10","15","15","15","13","","","100","1000","0","","True","False","False","0","0","0","","","","","","0","2/9/2026 3:53:06 PM","","0","0","","False","",""
"2907","زينه كرتون فول وكنافه","6","15","15","15","15","","","6","36","0","","True","False","False","0","0","0","","","","","","0","2/9/2026 3:53:06 PM","","0","0","","False","",""
"2908","زينه كرتون فول وكنافه كبير","17","15","15","15","25","","","18","306","0","","True","False","False","0","0","0","","","","","","0","2/9/2026 3:53:06 PM","","0","0","","False","",""
"2909","زينه كرتون هلال وفانوس","12","10","10","10","20","","","24","288","0","","True","False","False","0","0","0","","","","","","0","2/9/2026 3:53:06 PM","","0","0","","False","",""
"2910","فرع زينه  مستور","9","25","25","25","25","","","12","108","0","","True","False","False","0","0","0","","","","","","0","2/9/2026 3:53:06 PM","","0","0","","False","",""
"2911","حبل زينه كرتون ","8","15","15","15","15","","","6","48","0","","True","False","False","0","0","0","","","","","","0","2/9/2026 3:53:06 PM","","0","0","","False","",""
"2912","برفع ستان رمضان","20","35","35","35","35","","","6","120","0","","True","False","False","0","0","0","","","","","","0","2/9/2026 3:53:06 PM","","0","0","","False","",""
"2913","مفرش 100/125","30","50","50","50","50","","","3","90","0","","True","False","False","0","0","0","","","","","","0","2/9/2026 3:53:06 PM","","0","0","","False","",""
"2914","بوجي طمطم ","6","25","25","25","25","","","6","36","0","","True","False","False","0","0","0","","","","","","0","2/9/2026 3:53:06 PM","","0","0","","False","",""
"2915","مفرش خيامي كبير","30","60","60","60","60","","","6","180","0","","True","False","False","0","0","0","","","","","","0","2/9/2026 3:53:06 PM","","0","0","","False","",""
"2916","فانوس خيامي ص من غير نور","15","25","25","25","25","","","3","45","0","","True","False","False","0","0","0","","","","","","0","2/9/2026 3:53:06 PM","","0","0","","False","",""
"2917","فانوس خشب وسط","65","50","50","50","105","","","14","910","0","","True","False","False","0","0","0","","","","","","0","2/9/2026 3:53:06 PM","","0","0","","False","",""
"2918"," فانوس خشب كبير جديد","75","120","120","120","120","","","7","525","0","","True","False","False","0","0","0","","","","","","0","2/9/2026 3:53:06 PM","","0","0","","False","",""
"2919","هلال خشب بينور ويغني","70","110","110","110","110","","","2","140","0","","True","False","False","0","0","0","","","","","","0","2/9/2026 3:53:06 PM","","0","0","","False","",""
"2920","3قطع هلال ونجمه وفانوس","25","40","40","40","50","","","9","225","0","","True","False","False","0","0","0","","","","","","0","2/9/2026 3:53:06 PM","","0","0","","False","",""
"2921","هلال ونجمه وفانوس خيام ي كبير","40","65","65","65","65","","","11","440","0","","True","False","False","0","0","0","","","","","","0","2/9/2026 3:53:06 PM","","0","0","","False","",""
"2922"," اكواب شاي كرتون جديد","15","30","30","30","30","","","150","2250","0","","True","False","False","0","0","0","","","","","","0","2/9/2026 3:53:06 PM","","0","0","","False","",""
"2923","معالف بلاستك ","6","15","15","15","15","","","12","72","0","","True","False","False","0","0","0","","","","","","0","2/9/2026 3:53:06 PM","","0","0","","False","",""
"2924","فانوس خيامي ص نور ","15","35","35","35","35","","","3","45","0","","True","False","False","0","0","0","","","","","","0","2/9/2026 3:53:06 PM","","0","0","","False","",""
"2925","فانوس خيامي ص ","12.5","30","30","30","25","","","3","37.5","0","","True","False","False","0","0","0","","","","","","0","2/9/2026 3:53:06 PM","","0","0","","False","",""
"2926","باسكت رمضان ","30","50","50","50","50","","","6","180","0","","True","False","False","0","0","0","","","","","","0","2/9/2026 3:53:06 PM","","0","0","","False","",""
"2927","كوره جديده جلد","40","75","75","75","75","","","3","120","0","","True","False","False","0","0","0","","","","","","0","2/9/2026 3:53:06 PM","","0","0","","False","",""
"2928","كوبيات زجاج blinkmax","75","100","100","100","110","","","10","750","0","","True","False","False","0","0","0","","","","","","0","2/9/2026 3:53:06 PM","","0","0","","False","",""
"2929","طبق كريستال blinkmax","90","145","145","145","145","","","2","180","0","","True","False","False","0","0","0","","","","","","0","2/9/2026 3:53:06 PM","","0","0","","False","",""
"2930","طقم خشاف +طبق star glass","60","100","100","100","100","","","3","180","0","","True","False","False","0","0","0","","","","","","0","2/9/2026 3:53:06 PM","","0","0","","False","",""
"2931","طبق NUTS PLATE ","20","50","50","50","40","","","3","60","0","","True","False","False","0","0","0","","","","","","0","2/9/2026 3:53:06 PM","","0","0","","False","",""
"2932","فنجان قهوه CITY GLASS","35","60","60","60","60","","","2","70","0","","True","False","False","0","0","0","","","","","","0","2/9/2026 3:53:06 PM","","0","0","","False","",""
"2933","طقم خشاف GOLD 2","25","50","50","50","50","","","6","150","0","","True","False","False","0","0","0","","","","","","0","2/9/2026 3:53:06 PM","","0","0","","False","",""
"2934","كاسات عصير ANANAS","35","65","65","65","65","","","3","105","0","","True","False","False","0","0","0","","","","","","0","2/9/2026 3:53:06 PM","","0","0","","False","",""
"2935","طقم مج قهوه BLINKMAX","65","90","90","90","90","","","1","65","0","","True","False","False","0","0","0","","","","","","0","2/9/2026 3:53:06 PM","","0","0","","False","",""
"2936","جونتي سيليكون 2","30","45","45","45","45","","","3","90","0","","True","False","False","0","0","0","","","","","","0","2/9/2026 3:53:06 PM","","0","0","","False","",""
"2937","طقم 3 قطع توابل ARAFA","30","60","60","60","60","","","3","90","0","","True","False","False","0","0","0","","","","","","0","2/9/2026 3:53:06 PM","","0","0","","False","",""
"2938","مرايه استناد","30","55","55","55","55","","","2","60","0","","True","False","False","0","0","0","","","","","","0","2/9/2026 3:53:06 PM","","0","0","","False","",""
"2939","بنبونيره","45","65","65","65","65","","","2","90","0","","True","False","False","0","0","0","","","","","","0","2/9/2026 3:53:06 PM","","0","0","","False","",""
"2940","معيار قلب ","10","25","25","25","25","","","6","60","0","","True","False","False","0","0","0","","","","","","0","2/9/2026 3:53:06 PM","","0","0","","False","",""
"2941","علب تلااجه فود","25","45","45","45","45","","","2","50","0","","True","False","False","0","0","0","","","","","","0","2/9/2026 3:53:06 PM","","0","0","","False","",""
"2942","صنيه  دانتلا","20","45","45","45","45","","","3","60","0","","True","False","False","0","0","0","","","","","","0","2/9/2026 3:53:06 PM","","0","0","","False","",""
"2943","جروف بايد ك","20","35","35","35","35","","","3","60","0","","True","False","False","0","0","0","","","","","","0","2/9/2026 3:53:06 PM","","0","0","","False","",""
"2944","حامل مناديل رنا ","18","30","30","30","30","","","4","72","0","","True","False","False","0","0","0","","","","","","0","2/9/2026 3:53:06 PM","","0","0","","False","",""
"2945","كوب رمضان ","7.5","15","15","15","15","","","6","45","0","","True","False","False","0","0","0","","","","","","0","2/9/2026 3:53:06 PM","","0","0","","False","",""
"2946","WATER CATEL ","70","120","120","120","120","","","2","140","0","","True","False","False","0","0","0","","","","","","0","2/9/2026 3:53:06 PM","","0","0","","False","",""
"2947","COFE CATEL ","95","145","145","145","145","","","2","190","0","","True","False","False","0","0","0","","","","","","0","2/9/2026 3:53:06 PM","","0","0","","False","",""
"2948","طقم توزيع ","135","195","195","195","195","","","2","270","0","","True","False","False","0","0","0","","","","","","0","2/9/2026 3:53:06 PM","","0","0","","False","",""
"2949","مكبس بيتفور","45","85","85","85","85","","","2","90","0","","True","False","False","0","0","0","","","","","","0","2/9/2026 3:53:06 PM","","0","0","","False","",""
"2950","مبشره استاليس ","25","45","45","45","45","","","5","125","0","","True","False","False","0","0","0","","","","","","0","2/9/2026 3:53:06 PM","","0","0","","False","",""
"2951","سكين خشب ","7","15","15","15","15","","","6","42","0","","True","False","False","0","0","0","","","","","","0","2/9/2026 3:53:06 PM","","0","0","","False","",""
"2952","كرت مغناطيس رمضان تلاجه","5.5","15","15","15","15","","","12","66","0","","True","False","False","0","0","0","","","","","","0","2/9/2026 3:53:06 PM","","0","0","","False","",""
"2953","مكبس قطايف ","15","30","30","30","30","","","6","90","0","","True","False","False","0","0","0","","","","","","0","2/9/2026 3:53:06 PM","","0","0","","False","",""
"2954","صنيه ميلامين","20","30","30","30","30","","","5","100","0","","True","False","False","0","0","0","","","","","","0","2/9/2026 3:53:06 PM","","0","0","","False","",""
"2955","ورق كاب كيك","5","15","15","15","15","","","18","90","0","","True","False","False","0","0","0","","","","","","0","2/9/2026 3:53:06 PM","","0","0","","False","",""
"2956","مفرش سفره 2","20","30","30","30","30","","","3","60","0","","True","False","False","0","0","0","","","","","","0","2/9/2026 3:53:06 PM","","0","0","","False","",""
"2957","برفان جود جرل ","30","50","50","50","50","","","4","120","0","","True","False","False","0","0","0","","","","","","0","2/9/2026 3:53:06 PM","","0","0","","False","",""
"2958","برفان 212","55","85","85","85","85","","","4","220","0","","True","False","False","0","0","0","","","","","","0","2/9/2026 3:53:06 PM","","0","0","","False","",""
"2959","برفان جلد ","55","95","95","95","95","","","2","110","0","","True","False","False","0","0","0","","","","","","0","2/9/2026 3:53:06 PM","","0","0","","False","",""
"2960","سيليف كوليكشان ","70","145","145","145","145","","","2","140","0","","True","False","False","0","0","0","","","","","","0","2/9/2026 3:53:06 PM","","0","0","","False","",""
"2961","لا كوست ","35","65","65","65","65","","","2","70","0","","True","False","False","0","0","0","","","","","","0","2/9/2026 3:53:06 PM","","0","0","","False","",""
"2962","برفان حريمي 108","60","135","135","135","135","","","2","120","0","","True","False","False","0","0","0","","","","","","0","2/9/2026 3:53:06 PM","","0","0","","False","",""
"2963","اسبري انسبكتور ","22","50","50","50","50","","","5","110","0","","True","False","False","0","0","0","","","","","","0","2/9/2026 3:53:06 PM","","0","0","","False","",""
"2964","اسبري اسبيد ","27","65","65","65","65","","","2","54","0","","True","False","False","0","0","0","","","","","","0","2/9/2026 3:53:06 PM","","0","0","","False","",""
"2965","اسبري حريمي ","27","55","55","55","55","","","1","27","0","","True","False","False","0","0","0","","","","","","0","2/9/2026 3:53:06 PM","","0","0","","False","",""
"2966","بازيطير متحول عربيه ","60","85","85","85","85","","","4","240","0","","True","False","False","0","0","0","","","","","","0","2/9/2026 3:53:06 PM","","0","0","","False","",""
"2967","كارت دكتور سنان ","85","70","70","70","180","","","8","680","0","","True","False","False","0","0","0","","","","","","0","2/9/2026 3:53:06 PM","","0","0","","False","",""
"2968","كارت عربيه ايس كريم ","90","90","90","90","135","","","12","1080","0","","True","False","False","0","0","0","","","","","","0","2/9/2026 3:53:06 PM","","0","0","","False","",""
"2969","ورده ","1","5","5","5","5","","","45","45","0","","True","False","False","0","0","0","","","","","","0","2/9/2026 3:53:06 PM","","0","0","","False","",""
"2970","بالون كبيرhappy ","2","7","7","7","7","","","20","40","0","","True","False","False","0","0","0","","","","","","0","2/9/2026 3:53:06 PM","","0","0","","False","",""
"2971","دباسه B6","20","40","40","40","40","","","2","40","0","","True","False","False","0","0","0","","","","","","0","2/9/2026 3:53:06 PM","","0","0","","False","",""
"2972","ظرف صغير ابيض مفيش خلصاااان ","0.5","1","1","1","1.5","","","495","247.5","0","","True","False","False","0","0","0","","","","","","0","2/9/2026 3:53:06 PM","","0","0","","False","",""
"2973","استون","5","10","10","10","10","","","12","60","0","","True","False","False","0","0","0","","","","","","0","2/9/2026 3:53:06 PM","","0","0","","False","",""
"2974","رزمة ورق A4 azhar 80","180","95","95","95","225","","","590","106200","0","","True","False","False","0","0","0","","","","","","0","2/9/2026 3:53:06 PM","","0","0","","False","",""
"2975","علبه خزينه وسطط","30","45","45","45","45","","","2","60","0","","True","False","False","0","0","0","","","","","","0","2/9/2026 3:53:06 PM","","0","0","","False","",""
"2976","علبه خزينه كبيير","40","55","55","55","55","","","1","40","0","","True","False","False","0","0","0","","","","","","0","2/9/2026 3:53:06 PM","","0","0","","False","",""
"2977","شنطه هدايا ميني","1","3","3","3","3","","","24","24","0","","True","False","False","0","0","0","","","","","","0","2/9/2026 3:53:06 PM","","0","0","","False","",""
"2978","نظاره happy","2.8","5","5","5","5","","","6","16.8","0","","True","False","False","0","0","0","","","","","","0","2/9/2026 3:53:06 PM","","0","0","","False","",""
"2979","شمع بالون","10","20","20","20","20","","","5","50","0","","True","False","False","0","0","0","","","","","","0","2/9/2026 3:53:06 PM","","0","0","","False","",""
"2980","بالون ماليزي 10 قطعه ","6","10","10","10","10","","","6","36","0","","True","False","False","0","0","0","","","","","","0","2/9/2026 3:53:06 PM","","0","0","","False","",""
"2981","بالون smail","9","20","20","20","20","","","6","54","0","","True","False","False","0","0","0","","","","","","0","2/9/2026 3:53:06 PM","","0","0","","False","",""
"2982","شكل هابي ","9","25","25","25","25","","","3","27","0","","True","False","False","0","0","0","","","","","","0","2/9/2026 3:53:06 PM","","0","0","","False","",""
"2983","علبه برفان ماركيز","21","80","80","80","80","","","4","84","0","","True","False","False","0","0","0","","","","","","0","2/9/2026 3:53:06 PM","","0","0","","False","",""
"2984","واصلة ldino 371","30","35","35","35","60","","","39","1170","0","","True","False","False","0","0","0","","","","","","0","2/9/2026 3:53:06 PM","","0","0","","False","",""
"2985","واصلة  ldino431","26","45","45","45","45","","","17","442","0","","True","False","False","0","0","0","","","","","","0","2/9/2026 3:53:06 PM","","0","0","","False","",""
"2986","اللعبه الراقصه","155","250","250","250","250","","","3","465","0","","True","False","False","0","0","0","","","","","","0","2/9/2026 3:53:06 PM","","0","0","","False","",""
"2987","فننس ","145","200","200","200","200","","","3","435","0","","True","False","False","0","0","0","","","","","","0","2/9/2026 3:53:06 PM","","0","0","","False","",""
"2988","lovely doll long hair","190","250","250","250","265","","","4","760","0","","True","False","False","0","0","0","","","","","","0","2/9/2026 3:53:06 PM","","0","0","","False","",""
"2989","يوني كورن funny hourse","110","160","160","160","165","","","11","1210","0","","True","False","False","0","0","0","","","","","","0","2/9/2026 3:53:06 PM","","0","0","","False","",""
"2990","lovely hourse","88","175","175","175","175","","","2","176","0","","True","False","False","0","0","0","","","","","","0","2/9/2026 3:53:06 PM","","0","0","","False","",""
"2991","ليجو 354s","177","320","320","320","320","","","2","354","0","","True","False","False","0","0","0","","","","","","0","2/9/2026 3:53:06 PM","","0","0","","False","",""
"2992","ليجو334","177","300","300","300","300","","","2","354","0","","True","False","False","0","0","0","","","","","","0","2/9/2026 3:53:06 PM","","0","0","","False","",""
"2993","ليجو 321","177","280","280","280","280","","","3","531","0","","True","False","False","0","0","0","","","","","","0","2/9/2026 3:53:06 PM","","0","0","","False","",""
"2994","ليجو 302","177","270","270","270","270","","","4","708","0","","True","False","False","0","0","0","","","","","","0","2/9/2026 3:53:06 PM","","0","0","","False","",""
"2995","ليجو 296","177","250","250","250","250","","","2","354","0","","True","False","False","0","0","0","","","","","","0","2/9/2026 3:53:06 PM","","0","0","","False","",""
"2996","ليجو 278","275","230","230","230","380","","","4","1100","0","","True","False","False","0","0","0","","","","","","0","2/9/2026 3:53:06 PM","","0","0","","False","",""
"2997","ليجو 273","177","220","220","220","220","","","2","354","0","","True","False","False","0","0","0","","","","","","0","2/9/2026 3:53:06 PM","","0","0","","False","",""
"2998","منديل","0.5","1","1","1","1","","","24","12","0","","True","False","False","0","0","0","","","","","","0","2/9/2026 3:53:06 PM","","0","0","","False","",""
"2999","سماعه جيم","80","150","150","150","150","","","2","160","0","","True","False","False","0","0","0","","","","","","0","2/9/2026 3:53:06 PM","","0","0","","False","",""
"3000","مقص D 9032","42","27","27","27","70","","","14","588","0","","True","False","False","0","0","0","","","","","","0","2/9/2026 3:53:06 PM","","0","0","","False","",""
"3001","مقص D 9015","7.5","15","15","15","15","","","3","22.5","0","","True","False","False","0","0","0","","","","","","0","2/9/2026 3:53:06 PM","","0","0","","False","",""
"3002","مقص DL85","14","30","30","30","30","","","3","42","0","","True","False","False","0","0","0","","","","","","0","2/9/2026 3:53:06 PM","","0","0","","False","",""
"3003","دبل فيس 3متر","40","40","40","40","60","","","12","480","0","","True","False","False","0","0","0","","","","","","0","2/9/2026 3:53:06 PM","","0","0","","False","",""
"3004","كتب تلوين كبير ","6","15","15","15","15","","","58","348","0","","True","False","False","0","0","0","","","","","","0","2/9/2026 3:53:06 PM","","0","0","","False","",""
"3005","AUX KIN ","15","35","35","35","35","","","7","105","0","","True","False","False","0","0","0","","","","","","0","2/9/2026 3:53:06 PM","","0","0","","False","",""
"3006","صب MA 71","130","220","220","220","220","","","2","260","0","","True","False","False","0","0","0","","","","","","0","2/9/2026 3:53:06 PM","","0","0","","False","",""
"3007","هاند فري TC","90","150","150","150","150","","","3","270","0","","True","False","False","0","0","0","","","","","","0","2/9/2026 3:53:06 PM","","0","0","","False","",""
"3008","كابل تيب سي في ايفون ","75","120","120","120","120","","","6","450","0","","True","False","False","0","0","0","","","","","","0","2/9/2026 3:53:06 PM","","0","0","","False","",""
"3009","واصله تيب سي في تيب سي ","65","100","100","100","100","","","6","390","0","","True","False","False","0","0","0","","","","","","0","2/9/2026 3:53:06 PM","","0","0","","False","",""
"3010","وصله تيب سي في تيب سي ","65","100","100","100","100","","","6","390","0","","True","False","False","0","0","0","","","","","","0","2/9/2026 3:53:06 PM","","0","0","","False","",""
"3011","شاحن ايفون ","45","130","130","130","130","","","6","270","0","","True","False","False","0","0","0","","","","","","0","2/9/2026 3:53:06 PM","","0","0","","False","",""
"3012","شاحن تيب سي ","45","100","100","100","100","","","6","270","0","","True","False","False","0","0","0","","","","","","0","2/9/2026 3:53:06 PM","","0","0","","False","",""
"3013","صب GT119","260","350","350","350","420","","","2","520","0","","True","False","False","0","0","0","","","","","","0","2/9/2026 3:53:06 PM","","0","0","","False","",""
"3014","باور بانك 5000امبير ","150","250","250","250","250","","","2","300","0","","True","False","False","0","0","0","","","","","","0","2/9/2026 3:53:06 PM","","0","0","","False","",""
"3015","سماعه بلوتوث ","225","320","320","320","320","","","2","450","0","","True","False","False","0","0","0","","","","","","0","2/9/2026 3:53:06 PM","","0","0","","False","",""
"3016","شاحن سياره ","100","175","175","175","175","","","3","300","0","","True","False","False","0","0","0","","","","","","0","2/9/2026 3:53:06 PM","","0","0","","False","",""
"3017","شاحن سياره 2","115","200","200","200","200","","","3","345","0","","True","False","False","0","0","0","","","","","","0","2/9/2026 3:53:06 PM","","0","0","","False","",""
"3018","كابل ايفون م","30","65","65","65","75","","","12","360","0","","True","False","False","0","0","0","","","","","","0","2/9/2026 3:53:06 PM","","0","0","","False","",""
"3019","كابل تيب سي م ","30","50","50","50","55","","","11","330","0","","True","False","False","0","0","0","","","","","","0","2/9/2026 3:53:06 PM","","0","0","","False","",""
"3020","كابل اندرويت م","20","40","40","40","45","","","8","160","0","","True","False","False","0","0","0","","","","","","0","2/9/2026 3:53:06 PM","","0","0","","False","",""
"3021","سماعه لايف ","60","100","100","100","100","","","3","180","0","","True","False","False","0","0","0","","","","","","0","2/9/2026 3:53:06 PM","","0","0","","False","",""
"3022","هاند فري ","30","65","65","65","65","","","8","240","0","","True","False","False","0","0","0","","","","","","0","2/9/2026 3:53:06 PM","","0","0","","False","",""
"3023","ماوس ويرلس ","42","85","85","85","85","","","5","210","0","","True","False","False","0","0","0","","","","","","0","2/9/2026 3:53:06 PM","","0","0","","False","",""
"3024","فايل مسطره ","5","5","5","5","10","","","96","120","0","","True","False","False","0","0","0","","","0","1","0","0","2/9/2026 3:53:06 PM","","0","0","","False","",""
"3025","ورق فلوسكاب مفرد 2","20","20","20","20","30","","","122","2440","0","","True","False","False","0","0","0","","","","","","0","2/9/2026 3:53:06 PM","","0","0","","False","",""
"3026","ظرف c5 ","2.5","2","2","2","5","","","150","127.5","0","","True","False","False","0","0","0","","","0","1","0","0","2/9/2026 3:53:06 PM","","0","0","","False","",""
"3027","عروسه وادوات الكمبيوتر واكسسوار  ","145","185","185","185","185","","","4","580","0","","True","False","False","0","0","0","","","","","","0","2/9/2026 3:53:06 PM","","0","0","","False","",""
"3028","عروسه سرير وسط وحمام ","110","160","160","160","160","","","4","440","0","","True","False","False","0","0","0","","","","","","0","2/9/2026 3:53:06 PM","","0","0","","False","",""
"3029","عروسه ادوات موسيقى ","125","180","180","180","180","","","3","375","0","","True","False","False","0","0","0","","","","","","0","2/9/2026 3:53:06 PM","","0","0","","False","",""
"3030","عروسه جيتار ","150","200","200","200","200","","","3","450","0","","True","False","False","0","0","0","","","","","","0","2/9/2026 3:53:06 PM","","0","0","","False","",""
"3031","عروسه سوبر ماركت ","125","175","175","175","175","","","2","250","0","","True","False","False","0","0","0","","","","","","0","2/9/2026 3:53:06 PM","","0","0","","False","",""
"3032","ضفضع لم كور ثلاثي ","130","220","220","220","220","","","12","1560","0","","True","False","False","0","0","0","","","","","","0","2/9/2026 3:53:06 PM","","0","0","","False","",""
"3033"," علبة مسدس صوت ونور ","95","120","120","120","140","","","8","760","0","","True","False","False","0","0","0","","","","","","0","2/9/2026 3:53:06 PM","","0","0","","False","",""
"3034","مسدس كور ضغط ","125","210","210","210","210","","","2","250","0","","True","False","False","0","0","0","","","","","","0","2/9/2026 3:53:06 PM","","0","0","","False","",""
"3035","عربيه جب عالي ","180","180","180","180","320","","","4","720","0","","True","False","False","0","0","0","","","","","","0","2/9/2026 3:53:06 PM","","0","0","","False","",""
"3036","عروسه واحده كبيره ","70","120","120","120","120","","","4","280","0","","True","False","False","0","0","0","","","","","","0","2/9/2026 3:53:06 PM","","0","0","","False","",""
"3037","دبابه شحن ","180","250","250","250","250","","","2","360","0","","True","False","False","0","0","0","","","","","","0","2/9/2026 3:53:06 PM","","0","0","","False","",""
"3038","عربيه حفار شحن ","190","250","250","250","250","","","2","380","0","","True","False","False","0","0","0","","","","","","0","2/9/2026 3:53:06 PM","","0","0","","False","",""
"3039","استاند عروسه lol","16.5","25","25","25","25","","","12","198","0","","True","False","False","0","0","0","","","","","","0","2/9/2026 3:53:06 PM","","0","0","","False","",""
"3040","متوسكل avengers ","70","110","110","110","110","","","2","140","0","","True","False","False","0","0","0","","","","","","0","2/9/2026 3:53:06 PM","","0","0","","False","",""
"3041","كارت السمك","35","45","45","45","55","","","6","210","0","","True","False","False","0","0","0","","","","","","0","2/9/2026 3:53:06 PM","","0","0","","False","",""
"3042","كارت مشكل العاب ","25","50","50","50","50","","","3","75","0","","True","False","False","0","0","0","","","","","","0","2/9/2026 3:53:06 PM","","0","0","","False","",""
"3043","مسدس صوت و نور فشار ","85","70","70","70","175","","","17","1445","0","","True","False","False","0","0","0","","","","","","0","2/9/2026 3:53:06 PM","","0","0","","False","",""
"3044","عربيه هامر 1:14","230","235","235","235","295","","","5","1150","0","","True","False","False","0","0","0","","","","","","0","2/9/2026 3:53:06 PM","","0","0","","False","",""
"3045","صياد سمك وسط بطاريه ","135","75","75","75","210","","","13","1755","0","","True","False","False","0","0","0","","","","","","0","2/9/2026 3:53:06 PM","","0","0","","False","",""
"3046","بيتش باجي hulk","165","245","245","245","245","","","2","330","0","","True","False","False","0","0","0","","","","","","0","2/9/2026 3:53:06 PM","","0","0","","False","",""
"3047","مسدس متعدد الاصوات ","85","145","145","145","145","","","2","170","0","","True","False","False","0","0","0","","","","","","0","2/9/2026 3:53:06 PM","","0","0","","False","",""
"3048","بندقيه صوت ونور 8626","85","135","135","135","135","","","2","170","0","","True","False","False","0","0","0","","","","","","0","2/9/2026 3:53:06 PM","","0","0","","False","",""
"3049","عربيه بنزين وفرامل ","380","235","235","235","520","","","8","3040","0","","True","False","False","0","0","0","","","","","","0","2/9/2026 3:53:06 PM","","0","0","","False","",""
"3050","مدفع متعدد 595-9","115","195","195","195","195","","","2","230","0","","True","False","False","0","0","0","","","","","","0","2/9/2026 3:53:06 PM","","0","0","","False","",""
"3051","متعدد جيش PTO17","140","230","230","230","230","","","2","280","0","","True","False","False","0","0","0","","","","","","0","2/9/2026 3:53:06 PM","","0","0","","False","",""
"3052","مسدس فل 9004A-5","95","175","175","175","175","","","2","190","0","","True","False","False","0","0","0","","","","","","0","2/9/2026 3:53:06 PM","","0","0","","False","",""
"3053","مغناطيك ","90","135","135","135","135","","","2","180","0","","True","False","False","0","0","0","","","","","","0","2/9/2026 3:53:06 PM","","0","0","","False","",""
"3054","مسدس فل a-5","90","145","145","145","145","","","2","180","0","","True","False","False","0","0","0","","","","","","0","2/9/2026 3:53:06 PM","","0","0","","False","",""
"3055","وش ","130","190","190","190","190","","","1","130","0","","True","False","False","0","0","0","","","","","","0","2/9/2026 3:53:06 PM","","0","0","","False","",""
"3056","سماعه w9","30","65","65","65","55","","","21","630","0","","True","False","False","0","0","0","","","","","","0","2/9/2026 3:53:06 PM","","0","0","","False","",""
"3057","راس شاحن ","160","265","265","265","230","","","3","480","0","","True","False","False","0","0","0","","","","","","0","2/9/2026 3:53:06 PM","","0","0","","False","",""
"3058","راس شاحن pd","100","200","200","200","200","","","3","300","0","","True","False","False","0","0","0","","","","","","0","2/9/2026 3:53:06 PM","","0","0","","False","",""
"3059","شاحن اندريد 2.1","30","75","75","75","75","","","5","150","0","","True","False","False","0","0","0","","","","","","0","2/9/2026 3:53:06 PM","","0","0","","False","",""
"3060","شاحن ايفون 2.4","40","100","100","100","100","","","4","160","0","","True","False","False","0","0","0","","","","","","0","2/9/2026 3:53:06 PM","","0","0","","False","",""
"3061","بندقيه خرزak47","90","180","180","180","180","","","2","180","0","","True","False","False","0","0","0","","","","","","0","2/9/2026 3:53:06 PM","","0","0","","False","",""
"3062","ak103 بندقيه خرز","85","165","165","165","165","","","2","170","0","","True","False","False","0","0","0","","","","","","0","2/9/2026 3:53:06 PM","","0","0","","False","",""
"3063","بندقيه خرز m249","105","210","210","210","210","","","2","210","0","","True","False","False","0","0","0","","","","","","0","2/9/2026 3:53:06 PM","","0","0","","False","",""
"3064","بندقيه  خرز rpk74","100","225","225","225","225","","","2","200","0","","True","False","False","0","0","0","","","","","","0","2/9/2026 3:53:06 PM","","0","0","","False","",""
"3065","ديناصور تركيب ","35","65","65","65","65","","","3","105","0","","True","False","False","0","0","0","","","","","","0","2/9/2026 3:53:06 PM","","0","0","","False","",""
"3066","جلف كارت ","75","120","120","120","120","","","2","150","0","","True","False","False","0","0","0","","","","","","0","2/9/2026 3:53:06 PM","","0","0","","False","",""
"3067","مسدس فكيوم ","85","120","120","120","120","","","2","170","0","","True","False","False","0","0","0","","","","","","0","2/9/2026 3:53:06 PM","","0","0","","False","",""
"3068","كارت اكسسورات كيتي ","57","85","85","85","85","","","2","114","0","","True","False","False","0","0","0","","","","","","0","2/9/2026 3:53:06 PM","","0","0","","False","",""
"3069","كارت اكسسوار بنات استشوار ","57","80","80","80","80","","","2","114","0","","True","False","False","0","0","0","","","","","","0","2/9/2026 3:53:06 PM","","0","0","","False","",""
"3070","كارت نجار وسط ","45","70","70","70","75","","","6","270","0","","True","False","False","0","0","0","","","","","","0","2/9/2026 3:53:06 PM","","0","0","","False","",""
"3071","مسدس حيوانات وسط ","35","65","65","65","65","","","6","210","0","","True","False","False","0","0","0","","","","","","0","2/9/2026 3:53:06 PM","","0","0","","False","",""
"3072","بندقيه 3*1","85","70","70","70","155","","","9","765","0","","True","False","False","0","0","0","","","","","","0","2/9/2026 3:53:06 PM","","0","0","","False","",""
"3073","كارت ايس  كريم مع عروسه ","65","70","70","70","110","","","9","585","0","","True","False","False","0","0","0","","","","","","0","2/9/2026 3:53:06 PM","","0","0","","False","",""
"3074","كابل HD 1.5","22","35","35","35","35","","","5","110","0","","True","False","False","0","0","0","","","","","","0","2/9/2026 3:53:06 PM","","0","0","","False","",""
"3075","كابل HD 3 m","23","45","45","45","65","","","5","115","0","","True","False","False","0","0","0","","","","","","0","2/9/2026 3:53:06 PM","","0","0","","False","",""
"3076","كابل برنتر 1.5","19","35","35","35","50","","","12","228","0","","True","False","False","0","0","0","","","","","","0","2/9/2026 3:53:06 PM","","0","0","","False","",""
"3077","كابل hdmi","50","120","120","120","120","","","3","150","0","","True","False","False","0","0","0","","","","","","0","2/9/2026 3:53:06 PM","","0","0","","False","",""
"3078","صلصال  12 + 2 لعبه + نشابه","11","20","20","20","20","","","3","33","0","","True","False","False","0","0","0","","","","","","0","2/9/2026 3:53:06 PM","","0","0","","False","",""
"3079","الوان WATER حجر ","14","25","25","25","25","","","3","42","0","","True","False","False","0","0","0","","","","","","0","2/9/2026 3:53:06 PM","","0","0","","False","",""
"3080","صب راديو ","200","250","250","250","250","","","2","400","0","","True","False","False","0","0","0","","","","","","0","2/9/2026 3:53:06 PM","","0","0","","False","",""
"3081","سماعه Dp-H01","15","35","35","35","35","","","20","300","0","","True","False","False","0","0","0","","","","","","0","2/9/2026 3:53:06 PM","","0","0","","False","",""
"3082","سماعه ST -179","25","45","45","45","45","","","20","500","0","","True","False","False","0","0","0","","","","","","0","2/9/2026 3:53:06 PM","","0","0","","False","",""
"3083","كابل ايفون XP-53","17","35","35","35","35","","","5","85","0","","True","False","False","0","0","0","","","","","","0","2/9/2026 3:53:06 PM","","0","0","","False","",""
"3084","مسدس مياه كبير ","33","60","60","60","60","","","3","99","0","","True","False","False","0","0","0","","","","","","0","2/9/2026 3:53:06 PM","","0","0","","False","",""
"3085","استاند امتحنات *","7.5","15","15","15","15","","","6","45","0","","True","False","False","0","0","0","","","","","","0","2/9/2026 3:53:06 PM","","0","0","","False","",""
"3086","طراسه تلوين + الوان ","10","20","20","20","20","","","4","40","0","","True","False","False","0","0","0","","","","","","0","2/9/2026 3:53:06 PM","","0","0","","False","",""
"3087","قصص انجلش وعربي  فراج ","5","5","5","5","10","","","30","150","0","","True","False","False","0","0","0","","","","","","0","2/9/2026 3:53:06 PM","","0","0","","False","",""
"3088","جراب ايربودس","20","40","40","40","40","","","3","60","0","","True","False","False","0","0","0","","","","","","0","2/9/2026 3:53:06 PM","","0","0","","False","",""
"3089","فلاشه se-9","95","165","165","165","165","","","2","190","0","","True","False","False","0","0","0","","","","","","0","2/9/2026 3:53:06 PM","","0","0","","False","",""
"3090","فلاشه 16جيجا ","120","140","140","140","220","","","35","4200","0","","True","False","False","0","0","0","","","","","","0","2/9/2026 3:53:06 PM","","0","0","","False","",""
"3091","فلاشه 32 جيجا ","115","140","140","140","180","","","14","1610","0","","True","False","False","0","0","0","","","","","","0","2/9/2026 3:53:06 PM","","0","0","","False","",""
"3092","صب Z 110","110","235","235","235","235","","","2","220","0","","True","False","False","0","0","0","","","","","","0","2/9/2026 3:53:06 PM","","0","0","","False","",""
"3093","سماعه IPHONEE","175","275","275","275","275","","","2","350","0","","True","False","False","0","0","0","","","","","","0","2/9/2026 3:53:06 PM","","0","0","","False","",""
"3094","car holder big","80","165","165","165","165","","","2","160","0","","True","False","False","0","0","0","","","","","","0","2/9/2026 3:53:06 PM","","0","0","","False","",""
"3095","car holder medium","65","145","145","145","145","","","2","130","0","","True","False","False","0","0","0","","","","","","0","2/9/2026 3:53:06 PM","","0","0","","False","",""
"3096","car holder small","55","130","130","130","130","","","2","110","0","","True","False","False","0","0","0","","","","","","0","2/9/2026 3:53:06 PM","","0","0","","False","",""
"3097","فايل مسطره 2","5","7","7","7","10","","","260","1300","0","","True","False","False","0","0","0","","","","","","0","2/9/2026 3:53:06 PM","","0","0","","False","",""
"3098","قلم جاف civic","1.7","3","3","3","4","","","126","214.2","0","","True","False","False","0","0","0","","","","","","0","2/9/2026 3:53:06 PM","","0","0","","False","",""
"3099","كارت مسدس ضبل وكور ","65","120","120","120","120","","","3","195","0","","True","False","False","0","0","0","","","","","","0","2/9/2026 3:53:06 PM","","0","0","","False","",""
"3100","مطبخ كبير احمر ","110","90","90","90","185","","","4","440","0","","True","False","False","0","0","0","","","","","","0","2/9/2026 3:53:06 PM","","0","0","","False","",""
"3101","لعبه بنات بطاطس وببسي ","45","85","85","85","85","","","2","90","0","","True","False","False","0","0","0","","","","","","0","2/9/2026 3:53:06 PM","","0","0","","False","",""
"3102","عربيات خضراء خامه ","20","40","40","40","40","","","12","240","0","","True","False","False","0","0","0","","","","","","0","2/9/2026 3:53:06 PM","","0","0","","False","",""
"3104","اسلايم علبه في حشره ","7","15","15","15","15","","","62","434","0","","True","False","False","0","0","0","","","","","","0","2/9/2026 3:53:06 PM","","0","0","","False","",""
"3105","كيس بالون صغير 25 قطعه ","5","20","20","20","20","","","12","60","0","","True","False","False","0","0","0","","","","","","0","2/9/2026 3:53:06 PM","","0","0","","False","",""
"3106","سماعه st30","25","55","55","55","55","","","10","250","0","","True","False","False","0","0","0","","","","","","0","2/9/2026 3:53:06 PM","","0","0","","False","",""
"3107","كابل اندريت totu ","25","65","65","65","65","","","5","125","0","","True","False","False","0","0","0","","","","","","0","2/9/2026 3:53:06 PM","","0","0","","False","",""
"3108","كابل اندريت s61v ","13","30","30","30","30","","","15","195","0","","True","False","False","0","0","0","","","","","","0","2/9/2026 3:53:06 PM","","0","0","","False","",""
"3109","هاند فري b4","13","25","25","25","25","","","20","260","0","","True","False","False","0","0","0","","","","","","0","2/9/2026 3:53:06 PM","","0","0","","False","",""
"3110","هاند فري ax2","35","65","65","65","55","","","5","175","0","","True","False","False","0","0","0","","","","","","0","2/9/2026 3:53:06 PM","","0","0","","False","",""
"3111","شمع 6*1 عيد ميلاد","10","15","15","15","15","","","7","70","0","","True","False","False","0","0","0","","","","","","0","2/9/2026 3:53:06 PM","","0","0","","False","",""
"3112","توكه عيد ميلاد ","5.5","15","15","15","15","","","20","110","0","","True","False","False","0","0","0","","","","","","0","2/9/2026 3:53:06 PM","","0","0","","False","",""
"3113","شمع عيدميلاد HAPPY2","17","15","15","15","35","","","15","1350","0","","True","False","False","0","0","0","","","0","1","0","0","2/9/2026 3:53:06 PM","","0","0","","False","",""
"3114","شمع صاروخ صغير  بالواحده","6","10","10","10","10","","","54","324","0","","True","False","False","0","0","0","","","","","","0","2/9/2026 3:53:06 PM","","0","0","","False","",""
"3115","شمع صاروخ وسط  بالواحده","8","12.5","12.5","12.5","20","","","90","720","0","","True","False","False","0","0","0","","","","","","0","2/9/2026 3:53:06 PM","","0","0","","False","",""
"3116","كيس بالون كبير 10ق ","8","15","15","15","15","","","6","48","0","","True","False","False","0","0","0","","","","","","0","2/9/2026 3:53:06 PM","","0","0","","False","",""
"3117","زماره وسط بالواحده ","1.5","2.5","2.5","2.5","3","","","90","135","0","","True","False","False","0","0","0","","","","","","0","2/9/2026 3:53:06 PM","","0","0","","False","",""
"3118","ماسك عيد ميلاد  بالواحده","1.15","3","3","3","3","","","50","57.5","0","","True","False","False","0","0","0","","","","","","0","2/9/2026 3:53:06 PM","","0","0","","False","",""
"3119","استاند بالون 7 قطع ","25","40","40","40","40","","","4","100","0","","True","False","False","0","0","0","","","","","","0","2/9/2026 3:53:06 PM","","0","0","","False","",""
"3120","تلج","8","15","15","15","15","","","23","184","0","","True","False","False","0","0","0","","","","","","0","2/9/2026 3:53:06 PM","","0","0","","False","",""
"3121","الوان خشب 12 لون قصير power","12","10","10","10","20","","","40","480","0","","True","False","False","0","0","0","","","","","","0","2/9/2026 3:53:06 PM","","0","0","","False","",""
"3122","الوان خشب 12 لون كبير power","20","15","15","15","35","","","21","420","0","","True","False","False","0","0","0","","","","","","0","2/9/2026 3:53:06 PM","","0","0","","False","",""
"3123","شريط لحام اسود","3","5","5","5","6","","","20","60","0","","True","False","False","0","0","0","","","","","","0","2/9/2026 3:53:06 PM","","0","0","","False","",""
"3124","كوريكتور 3A","4","10","10","10","10","","","12","48","0","","True","False","False","0","0","0","","","","","","0","2/9/2026 3:53:06 PM","","0","0","","False","",""
"3125"," adaptar iphone or type-c ","50","80","80","80","85","","","19","950","0","","True","False","False","0","0","0","","","","","","0","2/9/2026 3:53:06 PM","","0","0","","False","",""
"3126","تلوين كتب","5","10","10","10","10","","","33","165","0","","True","False","False","0","0","0","","","","","","0","2/9/2026 3:53:06 PM","","0","0","","False","",""
"3127","مسدس طلقات فوم كبير ضياء","251","320","320","320","320","","","4","1004","0","","True","False","False","0","0","0","","","","","","0","2/9/2026 3:53:06 PM","","0","0","","False","",""
"3128","عروسه فاشون 2*1","250","320","320","320","400","","","2","500","0","","True","False","False","0","0","0","","","","","","0","2/9/2026 3:53:06 PM","","0","0","","False","",""
"3129","ماسك ايرون مان جديد","173","225","225","225","225","","","2","346","0","","True","False","False","0","0","0","","","","","","0","2/9/2026 3:53:06 PM","","0","0","","False","",""
"3130","عروسه +حصان ","175","225","225","225","225","","","2","350","0","","True","False","False","0","0","0","","","","","","0","2/9/2026 3:53:06 PM","","0","0","","False","",""
"3131","عربيه نزهه ","195","285","285","285","285","","","2","390","0","","True","False","False","0","0","0","","","","","","0","2/9/2026 3:53:06 PM","","0","0","","False","",""
"3132","عربيه فاشون ايسكريم ","250","320","320","320","320","","","1","250","0","","True","False","False","0","0","0","","","","","","0","2/9/2026 3:53:06 PM","","0","0","","False","",""
"3133","عروسه بالعجله ","261","290","290","290","290","","","1","261","0","","True","False","False","0","0","0","","","","","","0","2/9/2026 3:53:06 PM","","0","0","","False","",""
"3134","بيت عربيه بحصان ","225","220","220","220","350","","","7","1575","0","","True","False","False","0","0","0","","","","","","0","2/9/2026 3:53:06 PM","","0","0","","False","",""
"3135","شاحنه عربيات نزهه","110","175","175","175","175","","","1","110","0","","True","False","False","0","0","0","","","","","","0","2/9/2026 3:53:06 PM","","0","0","","False","",""
"3136","شاحنه عربيات ريموت","135","195","195","195","205","","","3","405","0","","True","False","False","0","0","0","","","","","","0","2/9/2026 3:53:06 PM","","0","0","","False","",""
"3137","ليجو92","135","145","145","145","225","","","19","2565","0","","True","False","False","0","0","0","","","","","","0","2/9/2026 3:53:06 PM","","0","0","","False","",""
"3138","مطبخ lol صغير ","179","245","245","245","245","","","2","358","0","","True","False","False","0","0","0","","","","","","0","2/9/2026 3:53:06 PM","","0","0","","False","",""
"3139","عروسه جبل الجليد","199","265","265","265","265","","","3","597","0","","True","False","False","0","0","0","","","","","","0","2/9/2026 3:53:06 PM","","0","0","","False","",""
"3140","باكو جان 3ق","154","220","220","220","220","","","2","308","0","","True","False","False","0","0","0","","","","","","0","2/9/2026 3:53:06 PM","","0","0","","False","",""
"3141","باكو جان 1ق ","56","120","120","120","120","","","3","168","0","","True","False","False","0","0","0","","","","","","0","2/9/2026 3:53:06 PM","","0","0","","False","",""
"3142","يوني كورن my love horse","125","165","165","165","185","","","4","500","0","","True","False","False","0","0","0","","","","","","0","2/9/2026 3:53:06 PM","","0","0","","False","",""
"3143","عروسه مع عربيه","165","245","245","245","245","","","2","330","0","","True","False","False","0","0","0","","","","","","0","2/9/2026 3:53:06 PM","","0","0","","False","",""
"3144","بيبليد بحلبه 4 قطع ","95","165","165","165","165","","","3","285","0","","True","False","False","0","0","0","","","","","","0","2/9/2026 3:53:06 PM","","0","0","","False","",""
"3145","عربيه تراك بريموت ","150","250","250","250","250","","","3","450","0","","True","False","False","0","0","0","","","","","","0","2/9/2026 3:53:06 PM","","0","0","","False","",""
"3146","عربيه قرش ","180","250","250","250","250","","","2","360","0","","True","False","False","0","0","0","","","","","","0","2/9/2026 3:53:06 PM","","0","0","","False","",""
"3147","رشاش متعدد الطلق ","350","350","350","350","600","","","12","3240","0","","True","False","False","0","0","0","","","0","1","0","0","2/9/2026 3:53:06 PM","","0","0","","False","",""
"3148","كرت لعبه متحول ","75","135","135","135","135","","","2","150","0","","True","False","False","0","0","0","","","","","","0","2/9/2026 3:53:06 PM","","0","0","","False","",""
"3149","كرت دكتور كبير ","95","145","145","145","135","","","4","380","0","","True","False","False","0","0","0","","","","","","0","2/9/2026 3:53:06 PM","","0","0","","False","",""
"3150","كرت ايس كريم مع عروسه","65","95","95","95","95","","","2","130","0","","True","False","False","0","0","0","","","","","","0","2/9/2026 3:53:06 PM","","0","0","","False","",""
"3151","علبة صاروخ","7","15","15","15","15","","","39","273","0","","True","False","False","0","0","0","","","","","","0","2/9/2026 3:53:06 PM","","0","0","","False","",""
"3152","واصله st strons","16","30","30","30","40","","","70","1120","0","","True","False","False","0","0","0","","","","","","0","2/9/2026 3:53:06 PM","","0","0","","False","",""
"3153"," GT -104 mouse gamma","35","60","60","60","60","","","11","385","0","","True","False","False","0","0","0","","","","","","0","2/9/2026 3:53:06 PM","","0","0","","False","",""
"3154","color pen","13.5","25","25","25","25","","","3","40.5","0","","True","False","False","0","0","0","","","","","","0","2/9/2026 3:53:06 PM","","0","0","","False","",""
"3155","نوته سلك 100 صفحه ","13.5","25","25","25","25","","","6","81","0","","True","False","False","0","0","0","","","","","","0","2/9/2026 3:53:06 PM","","0","0","","False","",""
"3156","نوته سلك 80 صفحه ","11.5","20","20","20","20","","","4","46","0","","True","False","False","0","0","0","","","","","","0","2/9/2026 3:53:06 PM","","0","0","","False","",""
"3157","جلو 15","4.1","7","7","7","7.5","","","74","303.4","0","","True","False","False","0","0","0","","","","","","0","2/9/2026 3:53:06 PM","","0","0","","False","",""
"3158","سبوره صغير ","27","40","40","40","40","","","3","81","0","","True","False","False","0","0","0","","","","","","0","2/9/2026 3:53:06 PM","","0","0","","False","",""
"3159","قلم smart ازرق","1","3","3","3","4","","","120","120","0","","True","False","False","0","0","0","","","","","","0","2/9/2026 3:53:06 PM","","0","0","","False","",""
"3160","لانش بوكmax ","47.5","40","40","40","85","","","12","1282.5","0","","True","False","False","0","0","0","","","0","1","0","0","2/9/2026 3:53:06 PM","","0","0","","False","",""
"3161","برفان رجالي blue de chanel","60","85","85","85","120","","","5","300","0","","True","False","False","0","0","0","","","","","","0","2/9/2026 3:53:06 PM","","0","0","","False","",""
"3162","برفان sauvage","43","100","100","100","100","","","3","129","0","","True","False","False","0","0","0","","","","","","0","2/9/2026 3:53:06 PM","","0","0","","False","",""
"3163","برفان mercedas ","43","120","120","120","120","","","2","86","0","","True","False","False","0","0","0","","","","","","0","2/9/2026 3:53:06 PM","","0","0","","False","",""
"3164","ميداليه اشكال ولادي","7","15","15","15","15","","","6","42","0","","True","False","False","0","0","0","","","","","","0","2/9/2026 3:53:06 PM","","0","0","","False","",""
"3165","شخصيات 9*1","40","75","75","75","75","","","3","120","0","","True","False","False","0","0","0","","","","","","0","2/9/2026 3:53:06 PM","","0","0","","False","",""
"3166","كرت جيش ","45","75","75","75","75","","","3","135","0","","True","False","False","0","0","0","","","","","","0","2/9/2026 3:53:06 PM","","0","0","","False","",""
"3167","كارت السمك كبير ","45","80","80","80","80","","","6","270","0","","True","False","False","0","0","0","","","","","","0","2/9/2026 3:53:06 PM","","0","0","","False","",""
"3168","مسدس m134","160","250","250","250","250","","","1","160","0","","True","False","False","0","0","0","","","","","","0","2/9/2026 3:53:06 PM","","0","0","","False","",""
"3169","مسدس m16","160","250","250","250","250","","","1","160","0","","True","False","False","0","0","0","","","","","","0","2/9/2026 3:53:06 PM","","0","0","","False","",""
"3170","اسكتش رسم كبير ","15","10","10","10","25","","","156","780","0","","True","False","False","0","0","0","","","0","1","0","0","2/9/2026 3:53:06 PM","","0","0","","False","",""
"3171","الوان خشب الهدى 18 لون ","15.5","30","30","30","30","","","24","372","0","","True","False","False","0","0","0","","","","","","0","2/9/2026 3:53:06 PM","","0","0","","False","",""
"3172","قران العشره الاخر ","5","10","10","10","10","","","6","30","0","","True","False","False","0","0","0","","","","","","0","2/9/2026 3:53:06 PM","","0","0","","False","",""
"3173","جزء تبارك ","5","10","10","10","10","","","6","30","0","","True","False","False","0","0","0","","","","","","0","2/9/2026 3:53:06 PM","","0","0","","False","",""
"3174","كشكول وجه وجه 40","10","7","7","7","13","","","30","300","0","","True","False","False","0","0","0","","","","","","0","2/9/2026 3:53:06 PM","","0","0","","False","",""
"3175","كشكول صفحه وصفحه 80","8","10","10","10","18","","","10","80","0","","True","False","False","0","0","0","","","","","","0","2/9/2026 3:53:06 PM","","0","0","","False","",""
"3176","كشكول سلك 80 ورقه انجليزي A4 BRAVO","40","25","25","25","55","","","12","900","0","","True","False","False","0","0","0","","","0","1","0","0","2/9/2026 3:53:06 PM","","0","0","","False","",""
"3177","كشكول سلك  A4 100 مربعات صغير ","20","25","25","25","28","","","20","400","0","","True","False","False","0","0","0","","","","","","0","2/9/2026 3:53:06 PM","","0","0","","False","",""
"3178","مقلمه بناتي  حصان 2634","43","85","85","85","85","","","5","215","0","","True","False","False","0","0","0","","","","","","0","2/9/2026 3:53:06 PM","","0","0","","False","",""
"3179","مقلمه قماش بناتي ","25","45","45","45","45","","","3","75","0","","True","False","False","0","0","0","","","","","","0","2/9/2026 3:53:06 PM","","0","0","","False","",""
"3180","مقلمه بناتي 1177","32","60","60","60","60","","","3","96","0","","True","False","False","0","0","0","","","","","","0","2/9/2026 3:53:06 PM","","0","0","","False","",""
"3181","مقلمه بناتي جلد","28.5","50","50","50","50","","","3","85.5","0","","True","False","False","0","0","0","","","","","","0","2/9/2026 3:53:06 PM","","0","0","","False","",""
"3182","قلم جاف baipal ","5","10","10","10","10","","","21","105","0","","True","False","False","0","0","0","","","","","","0","2/9/2026 3:53:06 PM","","0","0","","False","",""
"3183","قلم جاف اطفالي بوسي كات","6.5","15","15","15","15","","","31","201.5","0","","True","False","False","0","0","0","","","","","","0","2/9/2026 3:53:06 PM","","0","0","","False","",""
"3184","كشكول 60 ورقه A4 مربعات صغيره","22.5","20","20","20","32","","","28","630","0","","True","False","False","0","0","0","","","","","","0","2/9/2026 3:53:06 PM","","0","0","","False","",""
"3185","كشكول 80 ورقه A4 مربعات صغيره","17","22","22","22","27","","","4","68","0","","True","False","False","0","0","0","","","","","","0","2/9/2026 3:53:06 PM","","0","0","","False","",""
"3186","جلو اصفر  كوري 8 جرام ","8","7","7","7","20","","","900","7200","0","","True","False","False","0","0","0","","","0","1","0","0","2/9/2026 3:53:06 PM","","0","0","","False","",""
"3187","علبة  معدن ادوات هندسيه  deli ","35","60","60","60","60","","","4","140","0","","True","False","False","0","0","0","","","","","","0","2/9/2026 3:53:06 PM","","0","0","","False","",""
"3188","مقلمه ولاد وبنات b7837","35","60","60","60","60","","","7","245","0","","True","False","False","0","0","0","","","","","","0","2/9/2026 3:53:06 PM","","0","0","","False","",""
"3189","دابل فيس كيس اصفر 3متر ","25","45","45","45","45","","","120","3000","0","","True","False","False","0","0","0","","","","","","0","2/9/2026 3:53:06 PM","","0","0","","False","",""
"3190","سلك concord 7 subject 210 ","90","65","65","65","155","","","40","3360","0","","True","False","False","0","0","0","","","0","1","0","0","2/9/2026 3:53:06 PM","","0","0","","False","",""
"3191","نوته سلك 100 ورقه ","21","25","25","25","40","","","36","630","0","","True","False","False","0","0","0","","","0","1","0","0","2/9/2026 3:53:06 PM","","0","0","","False","",""
"3192","قلم سنون 0.7 adel ","7","20","20","20","20","","","60","420","0","","True","False","False","0","0","0","","","","","","0","2/9/2026 3:53:06 PM","","0","0","","False","",""
"3193","قلم سنون اطفال  deli","7","15","15","15","15","","","58","406","0","","True","False","False","0","0","0","","","","","","0","2/9/2026 3:53:06 PM","","0","0","","False","",""
"3194","قلم سبوره اطفال ","2","5","5","5","5","","","12","24","0","","True","False","False","0","0","0","","","","","","0","2/9/2026 3:53:06 PM","","0","0","","False","",""
"3195","كرت اي دي فراج ","5.2","7","7","7","10","","","48","249.6","0","","True","False","False","0","0","0","","","0","1","0","0","2/9/2026 3:53:06 PM","","0","0","","False","",""
"3196","استند هاي ليتر  sport ","7.5","7","7","7","15","","","50","2640","0","","True","False","False","0","0","0","","","0","1","0","0","2/9/2026 3:53:06 PM","","0","0","","False","",""
"3197","قلم فرنساوى ","3","2.5","2.5","2.5","5","","","600","1500","0","","True","False","False","0","0","0","","","0","1","0","0","2/9/2026 3:53:06 PM","","0","0","","False","",""
"3198","مناديل وايبس ","2.5","5","5","5","5","","","36","90","0","","True","False","False","0","0","0","","","","","","0","2/9/2026 3:53:06 PM","","0","0","","False","",""
"3199","قلم جاف aero","1.5","3","3","3","3","","","48","72","0","","True","False","False","0","0","0","","","","","","0","2/9/2026 3:53:06 PM","","0","0","","False","",""
"3200","علبة  الوان جاف 12 لون yl211811-12","29","40","40","40","40","","","7","203","0","","True","False","False","0","0","0","","","","","","0","2/9/2026 3:53:06 PM","","0","0","","False","",""
"3201","قلم جاف glase","3","3","3","3","5","","","285","855","0","","True","False","False","0","0","0","","","","","","0","2/9/2026 3:53:06 PM","","0","0","","False","",""
"3202","مطارة مياه ","55","80","80","80","80","","","17","935","0","","True","False","False","0","0","0","","","","","","0","2/9/2026 3:53:06 PM","","0","0","","False","",""
"3203","برايه اشكال اطفال ","3.7","7","7","7","7","","","24","88.8","0","","True","False","False","0","0","0","","","","","","0","2/9/2026 3:53:06 PM","","0","0","","False","",""
"3204","تكت كتب بالواحده ","1.2","3","3","3","3","","","60","72","0","","True","False","False","0","0","0","","","","","","0","2/9/2026 3:53:06 PM","","0","0","","False","",""
"3205","قلم جاف tr-23 pensan","4","4","4","4","7","","","280","1120","0","","True","False","False","0","0","0","","","0","1","0","0","2/9/2026 3:53:06 PM","","0","0","","False","",""
"3206","كشكول وجه وجه 80 ورقه ","8.5","10","10","10","18","","","10","85","0","","True","False","False","0","0","0","","","","","","0","2/9/2026 3:53:06 PM","","0","0","","False","",""
"3207","سماعه st-12","45","60","60","60","70","","","34","1530","0","","True","False","False","0","0","0","","","","","","0","2/9/2026 3:53:06 PM","","0","0","","False","",""
"3208","سماعة ايفون سوكيت ايفون بلوتوث g17","75","140","140","140","140","","","2","150","0","","True","False","False","0","0","0","","","","","","0","2/9/2026 3:53:06 PM","","0","0","","False","",""
"3209","شاحن كامل strong تايب سي fast charger","60","120","120","120","100","","","6","360","0","","True","False","False","0","0","0","","","","","","0","2/9/2026 3:53:06 PM","","0","0","","False","",""
"3210","سماعه ud-09","40","30","30","30","75","","","60","2400","0","","True","False","False","0","0","0","","","","","","0","2/9/2026 3:53:06 PM","","0","0","","False","",""
"3211","استند قلم بينور جاف جيل ","14","30","30","30","25","","","36","504","0","","True","False","False","0","0","0","","","","","","0","2/9/2026 3:53:06 PM","","0","0","","False","",""
"3212","استند قلم جاف فرو ","20.5","25","25","25","28","","","30","615","0","","True","False","False","0","0","0","","","","","","0","2/9/2026 3:53:06 PM","","0","0","","False","",""
"3213","قلم سنون th-520 2.0","12","15","15","15","25","","","125","1500","0","","True","False","False","0","0","0","","","","","","0","2/9/2026 3:53:06 PM","","0","0","","False","",""
"3214","pritt الماني ","50","35","35","35","75","","","12","1539","0","","True","False","False","0","0","0","","","0","1","0","0","2/9/2026 3:53:06 PM","","0","0","","False","",""
"3215","الوان فلومسترى 6 لون doms ","21","25","25","25","45","","","24","630","0","","True","False","False","0","0","0","","","0","1","0","0","2/9/2026 3:53:06 PM","","0","0","","False","",""
"3216","علبة هندسه doms ","85","75","75","75","185","","","15","1200","0","","True","False","False","0","0","0","","","0","1","0","0","2/9/2026 3:53:06 PM","","0","0","","False","",""
"3217","طقم دباسه +خلاعه  +دبابيس ","18","35","35","35","35","","","6","108","0","","True","False","False","0","0","0","","","","","","0","2/9/2026 3:53:06 PM","","0","0","","False","",""
"3218","دباسه العطار 508","57","50","50","50","95","","","15","855","0","","True","False","False","0","0","0","","","","","","0","2/9/2026 3:53:06 PM","","0","0","","False","",""
"3219","دباسه العطار 997","39","60","60","60","60","","","2","78","0","","True","False","False","0","0","0","","","","","","0","2/9/2026 3:53:06 PM","","0","0","","False","",""
"3220","لانش بوكس camel trade ","68","70","70","70","110","","","12","3480","0","","True","False","False","0","0","0","","","0","1","0","0","2/9/2026 3:53:06 PM","","0","0","","False","",""
"3221","سوليتب جليتر  عريض ","7.5","15","15","15","15","","","12","90","0","","True","False","False","0","0","0","","","","","","0","2/9/2026 3:53:06 PM","","0","0","","False","",""
"3222","برايه سياره اطفال ","3.8","7.5","7.5","7.5","7.5","","","51","193.8","0","","True","False","False","0","0","0","","","","","","0","2/9/2026 3:53:06 PM","","0","0","","False","",""
"3223","برايه جزمه  tr-363","3.5","7","7","7","7","","","55","192.5","0","","True","False","False","0","0","0","","","","","","0","2/9/2026 3:53:06 PM","","0","0","","False","",""
"3224","قلم جاف bravo الوان ","1.5","3","3","3","4","","","72","108","0","","True","False","False","0","0","0","","","","","","0","2/9/2026 3:53:06 PM","","0","0","","False","",""
"3225","علبة مشبك حديد صغير ","7.5","15","15","15","15","","","6","45","0","","True","False","False","0","0","0","","","","","","0","2/9/2026 3:53:06 PM","","0","0","","False","",""
"3226","استند قلم برافو اسود لون ","2.5","5","5","5","5","","","75","187.5","0","","True","False","False","0","0","0","","","","","","0","2/9/2026 3:53:06 PM","","0","0","","False","",""
"3227"," بازل تعليمي خشب ","8.5","20","20","20","20","","","15","127.5","0","","True","False","False","0","0","0","","","","","","0","2/9/2026 3:53:06 PM","","0","0","","False","",""
"3228","كتب تعليميه  جديد مستويات","5.5","10","10","10","13","","","40","220","0","","True","False","False","0","0","0","","","","","","0","2/9/2026 3:53:06 PM","","0","0","","False","",""
"3229","كراسه وجه وجه 40 ورقه ","10","7","7","7","13","","","115","1150","0","","True","False","False","0","0","0","","","","","","0","2/9/2026 3:53:06 PM","","0","0","","False","",""
"3230","ديناصور 123","300","520","520","520","520","","","1","300","0","","True","False","False","0","0","0","","","","","","0","2/9/2026 3:53:06 PM","","0","0","","False","",""
"3231","مقص بلاستيك scissors ","8","15","15","15","15","","","24","192","0","","True","False","False","0","0","0","","","","","","0","2/9/2026 3:53:06 PM","","0","0","","False","",""
"3232","كشكول bravo 200 ورقه بقلم 5 subject","115","95","95","95","165","","","8","920","0","","True","False","False","0","0","0","","","","","","0","2/9/2026 3:53:06 PM","","0","0","","False","",""
"3233","كشكول سلك 100 a4 bravo ","38","30","30","30","45","","","50","1900","0","","True","False","False","0","0","0","","","","","","0","2/9/2026 3:53:06 PM","","0","0","","False","",""
"3234","0","0","30","30","30","0","","","0","0","0","","True","False","False","0","0","0","","","","","","0","2/9/2026 3:53:06 PM","","0","0","","False","",""
"3235","حافظه ورق 40","26.5","50","50","50","50","","","50","1325","0","","True","False","False","0","0","0","","","","","","0","2/9/2026 3:53:06 PM","","0","0","","False","",""
"3236","يونك ","10","25","25","25","25","","","24","240","0","","True","False","False","0","0","0","","","","","","0","2/9/2026 3:53:06 PM","","0","0","","False","",""
"3237","فلاشه 8ج","115","120","120","120","185","","","45","5175","0","","True","False","False","0","0","0","","","","","","0","2/9/2026 3:53:06 PM","","0","0","","False","",""
"3238","وصله ميكرو","20","60","60","60","60","","","5","100","0","","True","False","False","0","0","0","","","","","","0","2/9/2026 3:53:06 PM","","0","0","","False","",""
"3239","الوان شمع dux bite ","26.5","50","50","50","50","","","3","79.5","0","","True","False","False","0","0","0","","","","","","0","2/9/2026 3:53:06 PM","","0","0","","False","",""
"3240","سلوتيب عريض 100 يارده ","28","20","20","20","45","","","100","2800","0","","True","False","False","0","0","0","","","0","1","0","0","2/9/2026 3:53:06 PM","","0","0","","False","",""
"3241","طقم high lighter proline ","29","40","40","40","40","","","7","203","0","","True","False","False","0","0","0","","","","","","0","2/9/2026 3:53:06 PM","","0","0","","False","",""
"3242","صمغ سائل gingko ","5","10","10","10","10","","","24","120","0","","True","False","False","0","0","0","","","","","","0","2/9/2026 3:53:06 PM","","0","0","","False","",""
"3243","طقم فرش artist 5","21.5","35","35","35","35","","","4","86","0","","True","False","False","0","0","0","","","","","","0","2/9/2026 3:53:06 PM","","0","0","","False","",""
"3244","طقم فرش رقم 1","16","30","30","30","30","","","5","80","0","","True","False","False","0","0","0","","","","","","0","2/9/2026 3:53:06 PM","","0","0","","False","",""
"3245","صلصال 12 قطعه ","13.5","20","20","20","20","","","30","405","0","","True","False","False","0","0","0","","","","","","0","2/9/2026 3:53:06 PM","","0","0","","False","",""
"3246","صلصال 24 قطعه مع نشابه +3 العاب ","37.5","55","55","55","55","","","9","337.5","0","","True","False","False","0","0","0","","","","","","0","2/9/2026 3:53:06 PM","","0","0","","False","",""
"3247","كشكول  فواصل 240 ورقه  monsح 6 subject   ","107","110","110","110","140","","","11","1177","0","","True","False","False","0","0","0","","","","","","0","2/9/2026 3:53:06 PM","","0","0","","False","",""
"3248","طقم هندسي natarag ","50","75","75","75","75","","","13","650","0","","True","False","False","0","0","0","","","","","","0","2/9/2026 3:53:06 PM","","0","0","","False","",""
"3249","الوان فابر كاسيل ميه 12 لون قصير ","36.5","55","55","55","55","","","6","219","0","","True","False","False","0","0","0","","","","","","0","2/9/2026 3:53:06 PM","","0","0","","False","",""
"3250","الوان زجاج b9106Gl","35","65","65","65","65","","","4","140","0","","True","False","False","0","0","0","","","","","","0","2/9/2026 3:53:06 PM","","0","0","","False","",""
"3251","كشكول a4 100 ميلاد ","24","30","30","30","30","","","16","384","0","","True","False","False","0","0","0","","","","","","0","2/9/2026 3:53:06 PM","","0","0","","False","",""
"3252","كشكول a4  ميلاد 80","22","27","27","27","28","","","10","220","0","","True","False","False","0","0","0","","","","","","0","2/9/2026 3:53:06 PM","","0","0","","False","",""
"3253","اهولاصق ","11","20","20","20","20","","","19","209","0","","True","False","False","0","0","0","","","","","","0","2/9/2026 3:53:06 PM","","0","0","","False","",""
"3254","a4 60ورقه مربعات كبير ","25","20","20","20","35","","","40","1000","0","","True","False","False","0","0","0","","","","","","0","2/9/2026 3:53:06 PM","","0","0","","False","",""
"3255","بالون كبير بالواحده ","2.5","5","5","5","5","","","20","50","0","","True","False","False","0","0","0","","","","","","0","2/9/2026 3:53:06 PM","","0","0","","False","",""
"3256","ورق تجليد الرزمه ","215","280","280","280","280","","","5","1075","0","","True","False","False","0","0","0","","","","","","0","2/9/2026 3:53:06 PM","","0","0","","False","",""
"3257","نوت سلك كبير A4 ","12","35","35","35","35","","","12","144","0","","True","False","False","0","0","0","","","","","","0","2/9/2026 3:53:06 PM","","0","0","","False","",""
"3258","كشكول انجليزي 60 ورقه A4","15","20","20","20","20","","","20","300","0","","True","False","False","0","0","0","","","","","","0","2/9/2026 3:53:06 PM","","0","0","","False","",""
"3259","نوت استك صغير ","11","20","20","20","20","","","6","66","0","","True","False","False","0","0","0","","","","","","0","2/9/2026 3:53:06 PM","","0","0","","False","",""
"3260","سماعه برطمان ","10","20","20","20","20","","","20","200","0","","True","False","False","0","0","0","","","","","","0","2/9/2026 3:53:06 PM","","0","0","","False","",""
"3261","شمع ارقام new ","5","7","7","7","10","","","400","2000","0","","True","False","False","0","0","0","","","","","","0","2/9/2026 3:53:06 PM","","0","0","","False","",""
"3262","طقيه اطفال عيد الميلاد","5","15","15","15","15","","","12","60","0","","True","False","False","0","0","0","","","","","","0","2/9/2026 3:53:06 PM","","0","0","","False","",""
"3263","مسك اطفال كرتون بالواحد  ","5","8","8","8","8","","","12","60","0","","True","False","False","0","0","0","","","","","","0","2/9/2026 3:53:06 PM","","0","0","","False","",""
"3264","لوحه كانسون مصري","10","10","10","10","25","","","150","3750","0","","True","False","False","0","0","0","","","0","1","0","0","2/9/2026 3:53:06 PM","","0","0","","False","",""
"3265","استيكه حصان ","5","10","10","10","10","","","45","225","0","","True","False","False","0","0","0","","","","","","0","2/9/2026 3:53:06 PM","","0","0","","False","",""
"3266","كابل ايفون PAVAREL ","12","30","30","30","30","","","10","120","0","","True","False","False","0","0","0","","","","","","0","2/9/2026 3:53:06 PM","","0","0","","False","",""
"3267","سبوره بلاستيك بريما ","17","30","30","30","30","","","6","102","0","","True","False","False","0","0","0","","","","","","0","2/9/2026 3:53:06 PM","","0","0","","False","",""
"3268","عداد اطفال","20.75","30","30","30","30","","","4","83","0","","True","False","False","0","0","0","","","","","","0","2/9/2026 3:53:06 PM","","0","0","","False","",""
"3269","استيكر اطفال 3d","7","20","20","20","25","","","72","504","0","","True","False","False","0","0","0","","","0","1","0","0","2/9/2026 3:53:06 PM","","0","0","","False","",""
"3270","تكت كبير ","10","15","15","15","18","","","53","530","0","","True","False","False","0","0","0","","","","","","0","2/9/2026 3:53:06 PM","","0","0","","False","",""
"3271","دباسه s-7","25","45","45","45","45","","","3","75","0","","True","False","False","0","0","0","","","","","","0","2/9/2026 3:53:06 PM","","0","0","","False","",""
"3272","مقلمه الرضا ","70","95","95","95","95","","","6","420","0","","True","False","False","0","0","0","","","","","","0","2/9/2026 3:53:06 PM","","0","0","","False","",""
"3273","مقلمه بناتي هدى 1","30","60","60","60","60","","","4","120","0","","True","False","False","0","0","0","","","","","","0","2/9/2026 3:53:06 PM","","0","0","","False","",""
"3274","مقلمه هدى 2","60","85","85","85","85","","","4","240","0","","True","False","False","0","0","0","","","","","","0","2/9/2026 3:53:06 PM","","0","0","","False","",""
"3275","مقلمه هدى ديزني","40","85","85","85","95","","","25","240","0","","True","False","False","0","0","0","","","0","1","0","0","2/9/2026 3:53:06 PM","","0","0","","False","",""
"3276","مقلمه هدى سوسته واحده","30","60","60","60","50","","","27","810","0","","True","False","False","0","0","0","","","","","","0","2/9/2026 3:53:06 PM","","0","0","","False","",""
"3277","مقلمه هدى25","8","20","20","20","20","","","24","192","0","","True","False","False","0","0","0","","","","","","0","2/9/2026 3:53:06 PM","","0","0","","False","",""
"3278","شاحن تايب سي ايفون  GOYROOM","50","100","100","100","100","","","2","100","0","","True","False","False","0","0","0","","","","","","0","2/9/2026 3:53:06 PM","","0","0","","False","",""
"3279","فرشه تلوين اابيض ","40","60","60","60","60","","","3","120","0","","True","False","False","0","0","0","","","","","","0","2/9/2026 3:53:06 PM","","0","0","","False","",""
"3280","طقم ختامه اطفال 8 قطع ","30","50","50","50","50","","","2","60","0","","True","False","False","0","0","0","","","","","","0","2/9/2026 3:53:06 PM","","0","0","","False","",""
"3281","علبة دبابيس الوان صغير ","10.5","10","10","10","20","","","22","231","0","","True","False","False","0","0","0","","","","","","0","2/9/2026 3:53:06 PM","","0","0","","False","",""
"3282","علبه عربيات حمرا مطافي ","75","125","125","125","125","","","2","150","0","","True","False","False","0","0","0","","","","","","0","2/9/2026 3:53:06 PM","","0","0","","False","",""
"3283","بندقيه خضرا ","65","95","95","95","95","","","4","260","0","","True","False","False","0","0","0","","","","","","0","2/9/2026 3:53:06 PM","","0","0","","False","",""
"3284","جردل مكعبات كبير ","125","165","165","165","185","","","4","500","0","","True","False","False","0","0","0","","","","","","0","2/9/2026 3:53:06 PM","","0","0","","False","",""
"3285","مسدس فل اصفر ","75","135","135","135","135","","","2","150","0","","True","False","False","0","0","0","","","","","","0","2/9/2026 3:53:06 PM","","0","0","","False","",""
"3286","علبة عروسه فروزن فساتين ","65","120","120","120","120","","","2","130","0","","True","False","False","0","0","0","","","","","","0","2/9/2026 3:53:06 PM","","0","0","","False","",""
"3287","كارت مطبخ سمك ","85","145","145","145","145","","","4","340","0","","True","False","False","0","0","0","","","","","","0","2/9/2026 3:53:06 PM","","0","0","","False","",""
"3288","كارت دكتور عروسه ","70","90","90","90","115","","","9","630","0","","True","False","False","0","0","0","","","","","","0","2/9/2026 3:53:06 PM","","0","0","","False","",""
"3289","الوان خشب 12 لون طويل kangaroo","27","40","40","40","40","","","3","81","0","","True","False","False","0","0","0","","","","","","0","2/9/2026 3:53:06 PM","","0","0","","False","",""
"3290","ارسم ولون دزني ","7","12","12","12","12","","","32","224","0","","True","False","False","0","0","0","","","","","","0","2/9/2026 3:53:06 PM","","0","0","","False","",""
"3291","قلم جيل kangarooo","8","13","13","13","13","","","20","160","0","","True","False","False","0","0","0","","","","","","0","2/9/2026 3:53:06 PM","","0","0","","False","",""
"3292","دبابيس دباسه staples","6.5","11","11","11","11","","","10","65","0","","True","False","False","0","0","0","","","","","","0","2/9/2026 3:53:06 PM","","0","0","","False","",""
"3293","ماركر مش بيمسح kangarooo","6","9","9","9","9","","","12","72","0","","True","False","False","0","0","0","","","","","","0","2/9/2026 3:53:06 PM","","0","0","","False","",""
"3294","قلم رصاص kangarooo ","3.1","6","6","6","6.5","","","10","31","0","","True","False","False","0","0","0","","","","","","0","2/9/2026 3:53:06 PM","","0","0","","False","",""
"3295","cadle ","10","20","20","20","20","","","10","100","0","","True","False","False","0","0","0","","","","","","0","2/9/2026 3:53:06 PM","","0","0","","False","",""
"3296","سماعه ياسون عظم ","22","45","45","45","70","","","17","374","0","","True","False","False","0","0","0","","","","","","0","2/9/2026 3:53:06 PM","","0","0","","False","",""
"3297","ماوس باد وسط ","17.5","35","35","35","35","","","2","35","0","","True","False","False","0","0","0","","","","","","0","2/9/2026 3:53:06 PM","","0","0","","False","",""
"3298","ماوس باد كبير zero","25","45","45","45","45","","","6","150","0","","True","False","False","0","0","0","","","","","","0","2/9/2026 3:53:06 PM","","0","0","","False","",""
"3299","شاحن عربيه سامسونج","60","110","110","110","110","","","5","300","0","","True","False","False","0","0","0","","","","","","0","2/9/2026 3:53:06 PM","","0","0","","False","",""
"3300","شمع عيد ميلاد حروف happy","15","20","20","20","25","","","70","1050","0","","True","False","False","0","0","0","","","","","","0","2/9/2026 3:53:06 PM","","0","0","","False","",""
"3301","علبة شمع عيد ميلاد","10","20","20","20","20","","","6","60","0","","True","False","False","0","0","0","","","","","","0","2/9/2026 3:53:06 PM","","0","0","","False","",""
"3302","شمع عيد ميلاد 10*1","20","20","20","20","35","","","6","60","0","","True","False","False","0","0","0","","","0","1","0","0","2/9/2026 3:53:06 PM","","0","0","","False","",""
"3303","فرع زينه عيد ميلاد","7.5","15","15","15","15","","","25","187.5","0","","True","False","False","0","0","0","","","","","","0","2/9/2026 3:53:06 PM","","0","0","","False","",""
"3304","كوب عيد ميلاد ","15","12","12","12","25","","","25","312.5","0","","True","False","False","0","0","0","","","0","1","0","0","2/9/2026 3:53:06 PM","","0","0","","False","",""
"3305","طوق عيد ميلاد","8","20","20","20","20","","","6","48","0","","True","False","False","0","0","0","","","","","","0","2/9/2026 3:53:06 PM","","0","0","","False","",""
"3306","كشكول a4 نص سنتي ","20","20","20","20","25","","","10","200","0","","True","False","False","0","0","0","","","","","","0","2/9/2026 3:53:06 PM","","0","0","","False","",""
"3307","كراسه لون","3.5","7","7","7","7","","","20","70","0","","True","False","False","0","0","0","","","","","","0","2/9/2026 3:53:06 PM","","0","0","","False","",""
"3308","كراسه ارسم ولون فراج صغير ","5","7","7","7","10","","","40","200","0","","True","False","False","0","0","0","","","","","","0","2/9/2026 3:53:06 PM","","0","0","","False","",""
"3309","صلصال + 5 لعبه ","32","25","25","25","55","","","9","288","0","","True","False","False","0","0","0","","","","","","0","2/9/2026 3:53:06 PM","","0","0","","False","",""
"3310","بلانش   كبير ","15","25","25","25","25","","","10","150","0","","True","False","False","0","0","0","","","","","","0","2/9/2026 3:53:06 PM","","0","0","","False","",""
"3311","كابل ايفون 2.","18","45","45","45","45","","","35","630","0","","True","False","False","0","0","0","","","","","","0","2/9/2026 3:53:06 PM","","0","0","","False","",""
"3312","كابل اندريت 20","13","45","45","45","45","","","20","260","0","","True","False","False","0","0","0","","","","","","0","2/9/2026 3:53:06 PM","","0","0","","False","",""
"3313","كابل دولفن ","11","35","35","35","35","","","10","110","0","","True","False","False","0","0","0","","","","","","0","2/9/2026 3:53:06 PM","","0","0","","False","",""
"3314","صب هديه ","200","250","250","250","250","","","3","600","0","","True","False","False","0","0","0","","","","","","0","2/9/2026 3:53:06 PM","","0","0","","False","",""
"3315","ماوس st 7","35","70","70","70","70","","","3","105","0","","True","False","False","0","0","0","","","","","","0","2/9/2026 3:53:06 PM","","0","0","","False","",""
"3316","شاحن ايفون  w109","40","85","85","85","95","","","12","480","0","","True","False","False","0","0","0","","","","","","0","2/9/2026 3:53:06 PM","","0","0","","False","",""
"3317","شاحن ايفون wc-66","75","145","145","145","145","","","2","150","0","","True","False","False","0","0","0","","","","","","0","2/9/2026 3:53:06 PM","","0","0","","False","",""
"3318","شاحن ايفون w109","40","100","100","100","100","","","2","80","0","","True","False","False","0","0","0","","","","","","0","2/9/2026 3:53:06 PM","","0","0","","False","",""
"3319","شاحن تيب سي w109","45","90","90","90","90","","","2","90","0","","True","False","False","0","0","0","","","","","","0","2/9/2026 3:53:06 PM","","0","0","","False","",""
"3320","مدفع على كارت ","60","100","100","100","100","","","2","120","0","","True","False","False","0","0","0","","","","","","0","2/9/2026 3:53:06 PM","","0","0","","False","",""
"3321","ليجو عربيات 346ق","165","245","245","245","270","","","8","1320","0","","True","False","False","0","0","0","","","","","","0","2/9/2026 3:53:06 PM","","0","0","","False","",""
"3322","عربيه بوليس باريموت بشحن","245","210","210","210","405","","","4","980","0","","True","False","False","0","0","0","","","","","","0","2/9/2026 3:53:06 PM","","0","0","","False","",""
"3323","شخصيات على كارت ","45","85","85","85","85","","","8","360","0","","True","False","False","0","0","0","","","","","","0","2/9/2026 3:53:06 PM","","0","0","","False","",""
"3324","شخصيات في علبه ","35","65","65","65","65","","","3","105","0","","True","False","False","0","0","0","","","","","","0","2/9/2026 3:53:06 PM","","0","0","","False","",""
"3325","عربيه jeep شحن","245","320","320","320","320","","","3","735","0","","True","False","False","0","0","0","","","","","","0","2/9/2026 3:53:06 PM","","0","0","","False","",""
"3326","كارت مسدس جامبو 2*1","85","145","145","145","165","","","4","340","0","","True","False","False","0","0","0","","","","","","0","2/9/2026 3:53:06 PM","","0","0","","False","",""
"3327","كارت دكتور اسنان 2","85","70","70","70","175","","","4","340","0","","True","False","False","0","0","0","","","","","","0","2/9/2026 3:53:06 PM","","0","0","","False","",""
"3328","بندقيه 4*1","60","105","105","105","105","","","4","240","0","","True","False","False","0","0","0","","","","","","0","2/9/2026 3:53:06 PM","","0","0","","False","",""
"3329","بندقيه 2*1","60","85","85","85","85","","","2","120","0","","True","False","False","0","0","0","","","","","","0","2/9/2026 3:53:06 PM","","0","0","","False","",""
"3330","اسبيدرمان اخضر مسدس ومسك ","55","105","105","105","105","","","5","275","0","","True","False","False","0","0","0","","","","","","0","2/9/2026 3:53:06 PM","","0","0","","False","",""
"3331","طقم مرايا على كارت ","55","85","85","85","85","","","2","110","0","","True","False","False","0","0","0","","","","","","0","2/9/2026 3:53:06 PM","","0","0","","False","",""
"3332","استيكر 3d جديد كبير","13.5","10","10","10","25","","","65","877.5","0","","True","False","False","0","0","0","","","","","","0","2/9/2026 3:53:06 PM","","0","0","","False","",""
"3333","جلو احمر 21 جرام ","10","15","15","15","15","","","178","1780","0","","True","False","False","0","0","0","","","","","","0","2/9/2026 3:53:06 PM","","0","0","","False","",""
"3334","صلصال +لعب ","11","18","18","18","18","","","6","66","0","","True","False","False","0","0","0","","","","","","0","2/9/2026 3:53:06 PM","","0","0","","False","",""
"3335","2 عروسه fashion","60","95","95","95","95","","","3","180","0","","True","False","False","0","0","0","","","","","","0","2/9/2026 3:53:06 PM","","0","0","","False","",""
"3336","كرت مشكل ولادي طياره وعربيه","70","95","95","95","105","","","6","420","0","","True","False","False","0","0","0","","","","","","0","2/9/2026 3:53:06 PM","","0","0","","False","",""
"3337","سماعه ef363","22","40","40","40","40","","","10","220","0","","True","False","False","0","0","0","","","","","","0","2/9/2026 3:53:06 PM","","0","0","","False","",""
"3338","سماعه ef358","25","45","45","45","45","","","10","250","0","","True","False","False","0","0","0","","","","","","0","2/9/2026 3:53:06 PM","","0","0","","False","",""
"3339","برفان strong with you ","50","95","95","95","95","","","5","250","0","","True","False","False","0","0","0","","","","","","0","2/9/2026 3:53:06 PM","","0","0","","False","",""
"3340","قلم حبرpower","10","20","20","20","20","","","81","688.5","0","","True","False","False","0","0","0","","","0","1","0","0","2/9/2026 3:53:06 PM","","0","0","","False","",""
"3341","شاحنه عليها شكل عربيات ","205","310","310","310","310","","","2","410","0","","True","False","False","0","0","0","","","","","","0","2/9/2026 3:53:06 PM","","0","0","","False","",""
"3342","عروسه فرديه ","65","120","120","120","120","","","2","130","0","","True","False","False","0","0","0","","","","","","0","2/9/2026 3:53:06 PM","","0","0","","False","",""
"3343","شاحنه مطافي باريموت شحن ","185","275","275","275","275","","","2","370","0","","True","False","False","0","0","0","","","","","","0","2/9/2026 3:53:06 PM","","0","0","","False","",""
"3344","طياره ريموت ارضي جيش ","110","175","175","175","175","","","2","220","0","","True","False","False","0","0","0","","","","","","0","2/9/2026 3:53:06 PM","","0","0","","False","",""
"3345","دبابه ريموت  شحن ","160","265","265","265","265","","","2","320","0","","True","False","False","0","0","0","","","","","","0","2/9/2026 3:53:06 PM","","0","0","","False","",""
"3346","عروسه مع اغرضها ببيرونه فرشه","160","250","250","250","250","","","6","960","0","","True","False","False","0","0","0","","","","","","0","2/9/2026 3:53:06 PM","","0","0","","False","",""
"3347","عروسه بيبي بوتي شامبوا","280","220","220","220","395","","","4","1120","0","","True","False","False","0","0","0","","","","","","0","2/9/2026 3:53:06 PM","","0","0","","False","",""
"3348","شبكه كور كبيره عدد صغير ","19","35","35","35","35","","","3","57","0","","True","False","False","0","0","0","","","","","","0","2/9/2026 3:53:06 PM","","0","0","","False","",""
"3349","سنون  0.7  ","4.1","7","7","7","10","","","200","820","0","","True","False","False","0","0","0","","","","","","0","2/9/2026 3:53:06 PM","","0","0","","False","",""
"3350","قلم جاف  BURO","5","5","5","5","7.5","","","171","855","0","","True","False","False","0","0","0","","","","","","0","2/9/2026 3:53:06 PM","","0","0","","False","",""
"3351","مستوى تالت ","1.5","3","3","3","3","","","48","72","0","","True","False","False","0","0","0","","","","","","0","2/9/2026 3:53:06 PM","","0","0","","False","",""
"3352","شنطة هدايا كبير عريض ","8","20","20","20","20","","","12","96","0","","True","False","False","0","0","0","","","","","","0","2/9/2026 3:53:06 PM","","0","0","","False","",""
"3353","اسكتش ابيض مصري ","30","25","25","25","50","","","80","2400","0","","True","False","False","0","0","0","","","0","1","0","0","2/9/2026 3:53:06 PM","","0","0","","False","",""
"3354","شمع اشكال عيد ميلاد 4*1","10","20","20","20","20","","","6","60","0","","True","False","False","0","0","0","","","","","","0","2/9/2026 3:53:06 PM","","0","0","","False","",""
"3355","ستارة هابي بيرث داي ","20","35","35","35","35","","","5","100","0","","True","False","False","0","0","0","","","","","","0","2/9/2026 3:53:06 PM","","0","0","","False","",""
"3356","واصلة ايفون INKAX","40","55","55","55","65","","","27","1080","0","","True","False","False","0","0","0","","","","","","0","2/9/2026 3:53:06 PM","","0","0","","False","",""
"3357","واصلة تايب سي  INKAX","10","55","55","55","55","","","30","300","0","","True","False","False","0","0","0","","","","","","0","2/9/2026 3:53:06 PM","","0","0","","False","",""
"3358","برفان MARCDES ","58","100","100","100","100","","","2","116","0","","True","False","False","0","0","0","","","","","","0","2/9/2026 3:53:06 PM","","0","0","","False","",""
"3359","برفان INVICTUS ","65","120","120","120","120","","","2","130","0","","True","False","False","0","0","0","","","","","","0","2/9/2026 3:53:06 PM","","0","0","","False","",""
"3360","برفان ALLORA HOMME","64","110","110","110","110","","","2","128","0","","True","False","False","0","0","0","","","","","","0","2/9/2026 3:53:06 PM","","0","0","","False","",""
"3361","candle","15","25","25","25","25","","","45","675","0","","True","False","False","0","0","0","","","","","","0","2/9/2026 3:53:06 PM","","0","0","","False","",""
"3362","هاندفري solomc جلد ","65","130","130","130","100","","","9","585","0","","True","False","False","0","0","0","","","","","","0","2/9/2026 3:53:06 PM","","0","0","","False","",""
"3363","سماعه solo عظم ","75","135","135","135","135","","","6","450","0","","True","False","False","0","0","0","","","","","","0","2/9/2026 3:53:06 PM","","0","0","","False","",""
"3364","كابل ايفون لاين","135","185","185","185","200","","","21","2835","0","","True","False","False","0","0","0","","","","","","0","2/9/2026 3:53:06 PM","","0","0","","False","",""
"3365","كابل تيب سي لايت ","130","170","170","170","195","","","8","1040","0","","True","False","False","0","0","0","","","","","","0","2/9/2026 3:53:06 PM","","0","0","","False","",""
"3366","كابل تيب سي بيفصل","100","170","170","170","150","","","4","400","0","","True","False","False","0","0","0","","","","","","0","2/9/2026 3:53:06 PM","","0","0","","False","",""
"3367","سماعه ايفوت بلوتوث ","55","165","165","165","130","","","6","330","0","","True","False","False","0","0","0","","","","","","0","2/9/2026 3:53:06 PM","","0","0","","False","",""
"3368","كرت عربيات جيش مشكل 12 قطع ","75","130","130","130","135","","","6","450","0","","True","False","False","0","0","0","","","","","","0","2/9/2026 3:53:06 PM","","0","0","","False","",""
"3369","كرت 2 عروسه تليفون عربيه جيلاتي ","75","130","130","130","130","","","2","150","0","","True","False","False","0","0","0","","","","","","0","2/9/2026 3:53:06 PM","","0","0","","False","",""
"3370","مسدس +مسك سبيدر مان","55","90","90","90","90","","","3","165","0","","True","False","False","0","0","0","","","","","","0","2/9/2026 3:53:06 PM","","0","0","","False","",""
"3371","كرت 6 عربيات","35","55","55","55","60","","","8","280","0","","True","False","False","0","0","0","","","","","","0","2/9/2026 3:53:06 PM","","0","0","","False","",""
"3372","طقم عربيات نضافه stop ","55","95","95","95","95","","","6","330","0","","True","False","False","0","0","0","","","","","","0","2/9/2026 3:53:06 PM","","0","0","","False","",""
"3373","كرت طيارات + عربيات ","55","90","90","90","90","","","6","330","0","","True","False","False","0","0","0","","","","","","0","2/9/2026 3:53:06 PM","","0","0","","False","",""
"3374","ماوس وير لس gammr GT-153","85","130","130","130","130","","","6","510","0","","True","False","False","0","0","0","","","","","","0","2/9/2026 3:53:06 PM","","0","0","","False","",""
"3375","ماوس  نور   GAMMR GT-108","45","75","75","75","75","","","6","270","0","","True","False","False","0","0","0","","","","","","0","2/9/2026 3:53:06 PM","","0","0","","False","",""
"3376","trunk hot wheels بلاستيك  6 CARS ","145","245","245","245","245","","","3","435","0","","True","False","False","0","0","0","","","","","","0","2/9/2026 3:53:06 PM","","0","0","","False","",""
"3377","ليجو 157","235","260","260","260","330","","","7","1645","0","","True","False","False","0","0","0","","","","","","0","2/9/2026 3:53:06 PM","","0","0","","False","",""
"3378","جيتار ضياء ","290","395","395","395","395","","","3","870","0","","True","False","False","0","0","0","","","","","","0","2/9/2026 3:53:06 PM","","0","0","","False","",""
"3379","علبة دبوس الوان ","14","25","25","25","25","","","4","56","0","","True","False","False","0","0","0","","","","","","0","2/9/2026 3:53:06 PM","","0","0","","False","",""
"3380","بلانشه ديزني ","17","22","22","22","35","","","10","170","0","","True","False","False","0","0","0","","","","","","0","2/9/2026 3:53:06 PM","","0","0","","False","",""
"3381","بلاته خشب بالواحده ","11.5","27","27","27","27","","","8","92","0","","True","False","False","0","0","0","","","","","","0","2/9/2026 3:53:06 PM","","0","0","","False","",""
"3382","واصلة ايفون SS200","35","65","65","65","65","","","10","350","0","","True","False","False","0","0","0","","","","","","0","2/9/2026 3:53:06 PM","","0","0","","False","",""
"3383","واصلة تايب سي SZX","35","65","65","65","65","","","10","350","0","","True","False","False","0","0","0","","","","","","0","2/9/2026 3:53:06 PM","","0","0","","False","",""
"3384","واصلة ايفون AUX ","45","85","85","85","85","","","2","90","0","","True","False","False","0","0","0","","","","","","0","2/9/2026 3:53:06 PM","","0","0","","False","",""
"3385","قلم سبوره اطفال  جديد بالواحد ","3","6","6","6","6","","","24","72","0","","True","False","False","0","0","0","","","","","","0","2/9/2026 3:53:06 PM","","0","0","","False","",""
"3386","نوته سلك كبير جديد","40","60","60","60","60","","","3","120","0","","True","False","False","0","0","0","","","","","","0","2/9/2026 3:53:06 PM","","0","0","","False","",""
"3387","قلم جل بولو","5","12","12","12","12","","","24","120","0","","True","False","False","0","0","0","","","","","","0","2/9/2026 3:53:06 PM","","0","0","","False","",""
"3388","واصله تايب سي AUX","25","60","60","60","60","","","4","100","0","","True","False","False","0","0","0","","","","","","0","2/9/2026 3:53:06 PM","","0","0","","False","",""
"3389","كشكول سلك 100 ورقه a4 جديد ","23","30","30","30","30","","","20","460","0","","True","False","False","0","0","0","","","","","","0","2/9/2026 3:53:06 PM","","0","0","","False","",""
"3390","كشكوا سلك 60 ورقه a4 جديد مش شغال","17","23","23","23","23","","","20","340","0","","True","False","False","0","0","0","","","","","","0","2/9/2026 3:53:06 PM","","0","0","","False","",""
"3391","الوان خشب 12 لون قصير animal ","7","15","15","15","15","","","12","84","0","","True","False","False","0","0","0","","","","","","0","2/9/2026 3:53:06 PM","","0","0","","False","",""
"3392","استيك نوت صغير مخطط","8.75","15","15","15","15","","","12","105","0","","True","False","False","0","0","0","","","","","","0","2/9/2026 3:53:06 PM","","0","0","","False","",""
"3393","الوان حجر ميه بالفرشه ","15","30","30","30","30","","","6","90","0","","True","False","False","0","0","0","","","","","","0","2/9/2026 3:53:06 PM","","0","0","","False","",""
"3394","كشكول 80 ورقه مربعات كبير ","15","15","15","15","20","","","50","750","0","","True","False","False","0","0","0","","","","","","0","2/9/2026 3:53:06 PM","","0","0","","False","",""
"3395","هاي ليتر بريما بالواحد","4.5","10","10","10","10","","","40","180","0","","True","False","False","0","0","0","","","","","","0","2/9/2026 3:53:06 PM","","0","0","","False","",""
"3396","واصلة تايب سي pavarel ","17.5","45","45","45","45","","","10","175","0","","True","False","False","0","0","0","","","","","","0","2/9/2026 3:53:06 PM","","0","0","","False","",""
"3397","واصلة اندرويد dc73","20","50","50","50","55","","","22","440","0","","True","False","False","0","0","0","","","","","","0","2/9/2026 3:53:06 PM","","0","0","","False","",""
"3398","مقص J701","5","10","10","10","10","","","22","110","0","","True","False","False","0","0","0","","","","","","0","2/9/2026 3:53:06 PM","","0","0","","False","",""
"3399","اسكتش الوان مصري كانسون ","45","35","35","35","65","","","25","5850","0","","True","False","False","0","0","0","","","0","1","0","0","2/9/2026 3:53:06 PM","","0","0","","False","",""
"3400","وصله اندريد k3","11","35","35","35","35","","","20","220","0","","True","False","False","0","0","0","","","","","","0","2/9/2026 3:53:06 PM","","0","0","","False","",""
"3401","كارت تلاجه ","55","95","95","95","95","","","2","110","0","","True","False","False","0","0","0","","","","","","0","2/9/2026 3:53:06 PM","","0","0","","False","",""
"3402","كارت نظافه صفير ","60","90","90","90","95","","","4","240","0","","True","False","False","0","0","0","","","","","","0","2/9/2026 3:53:06 PM","","0","0","","False","",""
"3403","مسدس 4*1كارت ","75","145","145","145","165","","","5","375","0","","True","False","False","0","0","0","","","","","","0","2/9/2026 3:53:06 PM","","0","0","","False","",""
"3404","كارت بطيخ ","55","95","95","95","95","","","2","110","0","","True","False","False","0","0","0","","","","","","0","2/9/2026 3:53:06 PM","","0","0","","False","",""
"3405","بالون هليوم عيد ميلاد 7*1","15","25","25","25","25","","","7","105","0","","True","False","False","0","0","0","","","","","","0","2/9/2026 3:53:06 PM","","0","0","","False","",""
"3406","كيس زماره 1*6","17.5","20","20","20","35","","","40","600","0","","True","False","False","0","0","0","","","0","1","0","0","2/9/2026 3:53:06 PM","","0","0","","False","",""
"3407","شمع عيدميلاد لوكس  ","15","20","20","20","20","","","6","90","0","","True","False","False","0","0","0","","","","","","0","2/9/2026 3:53:06 PM","","0","0","","False","",""
"3408","شمع هابي حروف ","20","25","25","25","30","","","16","320","0","","True","False","False","0","0","0","","","","","","0","2/9/2026 3:53:06 PM","","0","0","","False","",""
"3409","شمع دهبي لوكس ","12.5","20","20","20","25","","","5","62.5","0","","True","False","False","0","0","0","","","0","1","0","0","2/9/2026 3:53:06 PM","","0","0","","False","",""
"3410","فانوس خيامي اطفال صوت صغير ","55","80","80","80","80","","","6","330","0","","True","False","False","0","0","0","","","","","","0","2/9/2026 3:53:06 PM","","0","0","","False","",""
"3411","فانوس خيامي اطفال صوت كبير ","65","95","95","95","115","","","7","455","0","","True","False","False","0","0","0","","","","","","0","2/9/2026 3:53:06 PM","","0","0","","False","",""
"3412","جامع كبير نور +رمضان كريم","80","115","115","115","135","","","9","720","0","","True","False","False","0","0","0","","","","","","0","2/9/2026 3:53:06 PM","","0","0","","False","",""
"3413","هلال جامع نور كبير ","65","100","100","100","100","","","6","390","0","","True","False","False","0","0","0","","","","","","0","2/9/2026 3:53:06 PM","","0","0","","False","",""
"3414","رمضان كريم ليد نور","90","125","125","125","140","","","15","1350","0","","True","False","False","0","0","0","","","","","","0","2/9/2026 3:53:06 PM","","0","0","","False","",""
"3415","فانوس اشكال ولاد وبنات ","55","85","85","85","100","","","6","330","0","","True","False","False","0","0","0","","","","","","0","2/9/2026 3:53:06 PM","","0","0","","False","",""
"3416","فانوس خشب زان صغير ","33","55","55","55","55","","","6","198","0","","True","False","False","0","0","0","","","","","","0","2/9/2026 3:53:06 PM","","0","0","","False","",""
"3417","فرع خيامي 5م 2023","5","10","10","10","10","","","84","420","0","","True","False","False","0","0","0","","","","","","0","2/9/2026 3:53:06 PM","","0","0","","False","",""
"3418","عروسه رمضان على اسكوتر ","165","225","225","225","225","","","2","330","0","","True","False","False","0","0","0","","","","","","0","2/9/2026 3:53:06 PM","","0","0","","False","",""
"3419","عروسه ماشا هلال ","105","175","175","175","175","","","2","210","0","","True","False","False","0","0","0","","","","","","0","2/9/2026 3:53:06 PM","","0","0","","False","",""
"3420","فانوس كيتي جيتار ","110","165","165","165","165","","","2","220","0","","True","False","False","0","0","0","","","","","","0","2/9/2026 3:53:06 PM","","0","0","","False","",""
"3421","عروسه ميكي رمضان ","115","170","170","170","170","","","2","230","0","","True","False","False","0","0","0","","","","","","0","2/9/2026 3:53:06 PM","","0","0","","False","",""
"3422","فانوس اسبيدر مان عربيه ","65","95","95","95","95","","","2","130","0","","True","False","False","0","0","0","","","","","","0","2/9/2026 3:53:06 PM","","0","0","","False","",""
"3423","اسكوتر رمضان 1 ","85","135","135","135","135","","","1","85","0","","True","False","False","0","0","0","","","","","","0","2/9/2026 3:53:06 PM","","0","0","","False","",""
"3424","فانوس رمضان باز يطير ","95","145","145","145","145","","","2","190","0","","True","False","False","0","0","0","","","","","","0","2/9/2026 3:53:06 PM","","0","0","","False","",""
"3425","باتمان اسكوتر رمضان ","65","95","95","95","95","","","2","130","0","","True","False","False","0","0","0","","","","","","0","2/9/2026 3:53:06 PM","","0","0","","False","",""
"3426","باربي فانوس ","120","185","185","185","185","","","2","240","0","","True","False","False","0","0","0","","","","","","0","2/9/2026 3:53:06 PM","","0","0","","False","",""
"3427","باترول فانوس ","85","165","165","165","165","","","2","170","0","","True","False","False","0","0","0","","","","","","0","2/9/2026 3:53:06 PM","","0","0","","False","",""
"3428","عاروسه فانوس فروزن ","110","195","195","195","195","","","2","220","0","","True","False","False","0","0","0","","","","","","0","2/9/2026 3:53:06 PM","","0","0","","False","",""
"3429","شنطه عربيه ريموت فتح ابواب ","320","350","350","350","485","","","9","2880","0","","True","False","False","0","0","0","","","","","","0","2/9/2026 3:53:06 PM","","0","0","","False","",""
"3430","حبل معدن دهبي اشكال حبل اسود ","48","75","75","75","95","","","6","288","0","","True","False","False","0","0","0","","","","","","0","2/9/2026 3:53:06 PM","","0","0","","False","",""
"3431","زينه خيامي 7 متر مستورد","15","20","20","20","25","","","72","756","0","","True","False","False","0","0","0","","","0","1","0","0","2/9/2026 3:53:06 PM","","0","0","","False","",""
"3432","زينه كرتون كنافه وفول ","10","20","20","20","20","","","9","90","0","","True","False","False","0","0","0","","","","","","0","2/9/2026 3:53:06 PM","","0","0","","False","",""
"3433","زينه هلالونجمه ","10","20","20","20","20","","","9","90","0","","True","False","False","0","0","0","","","","","","0","2/9/2026 3:53:06 PM","","0","0","","False","",""
"3434","زينه مربعه اشكال ","11","22","22","22","22","","","9","99","0","","True","False","False","0","0","0","","","","","","0","2/9/2026 3:53:06 PM","","0","0","","False","",""
"3435","زينه كرتون شخصيات مثلثه ","15","25","25","25","25","","","35","525","0","","True","False","False","0","0","0","","","","","","0","2/9/2026 3:53:06 PM","","0","0","","False","",""
"3436","هلا ونجمه صغير ","12","25","25","25","25","","","9","108","0","","True","False","False","0","0","0","","","","","","0","2/9/2026 3:53:06 PM","","0","0","","False","",""
"3437","زينه فنانيس ","11","25","25","25","25","","","9","99","0","","True","False","False","0","0","0","","","","","","0","2/9/2026 3:53:06 PM","","0","0","","False","",""
"3438","سريه هلال وفانوس جامبو ","52","90","90","90","105","","","3","156","0","","True","False","False","0","0","0","","","","","","0","2/9/2026 3:53:06 PM","","0","0","","False","",""
"3439","فرع فانوس دهبي وفضي ","38","65","65","65","65","","","3","114","0","","True","False","False","0","0","0","","","","","","0","2/9/2026 3:53:06 PM","","0","0","","False","",""
"3440","علبه نور لد صغير ","40","85","85","85","95","","","3","120","0","","True","False","False","0","0","0","","","","","","0","2/9/2026 3:53:06 PM","","0","0","","False","",""
"3441","نجمه هلال عبله سوده كبير ","115","175","175","175","175","","","3","345","0","","True","False","False","0","0","0","","","","","","0","2/9/2026 3:53:06 PM","","0","0","","False","",""
"3442","مادليا فانوس ","5.5","10","10","10","10","","","12","66","0","","True","False","False","0","0","0","","","","","","0","2/9/2026 3:53:06 PM","","0","0","","False","",""
"3443","y665","62","140","140","140","120","","","3","186","0","","True","False","False","0","0","0","","","","","","0","2/9/2026 3:53:06 PM","","0","0","","False","",""
"3444","celebrat","25","65","65","65","65","","","12","300","0","","True","False","False","0","0","0","","","","","","0","2/9/2026 3:53:06 PM","","0","0","","False","",""
"3445","szx","75","150","150","150","150","","","5","375","0","","True","False","False","0","0","0","","","","","","0","2/9/2026 3:53:06 PM","","0","0","","False","",""
"3446","save micro sc-03","25","70","70","70","70","","","3","75","0","","True","False","False","0","0","0","","","","","","0","2/9/2026 3:53:06 PM","","0","0","","False","",""
"3447","moxom typc","35","60","60","60","60","","","6","210","0","","True","False","False","0","0","0","","","","","","0","2/9/2026 3:53:06 PM","","0","0","","False","",""
"3448","pantone","38","75","75","75","75","","","6","228","0","","True","False","False","0","0","0","","","","","","0","2/9/2026 3:53:06 PM","","0","0","","False","",""
"3449","d 36","35","65","65","65","65","","","5","175","0","","True","False","False","0","0","0","","","","","","0","2/9/2026 3:53:06 PM","","0","0","","False","",""
"3450","listen bass","75","140","140","140","140","","","8","600","0","","True","False","False","0","0","0","","","","","","0","2/9/2026 3:53:06 PM","","0","0","","False","",""
"3451","سماعه علبه صغير","25","50","50","50","50","","","16","400","0","","True","False","False","0","0","0","","","","","","0","2/9/2026 3:53:06 PM","","0","0","","False","",""
"3452","سماعه كيس احمر","20","40","40","40","40","","","6","120","0","","True","False","False","0","0","0","","","","","","0","2/9/2026 3:53:06 PM","","0","0","","False","",""
"3453","ولاعه bleuthooth","275","375","375","375","375","","","4","1100","0","","True","False","False","0","0","0","","","","","","0","2/9/2026 3:53:06 PM","","0","0","","False","",""
"3454","شاحن كامل","35","80","80","80","80","","","20","700","0","","True","False","False","0","0","0","","","","","","0","2/9/2026 3:53:06 PM","","0","0","","False","",""
"3455","شاحن 3 راس","30","65","65","65","65","","","6","180","0","","True","False","False","0","0","0","","","","","","0","2/9/2026 3:53:06 PM","","0","0","","False","",""
"3456","فلاشه 2 في 1","35","70","70","70","70","","","5","175","0","","True","False","False","0","0","0","","","","","","0","2/9/2026 3:53:06 PM","","0","0","","False","",""
"3457","فلاشه type c","30","65","65","65","65","","","5","150","0","","True","False","False","0","0","0","","","","","","0","2/9/2026 3:53:06 PM","","0","0","","False","",""
"3458","rock","30","65","65","65","65","","","4","120","0","","True","False","False","0","0","0","","","","","","0","2/9/2026 3:53:06 PM","","0","0","","False","",""
"3459","blue m14","40","70","70","70","70","","","4","160","0","","True","False","False","0","0","0","","","","","","0","2/9/2026 3:53:06 PM","","0","0","","False","",""
"3460","yz 102","35","60","60","60","60","","","6","210","0","","True","False","False","0","0","0","","","","","","0","2/9/2026 3:53:06 PM","","0","0","","False","",""
"3461","ls 60","40","80","80","80","80","","","6","240","0","","True","False","False","0","0","0","","","","","","0","2/9/2026 3:53:06 PM","","0","0","","False","",""
"3462","سماعه oraimo","25","45","45","45","45","","","14","350","0","","True","False","False","0","0","0","","","","","","0","2/9/2026 3:53:06 PM","","0","0","","False","",""
"3463","قلم رصاص اسود دومس كربون ","5","6","6","6","8","","","160","800","0","","True","False","False","0","0","0","","","0","1","0","0","2/9/2026 3:53:06 PM","","0","0","","False","",""
"3464","دابل فيس اصفر 1 متر ","16","30","30","30","30","","","6","96","0","","True","False","False","0","0","0","","","","","","0","2/9/2026 3:53:06 PM","","0","0","","False","",""
"3465","دابسه 204 eqgle","84","60","60","60","125","","","7","588","0","","True","False","False","0","0","0","","","","","","0","2/9/2026 3:53:06 PM","","0","0","","False","",""
"3466","ورد عيد الام ","1","5","5","5","5","","","72","72","0","","True","False","False","0","0","0","","","","","","0","2/9/2026 3:53:06 PM","","0","0","","False","",""
"3467","مسدس قناصه كور","85","140","140","140","140","","","2","170","0","","True","False","False","0","0","0","","","","","","0","2/9/2026 3:53:06 PM","","0","0","","False","",""
"3468","مسدس قناصه + 2 مسدس  +طاسه","65","110","110","110","110","","","3","195","0","","True","False","False","0","0","0","","","","","","0","2/9/2026 3:53:06 PM","","0","0","","False","",""
"3469","مسدس خرز امن دوله ","43","80","80","80","80","","","6","258","0","","True","False","False","0","0","0","","","","","","0","2/9/2026 3:53:06 PM","","0","0","","False","",""
"3470","مسدس عسكري صوت اشكال ","75","125","125","125","135","","","11","825","0","","True","False","False","0","0","0","","","","","","0","2/9/2026 3:53:06 PM","","0","0","","False","",""
"3471","كرت مسدس 5*1 ","85","130","130","130","185","","","5","425","0","","True","False","False","0","0","0","","","","","","0","2/9/2026 3:53:06 PM","","0","0","","False","",""
"3472","كرت طرطه ","65","100","100","100","100","","","2","130","0","","True","False","False","0","0","0","","","","","","0","2/9/2026 3:53:06 PM","","0","0","","False","",""
"3473","كيس سهم ","60","95","95","95","95","","","3","180","0","","True","False","False","0","0","0","","","","","","0","2/9/2026 3:53:06 PM","","0","0","","False","",""
"3474","كرت نشان حيوانات 3*1","50","90","90","90","105","","","4","200","0","","True","False","False","0","0","0","","","","","","0","2/9/2026 3:53:06 PM","","0","0","","False","",""
"3475","كرت مسدس 2*1 طلق قناص","45","85","85","85","85","","","3","135","0","","True","False","False","0","0","0","","","","","","0","2/9/2026 3:53:06 PM","","0","0","","False","",""
"3476","كيس عربيات 4*1 معدات ","50","130","130","130","125","","","8","400","0","","True","False","False","0","0","0","","","","","","0","2/9/2026 3:53:06 PM","","0","0","","False","",""
"3477","كرت مسدس سهم ","85","95","95","95","180","","","7","595","0","","True","False","False","0","0","0","","","","","","0","2/9/2026 3:53:06 PM","","0","0","","False","",""
"3478","كرت مسدس كور مضرب","55","90","90","90","90","","","4","220","0","","True","False","False","0","0","0","","","","","","0","2/9/2026 3:53:06 PM","","0","0","","False","",""
"3479","كارت دكتور بيبي ","100","160","160","160","185","","","2","200","0","","True","False","False","0","0","0","","","","","","0","2/9/2026 3:53:06 PM","","0","0","","False","",""
"3480","كيس شحانات نضافه ","55","85","85","85","85","","","6","330","0","","True","False","False","0","0","0","","","","","","0","2/9/2026 3:53:06 PM","","0","0","","False","",""
"3481","عروسه فردي مع عجله ","115","145","145","145","145","","","2","230","0","","True","False","False","0","0","0","","","","","","0","2/9/2026 3:53:06 PM","","0","0","","False","",""
"3482","عروسه فرد لوحده ","105","135","135","135","155","","","2","210","0","","True","False","False","0","0","0","","","","","","0","2/9/2026 3:53:06 PM","","0","0","","False","",""
"3483","مسدس كانز ","170","225","225","225","255","","","4","680","0","","True","False","False","0","0","0","","","","","","0","2/9/2026 3:53:06 PM","","0","0","","False","",""
"3484","مسدس ديناسور ","165","245","245","245","245","","","2","330","0","","True","False","False","0","0","0","","","","","","0","2/9/2026 3:53:06 PM","","0","0","","False","",""
"3485","عربيه باجي ","215","285","285","285","285","","","2","430","0","","True","False","False","0","0","0","","","","","","0","2/9/2026 3:53:06 PM","","0","0","","False","",""
"3486","عروسه فرد مع مرايا ","105","140","140","140","165","","","1","105","0","","True","False","False","0","0","0","","","","","","0","2/9/2026 3:53:06 PM","","0","0","","False","",""
"3487","عربيه شحن فتح ابوب ","250","385","385","385","385","","","3","540","0","","True","False","False","0","0","0","","","0","1","0","0","2/9/2026 3:53:06 PM","","0","0","","False","",""
"3488","مسدس طياره ","48","75","75","75","75","","","2","96","0","","True","False","False","0","0","0","","","","","","0","2/9/2026 3:53:06 PM","","0","0","","False","",""
"3489","طقم نجار ومهندس ","140","165","165","165","185","","","4","560","0","","True","False","False","0","0","0","","","","","","0","2/9/2026 3:53:06 PM","","0","0","","False","",""
"3490","مسدس صوت رشاش علبه ","105","195","195","195","195","","","2","210","0","","True","False","False","0","0","0","","","","","","0","2/9/2026 3:53:06 PM","","0","0","","False","",""
"3491","مسدس صوت كلاش ن كوف ","120","185","185","185","185","","","2","240","0","","True","False","False","0","0","0","","","","","","0","2/9/2026 3:53:06 PM","","0","0","","False","",""
"3492","مسدس هشام نصر ","260","350","350","350","375","","","5","1300","0","","True","False","False","0","0","0","","","","","","0","2/9/2026 3:53:06 PM","","0","0","","False","",""
"3493","عروسه هشام نصر ","140","195","195","195","195","","","5","700","0","","True","False","False","0","0","0","","","","","","0","2/9/2026 3:53:06 PM","","0","0","","False","",""
"3494","عروسه جزمه هشام نصر ","70","105","105","105","105","","","3","210","0","","True","False","False","0","0","0","","","","","","0","2/9/2026 3:53:06 PM","","0","0","","False","",""
"3495","مسدس كور هشام نصر ","200","285","285","285","285","","","2","400","0","","True","False","False","0","0","0","","","","","","0","2/9/2026 3:53:06 PM","","0","0","","False","",""
"3496","مسدس صوت باباجي هشام نصر ","175","265","265","265","265","","","4","700","0","","True","False","False","0","0","0","","","","","","0","2/9/2026 3:53:06 PM","","0","0","","False","",""
"3497","كارت ميكب هشام نصر ","30","60","60","60","60","","","6","180","0","","True","False","False","0","0","0","","","","","","0","2/9/2026 3:53:06 PM","","0","0","","False","",""
"3498","عروسه علبه هشام نصر ","65","100","100","100","100","","","3","195","0","","True","False","False","0","0","0","","","","","","0","2/9/2026 3:53:06 PM","","0","0","","False","",""
"3499","عروسه صغيره هشام نصر استاند ","40","75","75","75","75","","","18","720","0","","True","False","False","0","0","0","","","","","","0","2/9/2026 3:53:06 PM","","0","0","","False","",""
"3500","كيس خرز مسدس ","50","5","5","5","5","","","20","1000","0","","True","False","False","0","0","0","","","","","","0","2/9/2026 3:53:06 PM","","0","0","","False","",""
"3501","نشان رمح ","100","185","185","185","205","","","4","400","0","","True","False","False","0","0","0","","","","","","0","2/9/2026 3:53:06 PM","","0","0","","False","",""
"3502","وصله تيب سي بتفصل لوحده ","40","120","120","120","120","","","6","240","0","","True","False","False","0","0","0","","","","","","0","2/9/2026 3:53:06 PM","","0","0","","False","",""
"3503","وصله ايفون بتفصل لوحدها ","40","135","135","135","100","","","7","280","0","","True","False","False","0","0","0","","","","","","0","2/9/2026 3:53:06 PM","","0","0","","False","",""
"3504","الوان خشب علبه  12صفرا قصير","7","20","20","20","20","","","12","84","0","","True","False","False","0","0","0","","","","","","0","2/9/2026 3:53:06 PM","","0","0","","False","",""
"3505","بندقيه بازوكا","185","250","250","250","250","","","2","370","0","","True","False","False","0","0","0","","","","","","0","2/9/2026 3:53:06 PM","","0","0","","False","",""
"3506","عربيه مط شحن الوان ","310","410","410","410","525","","","3","930","0","","True","False","False","0","0","0","","","","","","0","2/9/2026 3:53:06 PM","","0","0","","False","",""
"3507","مسدس ازرق متعدد فل ","290","420","420","420","420","","","2","580","0","","True","False","False","0","0","0","","","","","","0","2/9/2026 3:53:06 PM","","0","0","","False","",""
"3508","مسدس فل اصلي ","90","165","165","165","165","","","3","270","0","","True","False","False","0","0","0","","","","","","0","2/9/2026 3:53:06 PM","","0","0","","False","",""
"3509","ليجو 272قطعه شخصيات ","185","265","265","265","265","","","2","370","0","","True","False","False","0","0","0","","","","","","0","2/9/2026 3:53:06 PM","","0","0","","False","",""
"3510","ليجو شخصيات 240قطعه","190","240","240","240","240","","","2","380","0","","True","False","False","0","0","0","","","","","","0","2/9/2026 3:53:06 PM","","0","0","","False","",""
"3511","ليجو سونك 180 قطعه","230","260","260","260","320","","","2","460","0","","True","False","False","0","0","0","","","","","","0","2/9/2026 3:53:06 PM","","0","0","","False","",""
"3512","ليجو بنات 177 او 183 ","190","280","280","280","280","","","4","760","0","","True","False","False","0","0","0","","","","","","0","2/9/2026 3:53:06 PM","","0","0","","False","",""
"3513","بندقيه كور 2مخرج","275","350","350","350","350","","","2","550","0","","True","False","False","0","0","0","","","","","","0","2/9/2026 3:53:06 PM","","0","0","","False","",""
"3514","اي دينتيكال ","42","95","95","95","95","","","8","336","0","","True","False","False","0","0","0","","","","","","0","2/9/2026 3:53:06 PM","","0","0","","False","",""
"3515","قول اواعمل ","120","195","195","195","195","","","3","360","0","","True","False","False","0","0","0","","","","","","0","2/9/2026 3:53:06 PM","","0","0","","False","",""
"3516","كيبورد ويرلس ","115","145","145","145","145","","","2","230","0","","True","False","False","0","0","0","","","","","","0","2/9/2026 3:53:06 PM","","0","0","","False","",""
"3517","ماوس ويرلس 4G","95","160","160","160","160","","","6","570","0","","True","False","False","0","0","0","","","","","","0","2/9/2026 3:53:06 PM","","0","0","","False","",""
"3518","ماوس golden king","60","95","95","95","95","","","9","540","0","","True","False","False","0","0","0","","","","","","0","2/9/2026 3:53:06 PM","","0","0","","False","",""
"3519","ماوس نور ","45","120","120","120","120","","","3","135","0","","True","False","False","0","0","0","","","","","","0","2/9/2026 3:53:06 PM","","0","0","","False","",""
"3520","PHسامعه ","20","35","35","35","35","","","20","400","0","","True","False","False","0","0","0","","","","","","0","2/9/2026 3:53:06 PM","","0","0","","False","",""
"3521","هاند فري 381","45","75","75","75","75","","","15","675","0","","True","False","False","0","0","0","","","","","","0","2/9/2026 3:53:06 PM","","0","0","","False","",""
"3522","كابل اندريد 5","40","60","60","60","60","","","3","120","0","","True","False","False","0","0","0","","","","","","0","2/9/2026 3:53:06 PM","","0","0","","False","",""
"3523","ايوكس ايفون ","50","95","95","95","95","","","10","500","0","","True","False","False","0","0","0","","","","","","0","2/9/2026 3:53:06 PM","","0","0","","False","",""
"3524","كونفرت تيب سي ","40","80","80","80","80","","","5","200","0","","True","False","False","0","0","0","","","","","","0","2/9/2026 3:53:06 PM","","0","0","","False","",""
"3525","كابل ايفون 3","20","65","65","65","65","","","20","400","0","","True","False","False","0","0","0","","","","","","0","2/9/2026 3:53:06 PM","","0","0","","False","",""
"3526","كابل اندريد 3","30","45","45","45","95","","","30","480","0","","True","False","False","0","0","0","","","0","1","0","0","2/9/2026 3:53:06 PM","","0","0","","False","",""
"3527","كارت بندقيه كور 2*1","135","185","185","185","185","","","2","270","0","","True","False","False","0","0","0","","","","","","0","2/9/2026 3:53:06 PM","","0","0","","False","",""
"3528","مسدس متعدد بدون حجاره ","200","495","495","495","355","","","4","800","0","","True","False","False","0","0","0","","","","","","0","2/9/2026 3:53:06 PM","","0","0","","False","",""
"3529","كارت مطبغ الوان جديد","55","85","85","85","85","","","3","165","0","","True","False","False","0","0","0","","","","","","0","2/9/2026 3:53:06 PM","","0","0","","False","",""
"3530","مسدس مروحه صوت ","50","85","85","85","85","","","4","200","0","","True","False","False","0","0","0","","","","","","0","2/9/2026 3:53:06 PM","","0","0","","False","",""
"3531","عروسه فرد عظم ","75","100","100","100","115","","","3","225","0","","True","False","False","0","0","0","","","","","","0","2/9/2026 3:53:06 PM","","0","0","","False","",""
"3532","مطبخ عرايس  لول ","225","310","310","310","345","","","2","450","0","","True","False","False","0","0","0","","","","","","0","2/9/2026 3:53:06 PM","","0","0","","False","",""
"3533","ملاهي لول ","225","310","310","310","310","","","2","450","0","","True","False","False","0","0","0","","","","","","0","2/9/2026 3:53:06 PM","","0","0","","False","",""
"3534","موتسكل لول ","270","385","385","385","385","","","2","540","0","","True","False","False","0","0","0","","","","","","0","2/9/2026 3:53:06 PM","","0","0","","False","",""
"3535","craay baby","160","235","235","235","235","","","7","1120","0","","True","False","False","0","0","0","","","","","","0","2/9/2026 3:53:06 PM","","0","0","","False","",""
"3536","فيلا يوني كورن ","200","355","355","355","355","","","2","400","0","","True","False","False","0","0","0","","","","","","0","2/9/2026 3:53:06 PM","","0","0","","False","",""
"3537","فيلا اميرات كبير ","190","310","310","310","310","","","2","380","0","","True","False","False","0","0","0","","","","","","0","2/9/2026 3:53:06 PM","","0","0","","False","",""
"3538","يوني كورن اجنحه ","190","265","265","265","275","","","2","380","0","","True","False","False","0","0","0","","","","","","0","2/9/2026 3:53:06 PM","","0","0","","False","",""
"3539","راس omg ","115","185","185","185","185","","","6","690","0","","True","False","False","0","0","0","","","","","","0","2/9/2026 3:53:06 PM","","0","0","","False","",""
"3540","سياره معدن ","240","425","425","425","425","","","2","480","0","","True","False","False","0","0","0","","","","","","0","2/9/2026 3:53:06 PM","","0","0","","False","",""
"3541","سيارات معدن شخصيات ","190","250","250","250","250","","","2","380","0","","True","False","False","0","0","0","","","","","","0","2/9/2026 3:53:06 PM","","0","0","","False","",""
"3542","كارت عربيات وطيارات ","80","120","120","120","155","","","11","880","0","","True","False","False","0","0","0","","","","","","0","2/9/2026 3:53:06 PM","","0","0","","False","",""
"3543","يوني كورن صغير ","60","120","120","120","120","","","6","360","0","","True","False","False","0","0","0","","","","","","0","2/9/2026 3:53:06 PM","","0","0","","False","",""
"3544","كابل ايفون نظيف ","50","115","115","115","120","","","6","160","0","","True","False","False","0","0","0","","","0","1","0","0","2/9/2026 3:53:06 PM","","0","0","","False","",""
"3545","كابل تيب سي جديد pavareal","30","85","85","85","65","","","60","1800","0","","True","False","False","0","0","0","","","","","","0","2/9/2026 3:53:06 PM","","0","0","","False","",""
"3546","كابل ايفون 2 متر","50","110","110","110","95","","","7","350","0","","True","False","False","0","0","0","","","","","","0","2/9/2026 3:53:06 PM","","0","0","","False","",""
"3547","كابل اندريد 2 متر ","50","90","90","90","90","","","3","150","0","","True","False","False","0","0","0","","","","","","0","2/9/2026 3:53:06 PM","","0","0","","False","",""
"3548","كابل تيب سي  2متر ","50","100","100","100","100","","","5","250","0","","True","False","False","0","0","0","","","","","","0","2/9/2026 3:53:06 PM","","0","0","","False","",""
"3549","شاحن اندريد كامل 2","45","85","85","85","85","","","15","675","0","","True","False","False","0","0","0","","","","","","0","2/9/2026 3:53:06 PM","","0","0","","False","",""
"3550","شاحن تيب سي كامل 2","50","110","110","110","110","","","3","150","0","","True","False","False","0","0","0","","","","","","0","2/9/2026 3:53:06 PM","","0","0","","False","",""
"3551","شاحن ايفون 2","80","145","145","145","145","","","3","240","0","","True","False","False","0","0","0","","","","","","0","2/9/2026 3:53:06 PM","","0","0","","False","",""
"3552","air bods","550","950","950","950","950","","","1","550","0","","True","False","False","0","0","0","","","","","","0","2/9/2026 3:53:06 PM","","0","0","","False","",""
"3553","باور 10000","450","720","720","720","680","","","2","900","0","","True","False","False","0","0","0","","","","","","0","2/9/2026 3:53:06 PM","","0","0","","False","",""
"3554","باور 20000","675","850","850","850","850","","","2","1350","0","","True","False","False","0","0","0","","","","","","0","2/9/2026 3:53:06 PM","","0","0","","False","",""
"3555","ايفون تيب سي ","50","100","100","100","90","","","3","150","0","","True","False","False","0","0","0","","","","","","0","2/9/2026 3:53:06 PM","","0","0","","False","",""
"3556","نتوته استك وسط ","30","45","45","45","45","","","12","360","0","","True","False","False","0","0","0","","","","","","0","2/9/2026 3:53:06 PM","","0","0","","False","",""
"3557","نوته استك صغير ","30","40","40","40","40","","","10","300","0","","True","False","False","0","0","0","","","","","","0","2/9/2026 3:53:06 PM","","0","0","","False","",""
"3558","نوته سلك بكبسوله كبير ","25","45","45","45","45","","","12","300","0","","True","False","False","0","0","0","","","","","","0","2/9/2026 3:53:06 PM","","0","0","","False","",""
"3559","نوته سلك صغير بكبسوله ","12.5","25","25","25","25","","","14","175","0","","True","False","False","0","0","0","","","","","","0","2/9/2026 3:53:06 PM","","0","0","","False","",""
"3560","نوته استك كبير ","55","75","75","75","75","","","10","550","0","","True","False","False","0","0","0","","","","","","0","2/9/2026 3:53:06 PM","","0","0","","False","",""
"3561","نوته سلك قلم جامع","20","25","25","25","35","","","35","700","0","","True","False","False","0","0","0","","","","","","0","2/9/2026 3:53:06 PM","","0","0","","False","",""
"3562","نوته سلك xl 5","22","25","25","25","40","","","18","192","0","","True","False","False","0","0","0","","","0","1","0","0","2/9/2026 3:53:06 PM","","0","0","","False","",""
"3563","كشكول سلك 160 4ماده ","70","95","95","95","110","","","22","1540","0","","True","False","False","0","0","0","","","","","","0","2/9/2026 3:53:06 PM","","0","0","","False","",""
"3564","فايل ساكو مخرم ","4","8","8","8","12","","","45","180","0","","True","False","False","0","0","0","","","","","","0","2/9/2026 3:53:06 PM","","0","0","","False","",""
"3565","وصله اندريد جديده ","45","75","75","75","75","","","10","450","0","","True","False","False","0","0","0","","","","","","0","2/9/2026 3:53:06 PM","","0","0","","False","",""
"3566","شاحن tipc  جديد","100","185","185","185","185","","","3","300","0","","True","False","False","0","0","0","","","","","","0","2/9/2026 3:53:06 PM","","0","0","","False","",""
"3567","سماعه نظيفه هاي كوبي ","60","95","95","95","95","","","7","420","0","","True","False","False","0","0","0","","","","","","0","2/9/2026 3:53:06 PM","","0","0","","False","",""
"3568","مقلمه فراج كيس ","40","65","65","65","65","","","8","320","0","","True","False","False","0","0","0","","","","","","0","2/9/2026 3:53:06 PM","","0","0","","False","",""
"3569","لانش بوكس ice ","26.5","50","50","50","50","","","6","159","0","","True","False","False","0","0","0","","","","","","0","2/9/2026 3:53:06 PM","","0","0","","False","",""
"3570","كشكول دبوس انجليزي a4 100","38","30","30","30","50","","","162","7920","0","","True","False","False","0","0","0","","","0","1","0","0","2/9/2026 3:53:06 PM","","0","0","","False","",""
"3571","POSTER COLORS 12 لون ازرق ","100","135","135","135","145","","","2","300","0","","True","False","False","0","0","0","","","0","1","0","0","2/9/2026 3:53:06 PM","","0","0","","False","",""
"3572","POSTER COLORS 6 لون ازرق ","50","75","75","75","75","","","4","200","0","","True","False","False","0","0","0","","","","","","0","2/9/2026 3:53:06 PM","","0","0","","False","",""
"3573","قلم جاف  butter ball","1.9","3.5","3.5","3.5","5","","","129","245.1","0","","True","False","False","0","0","0","","","","","","0","2/9/2026 3:53:06 PM","","0","0","","False","",""
"3574","قلم بريما tre","2","3","3","3","5","","","230","460","0","","True","False","False","0","0","0","","","","","","0","2/9/2026 3:53:06 PM","","0","0","","False","",""
"3575","برطمان برونز كبير بالوحده","7","7","7","7","12","","","60","195","0","","True","False","False","0","0","0","","","0","1","0","0","2/9/2026 3:53:06 PM","","0","0","","False","",""
"3576","كارت مغناطيس سبوره الوان  12*1 ","15","25","25","25","25","","","5","75","0","","True","False","False","0","0","0","","","","","","0","2/9/2026 3:53:06 PM","","0","0","","False","",""
"3577","KANGARO HP-5 دباسه ","150","185","185","185","185","","","1","150","0","","True","False","False","0","0","0","","","","","","0","2/9/2026 3:53:06 PM","","0","0","","False","",""
"3578","اسكتش ابيض  مصري كانسون ","35","30","30","30","50","","","30","5950","0","","True","False","False","0","0","0","","","0","1","0","0","2/9/2026 3:53:06 PM","","0","0","","False","",""
"3579","شنطة 12 باكت اسود","85","115","115","115","115","","","3","255","0","","True","False","False","0","0","0","","","","","","0","2/9/2026 3:53:06 PM","","0","0","","False","",""
"3580","شنطة 12 باكت ملون","95","130","130","130","130","","","3","285","0","","True","False","False","0","0","0","","","","","","0","2/9/2026 3:53:06 PM","","0","0","","False","",""
"3581","براية العطار ","1.4","4","4","4","4","","","56","78.4","0","","True","False","False","0","0","0","","","","","","0","2/9/2026 3:53:06 PM","","0","0","","False","",""
"3582","تكت 5*1 +استيكر ","6","15","15","15","15","","","32","192","0","","True","False","False","0","0","0","","","","","","0","2/9/2026 3:53:06 PM","","0","0","","False","",""
"3583","الوان بريما 8 لون ","13.2","22","22","22","20","","","10","132","0","","True","False","False","0","0","0","","","","","","0","2/9/2026 3:53:06 PM","","0","0","","False","",""
"3584","استند قلم  جاف 6*1 حصان ","20","32","32","32","30","","","36","506","0","","True","False","False","0","0","0","","","0","1","0","0","2/9/2026 3:53:06 PM","","0","0","","False","",""
"3585","استند قلم جاف شخصيات ","19.5","30","30","30","35","","","95","546","0","","True","False","False","0","0","0","","","0","1","0","0","2/9/2026 3:53:06 PM","","0","0","","False","",""
"3586","شنطه لانش باج ","125","170","170","170","170","","","10","1250","0","","True","False","False","0","0","0","","","","","","0","2/9/2026 3:53:06 PM","","0","0","","False","",""
"3587","قلم سنون MICRO ","11","20","20","20","20","","","57","627","0","","True","False","False","0","0","0","","","","","","0","2/9/2026 3:53:06 PM","","0","0","","False","",""
"3588","الوان انابيب جواش 12 لون ","79","115","115","115","115","","","4","316","0","","True","False","False","0","0","0","","","","","","0","2/9/2026 3:53:06 PM","","0","0","","False","",""
"3589","الوان انابيب اكرلك M.G ","99.5","145","145","145","145","","","2","199","0","","True","False","False","0","0","0","","","","","","0","2/9/2026 3:53:06 PM","","0","0","","False","",""
"3590","الوان انابيب   ميه  G-1166","53","80","80","80","90","","","4","212","0","","True","False","False","0","0","0","","","","","","0","2/9/2026 3:53:06 PM","","0","0","","False","",""
"3591","مقلمه توكيو 1631","79","120","120","120","120","","","3","237","0","","True","False","False","0","0","0","","","","","","0","2/9/2026 3:53:06 PM","","0","0","","False","",""
"3592","مقلمه 6602","79","120","120","120","120","","","7","553","0","","True","False","False","0","0","0","","","","","","0","2/9/2026 3:53:06 PM","","0","0","","False","",""
"3593","اسكتش العهد الجديد rebook","25","50","50","50","50","","","7","175","0","","True","False","False","0","0","0","","","","","","0","2/9/2026 3:53:06 PM","","0","0","","False","",""
"3594","ليبول انجليزي عهدجديد 6*1","10","20","20","20","30","","","96","960","0","","True","False","False","0","0","0","","","","","","0","2/9/2026 3:53:06 PM","","0","0","","False","",""
"3595","قلم  سنون بريما ","11.5","25","25","25","25","","","24","276","0","","True","False","False","0","0","0","","","","","","0","2/9/2026 3:53:06 PM","","0","0","","False","",""
"3596","كشكول فرنساوي 60ورقه","15","13","13","13","20","","","110","5550","0","","True","False","False","0","0","0","","","0","1","0","0","2/9/2026 3:53:06 PM","","0","0","","False","",""
"3597","شنطه هدايا وسط لوكس ","9","20","20","20","25","","","24","216","0","","True","False","False","0","0","0","","","","","","0","2/9/2026 3:53:06 PM","","0","0","","False","",""
"3598","شنطة هدايا صغير لوكس ","7","12","12","12","12","","","12","84","0","","True","False","False","0","0","0","","","","","","0","2/9/2026 3:53:06 PM","","0","0","","False","",""
"3599","اطباق عيد ميلا جديد صغير ","5.5","10","10","10","10","","","30","165","0","","True","False","False","0","0","0","","","","","","0","2/9/2026 3:53:06 PM","","0","0","","False","",""
"3600","فوم جليتر happy birthday","11","20","20","20","20","","","6","66","0","","True","False","False","0","0","0","","","","","","0","2/9/2026 3:53:06 PM","","0","0","","False","",""
"3601","شمع عيد ميلاد حلزوني ","7","15","15","15","15","","","6","42","0","","True","False","False","0","0","0","","","","","","0","2/9/2026 3:53:06 PM","","0","0","","False","",""
"3602","كابل اندريدSZX ","40","65","65","65","70","","","4","160","0","","True","False","False","0","0","0","","","","","","0","2/9/2026 3:53:06 PM","","0","0","","False","",""
"3603","انريد ","16","45","45","45","45","","","5","80","0","","True","False","False","0","0","0","","","","","","0","2/9/2026 3:53:06 PM","","0","0","","False","",""
"3604","سماعه G3جديد ","30","55","55","55","55","","","10","300","0","","True","False","False","0","0","0","","","","","","0","2/9/2026 3:53:06 PM","","0","0","","False","",""
"3605","سماعه عظم علبه بيضا","30","65","65","65","65","","","15","450","0","","True","False","False","0","0","0","","","","","","0","2/9/2026 3:53:06 PM","","0","0","","False","",""
"3606","كشكول مربعات صغير 40ورقه","10","10","10","10","13","","","100","1000","0","","True","False","False","0","0","0","","","","","","0","2/9/2026 3:53:06 PM","","0","0","","False","",""
"3607","40صفحه وصفحه ","10","10","10","10","13","","","100","1000","0","","True","False","False","0","0","0","","","","","","0","2/9/2026 3:53:06 PM","","0","0","","False","",""
"3608","كشكول سلك 80 a4","22","28","28","28","28","","","44","968","0","","True","False","False","0","0","0","","","","","","0","2/9/2026 3:53:06 PM","","0","0","","False","",""
"3609","قلم سنون 0.7 جديد","15","25","25","25","25","","","24","360","0","","True","False","False","0","0","0","","","","","","0","2/9/2026 3:53:06 PM","","0","0","","False","",""
"3610","استيك نوت مستطيل مخطط صغير ","11.25","20","20","20","30","","","28","315","0","","True","False","False","0","0","0","","","0","1","0","0","2/9/2026 3:53:06 PM","","0","0","","False","",""
"3611","استيك نوت مستطيل مخطط كبير","15","25","25","25","35","","","18","270","0","","True","False","False","0","0","0","","","","","","0","2/9/2026 3:53:06 PM","","0","0","","False","",""
"3612","علبة برايه مدوره doms","8","15","15","15","15","","","12","96","0","","True","False","False","0","0","0","","","","","","0","2/9/2026 3:53:06 PM","","0","0","","False","",""
"3613","الوان ميه حجرkaldlca ","18","35","35","35","35","","","6","108","0","","True","False","False","0","0","0","","","","","","0","2/9/2026 3:53:06 PM","","0","0","","False","",""
"3614","صلصال صغير 6 قطع ","9","14","14","14","20","","","82","738","0","","True","False","False","0","0","0","","","","","","0","2/9/2026 3:53:06 PM","","0","0","","False","",""
"3615","قلم رصاص جديد اشكال اطفال ","1.7","4","4","4","5","","","215","365.5","0","","True","False","False","0","0","0","","","","","","0","2/9/2026 3:53:06 PM","","0","0","","False","",""
"3616","مطاره مستورد الوان ","99","130","130","130","140","","","6","594","0","","True","False","False","0","0","0","","","0","1","0","0","2/9/2026 3:53:06 PM","","0","0","","False","",""
"3617","مقلمه ولادي ازهري ","37","60","60","60","60","","","6","222","0","","True","False","False","0","0","0","","","","","","0","2/9/2026 3:53:06 PM","","0","0","","False","",""
"3618","مطاره TANK","130","175","175","175","175","","","6","780","0","","True","False","False","0","0","0","","","","","","0","2/9/2026 3:53:06 PM","","0","0","","False","",""
"3619","كيس مشابك اطفال كبير","17.5","25","25","25","30","","","12","210","0","","True","False","False","0","0","0","","","","","","0","2/9/2026 3:53:06 PM","","0","0","","False","",""
"3620","كيس مشابك اطفال صغير ","13.5","20","20","20","25","","","12","162","0","","True","False","False","0","0","0","","","","","","0","2/9/2026 3:53:06 PM","","0","0","","False","",""
"3621","كيس كور50ق لاطفال ","15","25","25","25","30","","","18","270","0","","True","False","False","0","0","0","","","","","","0","2/9/2026 3:53:06 PM","","0","0","","False","",""
"3622","كشكول سلك 100ورقه انجليزي ","27.5","35","35","35","35","","","6","165","0","","True","False","False","0","0","0","","","","","","0","2/9/2026 3:53:06 PM","","0","0","","False","",""
"3623","مطاره عمود ثلج ","65","80","80","80","95","","","25","1625","0","","True","False","False","0","0","0","","","","","","0","2/9/2026 3:53:06 PM","","0","0","","False","",""
"3624","الوان اكرلك صغير ","38","70","70","70","70","","","2","76","0","","True","False","False","0","0","0","","","","","","0","2/9/2026 3:53:06 PM","","0","0","","False","",""
"3625","الوان بريما 5 لون ","13","13","13","13","20","","","20","260","0","","True","False","False","0","0","0","","","","","","0","2/9/2026 3:53:06 PM","","0","0","","False","",""
"3626","مسطره حروف انجليزي ","2","5","5","5","5","","","220","440","0","","True","False","False","0","0","0","","","","","","0","2/9/2026 3:53:06 PM","","0","0","","False","",""
"3627","مسطره الوان 30 سم ","6","5","5","5","10","","","2","6","0","","True","False","False","0","0","0","","","0","1","0","0","2/9/2026 3:53:06 PM","","0","0","","False","",""
"3628","استيكه grade exam ","2","4","4","4","5","","","45","90","0","","True","False","False","0","0","0","","","","","","0","2/9/2026 3:53:06 PM","","0","0","","False","",""
"3629","استيكه student صغير ","1.5","3","3","3","3","","","95","142.5","0","","True","False","False","0","0","0","","","","","","0","2/9/2026 3:53:06 PM","","0","0","","False","",""
"3630","كرت مسدس  حيوانات 3*1","70","100","100","100","100","","","2","140","0","","True","False","False","0","0","0","","","","","","0","2/9/2026 3:53:06 PM","","0","0","","False","",""
"3631","مسمار مكتب كبير kores  ","5","15","15","15","10","","","8","40","0","","True","False","False","0","0","0","","","","","","0","2/9/2026 3:53:06 PM","","0","0","","False","",""
"3632","مسمار مكتب صغير  kores  ","2","7","7","7","7","","","7","14","0","","True","False","False","0","0","0","","","","","","0","2/9/2026 3:53:06 PM","","0","0","","False","",""
"3633","سلوتيب ليزر صغير عريض ","3","5","5","5","7","","","58","174","0","","True","False","False","0","0","0","","","0","1","0","0","2/9/2026 3:53:06 PM","","0","0","","False","",""
"3634","سلوتيب ليزر صغير رفيع ","4","3","3","3","7","","","13","13","0","","True","False","False","0","0","0","","","0","1","0","0","2/9/2026 3:53:06 PM","","0","0","","False","",""
"3635","سلوتيب عريض ليزر ملون ","27.5","15","15","15","40","","","15","412.5","0","","True","False","False","0","0","0","","","","","","0","2/9/2026 3:53:06 PM","","0","0","","False","",""
"3636","رسم كرتون اطفال ","10","15","15","15","15","","","1","10","0","","True","False","False","0","0","0","","","","","","0","2/9/2026 3:53:06 PM","","0","0","","False","",""
"3637","اواشيط بنك الحظ او مثلث ","5","20","20","20","20","","","4","20","0","","True","False","False","0","0","0","","","","","","0","2/9/2026 3:53:06 PM","","0","0","","False","",""
"3638","عروسه 3 فستان علبه صغيره ","35","70","70","70","70","","","4","140","0","","True","False","False","0","0","0","","","","","","0","2/9/2026 3:53:06 PM","","0","0","","False","",""
"3639","تكعيب ","10","20","20","20","20","","","250","2500","0","","True","False","False","0","0","0","","","","","","0","2/9/2026 3:53:06 PM","","0","0","","False","",""
"3640","قلم جاف silko ","5","8","8","8","8","","","9","45","0","","True","False","False","0","0","0","","","","","","0","2/9/2026 3:53:06 PM","","0","0","","False","",""
"3641"," قلم فلوماستر جاف  جديد","1","3","3","3","3","","","36","36","0","","True","False","False","0","0","0","","","","","","0","2/9/2026 3:53:06 PM","","0","0","","False","",""
"3642","نوت بوك استك وسط","40","50","50","50","50","","","11","440","0","","True","False","False","0","0","0","","","","","","0","2/9/2026 3:53:06 PM","","0","0","","False","",""
"3643","مشبك مكتب","5","10","10","10","10","","","3","15","0","","True","False","False","0","0","0","","","","","","0","2/9/2026 3:53:06 PM","","0","0","","False","",""
"3644","مطاره كبير  sportiva او WATER FRESH ","20","35","35","35","40","","","12","240","0","","True","False","False","0","0","0","","","","","","0","2/9/2026 3:53:06 PM","","0","0","","False","",""
"3645","مطاره  SPORT اسود ","85","25","25","25","160","","","6","90","0","","True","False","False","0","0","0","","","0","1","0","0","2/9/2026 3:53:06 PM","","0","0","","False","",""
"3646","مقص k-004                      ","15","25","25","25","25","","","6","90","0","","True","False","False","0","0","0","","","","","","0","2/9/2026 3:53:06 PM","","0","0","","False","",""
"3647","اسكتش الوان a3","140","155","155","155","155","","","11","1540","0","","True","False","False","0","0","0","","","","","","0","2/9/2026 3:53:06 PM","","0","0","","False","",""
"3648","فايل كبسوله غالي ","13","13.5","13.5","13.5","22","","","200","2400","0","","True","False","False","0","0","0","","","0","1","0","0","2/9/2026 3:53:06 PM","","0","0","","False","",""
"3649","فايل سوسته a4 ابيض واسود","19","24","24","24","24","","","50","950","0","","True","False","False","0","0","0","","","","","","0","2/9/2026 3:53:06 PM","","0","0","","False","",""
"3650","كشكول a4 60 مربعات كبير ","25","25","25","25","40","","","25","625","0","","True","False","False","0","0","0","","","0","1","0","0","2/9/2026 3:53:06 PM","","0","0","","False","",""
"3651","مريله كوم ","65","85","85","85","85","","","5","325","0","","True","False","False","0","0","0","","","","","","0","2/9/2026 3:53:06 PM","","0","0","","False","",""
"3652","زاراير الوان ","6.5","10","10","10","15","","","11","71.5","0","","True","False","False","0","0","0","","","","","","0","2/9/2026 3:53:06 PM","","0","0","","False","",""
"3653","طقم دباسه +دبابيس dl0582","23","35","35","35","40","","","15","345","0","","True","False","False","0","0","0","","","","","","0","2/9/2026 3:53:06 PM","","0","0","","False","",""
"3654"," كتاب قصة الاطفال انجليزي ","3.3","10","10","10","10","","","30","99","0","","True","False","False","0","0","0","","","","","","0","2/9/2026 3:53:06 PM","","0","0","","False","",""
"3655","كتاب تعليمي جديد مستوى اول وتاني ","5.5","10","10","10","12","","","62","341","0","","True","False","False","0","0","0","","","","","","0","2/9/2026 3:53:06 PM","","0","0","","False","",""
"3656","راس شاحن سامسونج 45w","385","350","350","350","475","","","3","1155","0","","True","False","False","0","0","0","","","","","","0","2/9/2026 3:53:06 PM","","0","0","","False","",""
"3657","راس شاحن سامسونج 25w","175","275","275","275","275","","","4","700","0","","True","False","False","0","0","0","","","","","","0","2/9/2026 3:53:06 PM","","0","0","","False","",""
"3658","كابل اتيب سيcb-07","17.5","45","45","45","55","","","5","87.5","0","","True","False","False","0","0","0","","","","","","0","2/9/2026 3:53:06 PM","","0","0","","False","",""
"3659","ايفون cp-07","18","65","65","65","65","","","5","90","0","","True","False","False","0","0","0","","","","","","0","2/9/2026 3:53:06 PM","","0","0","","False","",""
"3660","سماعه Jd041","35","60","60","60","60","","","4","140","0","","True","False","False","0","0","0","","","","","","0","2/9/2026 3:53:06 PM","","0","0","","False","",""
"3661","سماعه plug ","20","40","40","40","40","","","6","120","0","","True","False","False","0","0","0","","","","","","0","2/9/2026 3:53:06 PM","","0","0","","False","",""
"3662","استيكه doms  كبير ","2.5","6","6","6","6","","","90","225","0","","True","False","False","0","0","0","","","","","","0","2/9/2026 3:53:06 PM","","0","0","","False","",""
"3663","كوره اعصاب ","7.5","15","15","15","15","","","11","82.5","0","","True","False","False","0","0","0","","","","","","0","2/9/2026 3:53:06 PM","","0","0","","False","",""
"3664","ورق امنيه 80جرام A4 ","500","600","600","600","600","","","2","1000","0","","True","False","False","0","0","0","","","","","","0","2/9/2026 3:53:06 PM","","0","0","","False","",""
"3665","كابل تيب سي pd","55","95","95","95","95","","","5","275","0","","True","False","False","0","0","0","","","","","","0","2/9/2026 3:53:06 PM","","0","0","","False","",""
"3666","كابل تيب سي ايفون SIA","80","145","145","145","130","","","5","400","0","","True","False","False","0","0","0","","","","","","0","2/9/2026 3:53:06 PM","","0","0","","False","",""
"3667","ايفون تيب سي 1متر ","130","195","195","195","195","","","2","260","0","","True","False","False","0","0","0","","","","","","0","2/9/2026 3:53:06 PM","","0","0","","False","",""
"3668","مطبخ صغير ابيض بوتجار ","50","90","90","90","90","","","2","100","0","","True","False","False","0","0","0","","","","","","0","2/9/2026 3:53:06 PM","","0","0","","False","",""
"3669","كيس طبق نجار ","50","85","85","85","85","","","2","100","0","","True","False","False","0","0","0","","","","","","0","2/9/2026 3:53:06 PM","","0","0","","False","",""
"3670","كيس تلاجه براده ","60","100","100","100","100","","","2","120","0","","True","False","False","0","0","0","","","","","","0","2/9/2026 3:53:06 PM","","0","0","","False","",""
"3671","كرت عربيات + طياره ","50","85","85","85","85","","","2","100","0","","True","False","False","0","0","0","","","","","","0","2/9/2026 3:53:06 PM","","0","0","","False","",""
"3672","كيس طبق استشوار ","50","95","95","95","95","","","2","100","0","","True","False","False","0","0","0","","","","","","0","2/9/2026 3:53:06 PM","","0","0","","False","",""
"3673","كيس ميكانو ديناصور ","85","145","145","145","145","","","2","170","0","","True","False","False","0","0","0","","","","","","0","2/9/2026 3:53:06 PM","","0","0","","False","",""
"3674","شبكه كوره اسلايم ","7","20","20","20","20","","","12","84","0","","True","False","False","0","0","0","","","","","","0","2/9/2026 3:53:06 PM","","0","0","","False","",""
"3675","مسدس طلق جيل + شخصيه","280","325","325","325","420","","","6","1680","0","","True","False","False","0","0","0","","","","","","0","2/9/2026 3:53:06 PM","","0","0","","False","",""
"3676","عربيه ريموت شحن x-knight ","340","475","475","475","475","","","2","680","0","","True","False","False","0","0","0","","","","","","0","2/9/2026 3:53:06 PM","","0","0","","False","",""
"3677","بندقيه فل وجيل ونضاره 518","175","285","285","285","285","","","2","350","0","","True","False","False","0","0","0","","","","","","0","2/9/2026 3:53:06 PM","","0","0","","False","",""
"3678","عربيه فتح ابواب شحن 106a","325","375","375","375","445","","","4","1300","0","","True","False","False","0","0","0","","","","","","0","2/9/2026 3:53:06 PM","","0","0","","False","",""
"3679","عربيه فتح باب 51-788","180","275","275","275","275","","","1","180","0","","True","False","False","0","0","0","","","","","","0","2/9/2026 3:53:06 PM","","0","0","","False","",""
"3680","عربيه فاكيوم شحن34-5AS ","310","425","425","425","425","","","2","620","0","","True","False","False","0","0","0","","","","","","0","2/9/2026 3:53:06 PM","","0","0","","False","",""
"3681","بيبليد علبه BB807","190","295","295","295","295","","","2","380","0","","True","False","False","0","0","0","","","","","","0","2/9/2026 3:53:06 PM","","0","0","","False","",""
"3682","مسدس ماسك اسبيدر مان ","165","265","265","265","265","","","2","330","0","","True","False","False","0","0","0","","","","","","0","2/9/2026 3:53:06 PM","","0","0","","False","",""
"3683","مسدس قرش 932","100","165","165","165","165","","","2","200","0","","True","False","False","0","0","0","","","","","","0","2/9/2026 3:53:06 PM","","0","0","","False","",""
"3684","مسدس فل 2*1 1266","130","195","195","195","195","","","2","260","0","","True","False","False","0","0","0","","","","","","0","2/9/2026 3:53:06 PM","","0","0","","False","",""
"3685","بندقيه فل 1240","255","385","385","385","385","","","2","510","0","","True","False","False","0","0","0","","","","","","0","2/9/2026 3:53:06 PM","","0","0","","False","",""
"3686","علبه عربيات12*1","80","125","125","125","135","","","5","400","0","","True","False","False","0","0","0","","","","","","0","2/9/2026 3:53:06 PM","","0","0","","False","",""
"3687","بندقيه بازوكا1057","175","265","265","265","265","","","2","350","0","","True","False","False","0","0","0","","","","","","0","2/9/2026 3:53:06 PM","","0","0","","False","",""
"3688","مسدس فل 1225","85","135","135","135","135","","","2","170","0","","True","False","False","0","0","0","","","","","","0","2/9/2026 3:53:06 PM","","0","0","","False","",""
"3689","كارت عريبات شرطه ","60","95","95","95","95","","","2","120","0","","True","False","False","0","0","0","","","","","","0","2/9/2026 3:53:06 PM","","0","0","","False","",""
"3690","كارت معدات 809","60","105","105","105","105","","","2","120","0","","True","False","False","0","0","0","","","","","","0","2/9/2026 3:53:06 PM","","0","0","","False","",""
"3691","كارت بندقيه 2*1882","50","120","120","120","120","","","2","100","0","","True","False","False","0","0","0","","","","","","0","2/9/2026 3:53:06 PM","","0","0","","False","",""
"3692","جيتار الوان 984","205","225","225","225","295","","","4","820","0","","True","False","False","0","0","0","","","","","","0","2/9/2026 3:53:06 PM","","0","0","","False","",""
"3693","علبه ميكاب 1270","85","135","135","135","135","","","2","170","0","","True","False","False","0","0","0","","","","","","0","2/9/2026 3:53:06 PM","","0","0","","False","",""
"3694","بندقيه 2*16006","60","125","125","125","125","","","2","120","0","","True","False","False","0","0","0","","","","","","0","2/9/2026 3:53:06 PM","","0","0","","False","",""
"3695","كارت عربيات معدات ","75","135","135","135","135","","","2","150","0","","True","False","False","0","0","0","","","","","","0","2/9/2026 3:53:06 PM","","0","0","","False","",""
"3696","كارت نظافه حمام ","85","130","130","130","145","","","4","340","0","","True","False","False","0","0","0","","","","","","0","2/9/2026 3:53:06 PM","","0","0","","False","",""
"3697","سيف 2*1","95","145","145","145","185","","","4","380","0","","True","False","False","0","0","0","","","","","","0","2/9/2026 3:53:06 PM","","0","0","","False","",""
"3698","صياد سمك بط ","95","155","155","155","155","","","2","190","0","","True","False","False","0","0","0","","","","","","0","2/9/2026 3:53:06 PM","","0","0","","False","",""
"3699","صياد سمك وبس ","75","125","125","125","125","","","2","150","0","","True","False","False","0","0","0","","","","","","0","2/9/2026 3:53:06 PM","","0","0","","False","",""
"3700","كارت عربيات 12*1","80","110","110","110","145","","","6","480","0","","True","False","False","0","0","0","","","","","","0","2/9/2026 3:53:06 PM","","0","0","","False","",""
"3701","كارت تورتا ","100","175","175","175","175","","","2","200","0","","True","False","False","0","0","0","","","","","","0","2/9/2026 3:53:06 PM","","0","0","","False","",""
"3702","كارت دكتوره 00","55","90","90","90","100","","","6","330","0","","True","False","False","0","0","0","","","","","","0","2/9/2026 3:53:06 PM","","0","0","","False","",""
"3703","كارت شبشب ","85","145","145","145","155","","","5","425","0","","True","False","False","0","0","0","","","","","","0","2/9/2026 3:53:06 PM","","0","0","","False","",""
"3704","كارت مطبخ 88","60","100","100","100","100","","","2","120","0","","True","False","False","0","0","0","","","","","","0","2/9/2026 3:53:06 PM","","0","0","","False","",""
"3705","كارت دكتوره لوكس ","80","175","175","175","185","","","4","320","0","","True","False","False","0","0","0","","","","","","0","2/9/2026 3:53:06 PM","","0","0","","False","",""
"3706","شنطه بلاستك نجار ","50","95","95","95","95","","","2","100","0","","True","False","False","0","0","0","","","","","","0","2/9/2026 3:53:06 PM","","0","0","","False","",""
"3707","شخاليل  ","6","15","15","15","15","","","12","72","0","","True","False","False","0","0","0","","","","","","0","2/9/2026 3:53:06 PM","","0","0","","False","",""
"3708","جرار اخضر شحن","310","550","550","550","550","","","1","310","0","","True","False","False","0","0","0","","","","","","0","2/9/2026 3:53:06 PM","","0","0","","False","",""
"3709","جيتار ملغي","75","125","125","125","125","","","0","0","0","","True","False","False","0","0","0","","","","","","0","2/9/2026 3:53:06 PM","","0","0","","False","",""
"3710","كارت مطبخ وعروسه 1007","75","135","135","135","135","","","2","150","0","","True","False","False","0","0","0","","","","","","0","2/9/2026 3:53:06 PM","","0","0","","False","",""
"3711","كارت حجات مطبخ وفاكها 88","85","145","145","145","145","","","2","170","0","","True","False","False","0","0","0","","","","","","0","2/9/2026 3:53:06 PM","","0","0","","False","",""
"3712","حلزون ","80","145","145","145","145","","","2","160","0","","True","False","False","0","0","0","","","","","","0","2/9/2026 3:53:06 PM","","0","0","","False","",""
"3713","علبه مسدس وكانز ونظاره ","145","215","215","215","215","","","2","290","0","","True","False","False","0","0","0","","","","","","0","2/9/2026 3:53:06 PM","","0","0","","False","",""
"3714","الوان ميه 12 لون فراج ","19","45","45","45","45","","","4","76","0","","True","False","False","0","0","0","","","","","","0","2/9/2026 3:53:06 PM","","0","0","","False","",""
"3715","الوان شمع 18 لون فراج ","27.5","55","55","55","55","","","4","110","0","","True","False","False","0","0","0","","","","","","0","2/9/2026 3:53:06 PM","","0","0","","False","",""
"3716","كشكول برافو جديد 200 5 مواد","89","125","125","125","125","","","4","356","0","","True","False","False","0","0","0","","","","","","0","2/9/2026 3:53:06 PM","","0","0","","False","",""
"3717","استيكه دومس كبير ابيض واسود ","6","8","8","8","10","","","40","240","0","","True","False","False","0","0","0","","","","","","0","2/9/2026 3:53:06 PM","","0","0","","False","",""
"3718","اسلايم zero","7.5","15","15","15","20","","","230","1725","0","","True","False","False","0","0","0","","","","","","0","2/9/2026 3:53:06 PM","","0","0","","False","",""
"3719","عصايه بابا نويل ","10","20","20","20","20","","","12","120","0","","True","False","False","0","0","0","","","","","","0","2/9/2026 3:53:06 PM","","0","0","","False","",""
"3720","قلم رصاص الجديد الي مش بيخلص ","7","12","12","12","20","","","24","2191","0","","True","False","False","0","0","0","","","0","1","0","0","2/9/2026 3:53:06 PM","","0","0","","False","",""
"3721","قلم بنسن ","4","7","7","7","7","","","24","96","0","","True","False","False","0","0","0","","","","","","0","2/9/2026 3:53:06 PM","","0","0","","False","",""
"3722","جيتار 928","75","125","125","125","125","","","2","150","0","","True","False","False","0","0","0","","","","","","0","2/9/2026 3:53:06 PM","","0","0","","False","",""
"3723","مقلمه بنات فرو ","55","85","85","85","105","","","21","1155","0","","True","False","False","0","0","0","","","","","","0","2/9/2026 3:53:06 PM","","0","0","","False","",""
"3724","ورق ابحاث ","0.5","1","1","1","1","","","150","75","0","","True","False","False","0","0","0","","","","","","0","2/9/2026 3:53:06 PM","","0","0","","False","",""
"3725","كابل ايفون pavareal","30","65","65","65","120","","","10","1260","0","","True","False","False","0","0","0","","","0","1","0","0","2/9/2026 3:53:06 PM","","0","0","","False","",""
"3726","ايوكس ايفون اسود","75","135","135","135","135","","","5","375","0","","True","False","False","0","0","0","","","","","","0","2/9/2026 3:53:06 PM","","0","0","","False","",""
"3727","شاحن ايفون اسود جديد","50","145","145","145","145","","","3","150","0","","True","False","False","0","0","0","","","","","","0","2/9/2026 3:53:06 PM","","0","0","","False","",""
"3728","شاحن تيبسي اسود","50","100","100","100","100","","","8","400","0","","True","False","False","0","0","0","","","","","","0","2/9/2026 3:53:06 PM","","0","0","","False","",""
"3729","هاندفري ماكس ","32","65","65","65","65","","","20","640","0","","True","False","False","0","0","0","","","","","","0","2/9/2026 3:53:06 PM","","0","0","","False","",""
"3730","سماعه ink","35","75","75","75","75","","","20","700","0","","True","False","False","0","0","0","","","","","","0","2/9/2026 3:53:06 PM","","0","0","","False","",""
"3731","ماوس zr","40","75","75","75","75","","","3","120","0","","True","False","False","0","0","0","","","","","","0","2/9/2026 3:53:06 PM","","0","0","","False","",""
"3732","كونفرت تيب سي جديد","45","65","65","65","65","","","5","225","0","","True","False","False","0","0","0","","","","","","0","2/9/2026 3:53:06 PM","","0","0","","False","",""
"3733","مشترك كهربا 2 وات ","300","425","425","425","425","","","1","300","0","","True","False","False","0","0","0","","","","","","0","2/9/2026 3:53:06 PM","","0","0","","False","",""
"3734","مشترك3وات ","325","465","465","465","465","","","1","325","0","","True","False","False","0","0","0","","","","","","0","2/9/2026 3:53:06 PM","","0","0","","False","",""
"3735","مشنرك 3 فاتحه 6 يوس بي ","275","395","395","395","395","","","1","275","0","","True","False","False","0","0","0","","","","","","0","2/9/2026 3:53:06 PM","","0","0","","False","",""
"3736","سماعه مدخل تيب سي ","185","265","265","265","265","","","4","740","0","","True","False","False","0","0","0","","","","","","0","2/9/2026 3:53:06 PM","","0","0","","False","",""
"3737","دباسه 205 ","60","90","90","90","115","","","4","240","0","","True","False","False","0","0","0","","","","","","0","2/9/2026 3:53:06 PM","","0","0","","False","",""
"3738","الوان ميه انابيب ","52","70","70","70","100","","","5","92","0","","True","False","False","0","0","0","","","0","1","0","0","2/9/2026 3:53:06 PM","","0","0","","False","",""
"3739","تلاجه وشنطه ","65","125","125","125","125","","","2","130","0","","True","False","False","0","0","0","","","","","","0","2/9/2026 3:53:06 PM","","0","0","","False","",""
"3740","سرتيت بابا نويل ","20","30","30","30","30","","","12","240","0","","True","False","False","0","0","0","","","","","","0","2/9/2026 3:53:06 PM","","0","0","","False","",""
"3741","وش بابا نويل نور ","35","65","65","65","65","","","6","210","0","","True","False","False","0","0","0","","","","","","0","2/9/2026 3:53:06 PM","","0","0","","False","",""
"3742","هابي ني ير فوم ","10","20","20","20","20","","","6","60","0","","True","False","False","0","0","0","","","","","","0","2/9/2026 3:53:06 PM","","0","0","","False","",""
"3743","فرع زينه اخضر ","10","20","20","20","20","","","6","60","0","","True","False","False","0","0","0","","","","","","0","2/9/2026 3:53:06 PM","","0","0","","False","",""
"3744","كوره الكريماس  الشجره ","20","30","30","30","30","","","6","120","0","","True","False","False","0","0","0","","","","","","0","2/9/2026 3:53:06 PM","","0","0","","False","",""
"3745","مري كرسماس 3*1","15","25","25","25","25","","","6","90","0","","True","False","False","0","0","0","","","","","","0","2/9/2026 3:53:06 PM","","0","0","","False","",""
"3746","هدايا 2024","5","10","10","10","10","","","24","120","0","","True","False","False","0","0","0","","","","","","0","2/9/2026 3:53:06 PM","","0","0","","False","",""
"3747","وش بابا نويل بلاستك","5","10","10","10","10","","","12","60","0","","True","False","False","0","0","0","","","","","","0","2/9/2026 3:53:06 PM","","0","0","","False","",""
"3748","ساعه بابا نويل نو واستك ","15","30","30","30","30","","","18","270","0","","True","False","False","0","0","0","","","","","","0","2/9/2026 3:53:06 PM","","0","0","","False","",""
"3749","هاند فري 003","75","135","135","135","135","","","10","750","0","","True","False","False","0","0","0","","","","","","0","2/9/2026 3:53:06 PM","","0","0","","False","",""
"3750","هاند فري بوت ","65","75","75","75","95","","","11","715","0","","True","False","False","0","0","0","","","","","","0","2/9/2026 3:53:06 PM","","0","0","","False","",""
"3751","هاند فري اصفر  381","50","85","85","85","85","","","20","1000","0","","True","False","False","0","0","0","","","","","","0","2/9/2026 3:53:06 PM","","0","0","","False","",""
"3752","هد فون P33","6.15","275","275","275","275","","","4","720","0","","True","False","False","0","0","0","","","","","","0","2/9/2026 3:53:06 PM","","0","0","","False","",""
"3753","هد فون P47","195","245","245","245","265","","","8","1560","0","","True","False","False","0","0","0","","","","","","0","2/9/2026 3:53:06 PM","","0","0","","False","",""
"3754","مسدس قرد ","105","165","165","165","165","","","2","210","0","","True","False","False","0","0","0","","","","","","0","2/9/2026 3:53:06 PM","","0","0","","False","",""
"3755","كارت حيونات ","50","85","85","85","85","","","4","200","0","","True","False","False","0","0","0","","","","","","0","2/9/2026 3:53:06 PM","","0","0","","False","",""
"3756","كارت عربيات لوكس ","100","175","175","175","175","","","2","200","0","","True","False","False","0","0","0","","","","","","0","2/9/2026 3:53:06 PM","","0","0","","False","",""
"3757","بباجي مسدس كارت ","115","195","195","195","195","","","2","230","0","","True","False","False","0","0","0","","","","","","0","2/9/2026 3:53:06 PM","","0","0","","False","",""
"3758","مسدس بولنج ","115","205","205","205","205","","","2","230","0","","True","False","False","0","0","0","","","","","","0","2/9/2026 3:53:06 PM","","0","0","","False","",""
"3759","كارت كولمن","65","155","155","155","155","","","2","130","0","","True","False","False","0","0","0","","","","","","0","2/9/2026 3:53:06 PM","","0","0","","False","",""
"3760","كارت بيتزا بنات جديد","65","155","155","155","155","","","2","130","0","","True","False","False","0","0","0","","","","","","0","2/9/2026 3:53:06 PM","","0","0","","False","",""
"3761","كارت عربيات اخضر ","70","135","135","135","135","","","2","140","0","","True","False","False","0","0","0","","","","","","0","2/9/2026 3:53:06 PM","","0","0","","False","",""
"3762","كيس ترلات ","90","185","185","185","185","","","2","180","0","","True","False","False","0","0","0","","","","","","0","2/9/2026 3:53:06 PM","","0","0","","False","",""
"3763","عربيه دركسيون  شحن ","250","350","350","350","350","","","3","750","0","","True","False","False","0","0","0","","","","","","0","2/9/2026 3:53:06 PM","","0","0","","False","",""
"3764","مسدس طاسه بابجي ","75","185","185","185","185","","","3","225","0","","True","False","False","0","0","0","","","","","","0","2/9/2026 3:53:06 PM","","0","0","","False","",""
"3765","دكتوره كمامه ","75","165","165","165","165","","","2","150","0","","True","False","False","0","0","0","","","","","","0","2/9/2026 3:53:06 PM","","0","0","","False","",""
"3766","مطبخ مشكل ","95","165","165","165","185","","","6","570","0","","True","False","False","0","0","0","","","","","","0","2/9/2026 3:53:06 PM","","0","0","","False","",""
"3767","كارت نظافه توليت ","75","165","165","165","165","","","2","150","0","","True","False","False","0","0","0","","","","","","0","2/9/2026 3:53:06 PM","","0","0","","False","",""
"3768","صياد سمك بط جديد","95","185","185","185","185","","","2","190","0","","True","False","False","0","0","0","","","","","","0","2/9/2026 3:53:06 PM","","0","0","","False","",""
"3769","كارت نظافه جروف ","75","175","175","175","175","","","2","150","0","","True","False","False","0","0","0","","","","","","0","2/9/2026 3:53:06 PM","","0","0","","False","",""
"3770","نجار خوذه احمر ","105","170","170","170","185","","","2","210","0","","True","False","False","0","0","0","","","","","","0","2/9/2026 3:53:06 PM","","0","0","","False","",""
"3771","ببليد جديد جناحين ","235","365","365","365","365","","","2","470","0","","True","False","False","0","0","0","","","","","","0","2/9/2026 3:53:06 PM","","0","0","","False","",""
"3772","عروسه بانيو كبير","265","385","385","385","385","","","4","1060","0","","True","False","False","0","0","0","","","","","","0","2/9/2026 3:53:06 PM","","0","0","","False","",""
"3773","عربيه بنزين وفرامل اشاره ","340","565","565","565","585","","","2","680","0","","True","False","False","0","0","0","","","","","","0","2/9/2026 3:53:06 PM","","0","0","","False","",""
"3774","بلانش ديزني sena ","12","30","30","30","35","","","40","480","0","","True","False","False","0","0","0","","","","","","0","2/9/2026 3:53:06 PM","","0","0","","False","",""
"3775","بلانش امتحان نضيف sena","28.5","40","40","40","40","","","4","114","0","","True","False","False","0","0","0","","","","","","0","2/9/2026 3:53:06 PM","","0","0","","False","",""
"3776","ورق فلوسكاب sena","20","35","35","35","35","","","34","680","0","","True","False","False","0","0","0","","","","","","0","2/9/2026 3:53:06 PM","","0","0","","False","",""
"3777","شاحن ايفون كامل T66","50","105","105","105","105","","","5","250","0","","True","False","False","0","0","0","","","","","","0","2/9/2026 3:53:06 PM","","0","0","","False","",""
"3778","واصله سامسونج pavareal ","20","45","45","45","60","","","67","1340","0","","True","False","False","0","0","0","","","","","","0","2/9/2026 3:53:06 PM","","0","0","","False","",""
"3779","واصلة SIA 18W ","50","85","85","85","85","","","10","500","0","","True","False","False","0","0","0","","","","","","0","2/9/2026 3:53:06 PM","","0","0","","False","",""
"3780","واصلة SIA 36W  CC","90","110","110","110","150","","","8","720","0","","True","False","False","0","0","0","","","","","","0","2/9/2026 3:53:06 PM","","0","0","","False","",""
"3781","سلوتب 100 يارده ","10","20","20","20","20","","","24","240","0","","True","False","False","0","0","0","","","","","","0","2/9/2026 3:53:06 PM","","0","0","","False","",""
"3782","الوان بريما 12 الوان طويل ","12.5","25","25","25","35","","","12","150","0","","True","False","False","0","0","0","","","0","1","0","0","2/9/2026 3:53:06 PM","","0","0","","False","",""
"3783","قلم 4 لون اشكال ","8","15","15","15","30","","","24","326.4","0","","True","False","False","0","0","0","","","0","1","0","0","2/9/2026 3:53:06 PM","","0","0","","False","",""
"3784","كشكول classic five فواصل","129","175","175","175","175","","","3","387","0","","True","False","False","0","0","0","","","","","","0","2/9/2026 3:53:06 PM","","0","0","","False","",""
"3785","كشكول bravo army فواصل ","84","95","95","95","150","","","5","1176","0","","True","False","False","0","0","0","","","0","1","0","0","2/9/2026 3:53:06 PM","","0","0","","False","",""
"3786","كشكول سلك 60ورقه A4","25","32","32","32","35","","","37","925","0","","True","False","False","0","0","0","","","0","1","0","0","2/9/2026 3:53:06 PM","","0","0","","False","",""
"3787"," ماوس واير ليس hp","140","195","195","195","195","","","6","840","0","","True","False","False","0","0","0","","","","","","0","2/9/2026 3:53:06 PM","","0","0","","False","",""
"3788","واصله ايفون حراري kakusiga ","50","75","75","75","95","","","40","2000","0","","True","False","False","0","0","0","","","","","","0","2/9/2026 3:53:06 PM","","0","0","","False","",""
"3789","واصله 3*1 sendem","130","190","190","190","190","","","2","260","0","","True","False","False","0","0","0","","","","","","0","2/9/2026 3:53:06 PM","","0","0","","False","",""
"3790","واصله kaku tybe-c بصمه ","60","105","105","105","105","","","5","300","0","","True","False","False","0","0","0","","","","","","0","2/9/2026 3:53:06 PM","","0","0","","False","",""
"3791","قلم جاف rox ","5","7","7","7","7","","","12","60","0","","True","False","False","0","0","0","","","","","","0","2/9/2026 3:53:06 PM","","0","0","","False","",""
"3792","طقم مقلمه + ادوات مدرسيه","27.5","45","45","45","55","","","18","495","0","","True","False","False","0","0","0","","","","","","0","2/9/2026 3:53:06 PM","","0","0","","False","",""
"3793","الوان فلومستر 12 لون tip pens","20","35","35","35","35","","","8","160","0","","True","False","False","0","0","0","","","","","","0","2/9/2026 3:53:06 PM","","0","0","","False","",""
"3794","فرشه تلوين بالواحده ","4","7.5","7.5","7.5","8","","","100","400","0","","True","False","False","0","0","0","","","","","","0","2/9/2026 3:53:06 PM","","0","0","","False","",""
"3795","الوان خشب 12 لون penguin ","35","40","40","40","70","","","8","280","0","","True","False","False","0","0","0","","","","","","0","2/9/2026 3:53:06 PM","","0","0","","False","",""
"3796","رزمه ورق a3","0","425","425","425","425","","","2","0","0","","True","False","False","0","0","0","","","","","","0","2/9/2026 3:53:06 PM","","0","0","","False","",""
"3797","كرتونه ورق ازهار 80 جرام ","0","750","750","750","750","","","2","0","0","","True","False","False","0","0","0","","","","","","0","2/9/2026 3:53:06 PM","","0","0","","False","",""
"3798","سكتش كبير خفيف","12.5","20","20","20","25","","","80","1000","0","","True","False","False","0","0","0","","","","","","0","2/9/2026 3:53:06 PM","","0","0","","False","",""
"3799","فانوس خشب كبير دبدوب ","50","85","85","85","85","","","3","150","0","","True","False","False","0","0","0","","","","","","0","2/9/2026 3:53:06 PM","","0","0","","False","",""
"3800","فانوس عروسه زجاج","75","125","125","125","125","","","3","225","0","","True","False","False","0","0","0","","","","","","0","2/9/2026 3:53:06 PM","","0","0","","False","",""
"3801","فانوس زجاج احمر ","110","170","170","170","170","","","3","330","0","","True","False","False","0","0","0","","","","","","0","2/9/2026 3:53:06 PM","","0","0","","False","",""
"3802","ستاره رمضان ","210","280","280","280","295","","","12","1680","0","","True","False","False","0","0","0","","","0","1","0","0","2/9/2026 3:53:06 PM","","0","0","","False","",""
"3803","نور معدن دهبي رمضان ","35","55","55","55","65","","","65","2275","0","","True","False","False","0","0","0","","","","","","0","2/9/2026 3:53:06 PM","","0","0","","False","",""
"3804","كيس نور مشكل شفاف واسود ","30","45","45","45","60","","","72","2160","0","","True","False","False","0","0","0","","","","","","0","2/9/2026 3:53:06 PM","","0","0","","False","",""
"3805","زينه بلاستيك ورق رمضان","5","10","10","10","10","","","24","120","0","","True","False","False","0","0","0","","","","","","0","2/9/2026 3:53:06 PM","","0","0","","False","",""
"3806","زينه خيامي 5 متر ","6","12","12","12","15","","","168","1008","0","","True","False","False","0","0","0","","","","","","0","2/9/2026 3:53:06 PM","","0","0","","False","",""
"3807","فوم شخصيات رمضان","14","30","30","30","30","","","12","168","0","","True","False","False","0","0","0","","","","","","0","2/9/2026 3:53:06 PM","","0","0","","False","",""
"3808","زينه كرتون شخصيات بوجي","14","20","20","20","30","","","36","504","0","","True","False","False","0","0","0","","","","","","0","2/9/2026 3:53:06 PM","","0","0","","False","",""
"3809","استيكر رمضان كريم","10","15","15","15","15","","","23","230","0","","True","False","False","0","0","0","","","","","","0","2/9/2026 3:53:06 PM","","0","0","","False","",""
"3810","كرتون هلال ونجمه دهبي ","16","30","30","30","30","","","24","384","0","","True","False","False","0","0","0","","","","","","0","2/9/2026 3:53:06 PM","","0","0","","False","",""
"3811","مفرش تلاجه رمضان ","13","30","30","30","30","","","6","78","0","","True","False","False","0","0","0","","","","","","0","2/9/2026 3:53:06 PM","","0","0","","False","",""
"3812","مفرش جلد رمضان متر ونص في متر ونص","60","50","50","50","135","","","6","150","0","","True","False","False","0","0","0","","","0","1","0","0","2/9/2026 3:53:06 PM","","0","0","","False","",""
"3813","شخصيات رمضان ب حبل ","14","30","30","30","30","","","12","168","0","","True","False","False","0","0","0","","","","","","0","2/9/2026 3:53:06 PM","","0","0","","False","",""
"3814","علبه ليد معدن دهبي ","75","115","115","115","115","","","6","450","0","","True","False","False","0","0","0","","","","","","0","2/9/2026 3:53:06 PM","","0","0","","False","",""
"3815","كرتون هلال ونجمه خيط ","25","45","45","45","45","","","6","150","0","","True","False","False","0","0","0","","","","","","0","2/9/2026 3:53:06 PM","","0","0","","False","",""
"3816","كابل ايفون حراري ","75","145","145","145","175","","","10","750","0","","True","False","False","0","0","0","","","","","","0","2/9/2026 3:53:06 PM","","0","0","","False","",""
"3817","كابل اندريد حراري ","75","115","115","115","185","","","10","750","0","","True","False","False","0","0","0","","","","","","0","2/9/2026 3:53:06 PM","","0","0","","False","",""
"3818","هاند فري p4 51","35","65","65","65","65","","","10","350","0","","True","False","False","0","0","0","","","","","","0","2/9/2026 3:53:06 PM","","0","0","","False","",""
"3819","سماعه تيب سي 2","90","175","175","175","175","","","2","180","0","","True","False","False","0","0","0","","","","","","0","2/9/2026 3:53:06 PM","","0","0","","False","",""
"3820","سماعه تيب سى3 ","110","205","205","205","205","","","6","660","0","","True","False","False","0","0","0","","","","","","0","2/9/2026 3:53:06 PM","","0","0","","False","",""
"3821","مقص 9030","37","45","45","45","45","","","3","111","0","","True","False","False","0","0","0","","","","","","0","2/9/2026 3:53:06 PM","","0","0","","False","",""
"3822","مقص 2","10","25","25","25","25","","","12","120","0","","True","False","False","0","0","0","","","","","","0","2/9/2026 3:53:06 PM","","0","0","","False","",""
"3823","نوته خشبي ","16.5","25","25","25","25","","","6","99","0","","True","False","False","0","0","0","","","","","","0","2/9/2026 3:53:06 PM","","0","0","","False","",""
"3824","شمع قلب","20","35","35","35","35","","","18","360","0","","True","False","False","0","0","0","","","","","","0","2/9/2026 3:53:06 PM","","0","0","","False","",""
"3825","شمع هابي 24","16","25","25","25","30","","","22","352","0","","True","False","False","0","0","0","","","","","","0","2/9/2026 3:53:06 PM","","0","0","","False","",""
"3826","شمع لوكس ","15","25","25","25","35","","","18","270","0","","True","False","False","0","0","0","","","0","1","0","0","2/9/2026 3:53:06 PM","","0","0","","False","",""
"3827","برجل جديد هاشميه ","17.5","30","30","30","30","","","4","70","0","","True","False","False","0","0","0","","","","","","0","2/9/2026 3:53:06 PM","","0","0","","False","",""
"3828","ليبول كبير ","11","20","20","20","25","","","20","220","0","","True","False","False","0","0","0","","","","","","0","2/9/2026 3:53:06 PM","","0","0","","False","",""
"3829","سماعه sodo","350","550","550","550","550","","","2","700","0","","True","False","False","0","0","0","","","","","","0","2/9/2026 3:53:06 PM","","0","0","","False","",""
"3830","كوركتور شريط","25","30","30","30","40","","","10","200","0","","True","False","False","0","0","0","","","0","1","0","0","2/9/2026 3:53:06 PM","","0","0","","False","",""
"3831","طقم ادوات هندسيه ديلي","80","115","115","115","140","","","29","2320","0","","True","False","False","0","0","0","","","","","","0","2/9/2026 3:53:06 PM","","0","0","","False","",""
"3832","رصاص power","3","5","5","5","5","","","330","990","0","","True","False","False","0","0","0","","","","","","0","2/9/2026 3:53:06 PM","","0","0","","False","",""
"3833","مسدس متعدد متعلق ","250","325","325","325","325","","","3","750","0","","True","False","False","0","0","0","","","","","","0","2/9/2026 3:53:06 PM","","0","0","","False","",""
"3834","كارت عربيات 6*1","65","165","165","165","195","","","8","480","0","","True","False","False","0","0","0","","","0","1","0","0","2/9/2026 3:53:06 PM","","0","0","","False","",""
"3835","كارت اسبيدر نزهه","210","285","285","285","285","","","2","420","0","","True","False","False","0","0","0","","","","","","0","2/9/2026 3:53:06 PM","","0","0","","False","",""
"3836","تراك احمر","100","155","155","155","155","","","2","200","0","","True","False","False","0","0","0","","","","","","0","2/9/2026 3:53:06 PM","","0","0","","False","",""
"3837","شخصيات كارت ","115","205","205","205","205","","","7","805","0","","True","False","False","0","0","0","","","","","","0","2/9/2026 3:53:06 PM","","0","0","","False","",""
"3838","عروسه فساتين نزهه","250","335","335","335","335","","","2","500","0","","True","False","False","0","0","0","","","","","","0","2/9/2026 3:53:06 PM","","0","0","","False","",""
"3839","فروزن نزهه","200","295","295","295","295","","","2","400","0","","True","False","False","0","0","0","","","","","","0","2/9/2026 3:53:06 PM","","0","0","","False","",""
"3840","مسدس اورنج متعدد","290","385","385","385","385","","","2","580","0","","True","False","False","0","0","0","","","","","","0","2/9/2026 3:53:06 PM","","0","0","","False","",""
"3841","باجي نزهه","350","485","485","485","485","","","2","700","0","","True","False","False","0","0","0","","","","","","0","2/9/2026 3:53:06 PM","","0","0","","False","",""
"3842","مسدس تنين نزهه","190","285","285","285","285","","","2","380","0","","True","False","False","0","0","0","","","","","","0","2/9/2026 3:53:06 PM","","0","0","","False","",""
"3843","مسدس فوم ماسك نزهه كبير ","275","405","405","405","425","","","4","1100","0","","True","False","False","0","0","0","","","","","","0","2/9/2026 3:53:06 PM","","0","0","","False","",""
"3844","مسدس يوني كورن ","260","365","365","365","365","","","2","520","0","","True","False","False","0","0","0","","","","","","0","2/9/2026 3:53:06 PM","","0","0","","False","",""
"3845","حصان باربي نزهه","265","325","325","325","325","","","2","530","0","","True","False","False","0","0","0","","","","","","0","2/9/2026 3:53:06 PM","","0","0","","False","",""
"3846","صيادين سمك كهربا نزهه","165","215","215","215","215","","","2","330","0","","True","False","False","0","0","0","","","","","","0","2/9/2026 3:53:06 PM","","0","0","","False","",""
"3847","علبه خرز بنانت نزهه","75","265","265","265","265","","","8","600","0","","True","False","False","0","0","0","","","","","","0","2/9/2026 3:53:06 PM","","0","0","","False","",""
"3848","علبه خرز كبير  نزهه","210","295","295","295","295","","","2","420","0","","True","False","False","0","0","0","","","","","","0","2/9/2026 3:53:06 PM","","0","0","","False","",""
"3849","استيكه power","2","3","3","3","5","","","150","300","0","","True","False","False","0","0","0","","","","","","0","2/9/2026 3:53:06 PM","","0","0","","False","",""
"3850","استيكه باور ","2","6.5","6.5","6.5","6.5","","","20","40","0","","True","False","False","0","0","0","","","","","","0","2/9/2026 3:53:06 PM","","0","0","","False","",""
"3851","مقلمه يوني كورن هاشميه","55","85","85","85","85","","","9","495","0","","True","False","False","0","0","0","","","","","","0","2/9/2026 3:53:06 PM","","0","0","","False","",""
"3852","لعبه خرز فراشه","45","75","75","75","75","","","5","225","0","","True","False","False","0","0","0","","","","","","0","2/9/2026 3:53:06 PM","","0","0","","False","",""
"3853","كارت مطبخ عروسه ","95","175","175","175","175","","","2","190","0","","True","False","False","0","0","0","","","","","","0","2/9/2026 3:53:06 PM","","0","0","","False","",""
"3854","كارت عروسه دكتور 2","75","165","165","165","165","","","2","150","0","","True","False","False","0","0","0","","","","","","0","2/9/2026 3:53:06 PM","","0","0","","False","",""
"3855","كارت دكتوره صغير ","75","135","135","135","135","","","2","150","0","","True","False","False","0","0","0","","","","","","0","2/9/2026 3:53:06 PM","","0","0","","False","",""
"3856","كارت سيف كبير","120","205","205","205","205","","","2","240","0","","True","False","False","0","0","0","","","","","","0","2/9/2026 3:53:06 PM","","0","0","","False","",""
"3857","كارت حلقات جدبد","125","185","185","185","185","","","3","375","0","","True","False","False","0","0","0","","","","","","0","2/9/2026 3:53:06 PM","","0","0","","False","",""
"3858","كارت الرجل الاخضر ","95","185","185","185","185","","","2","190","0","","True","False","False","0","0","0","","","","","","0","2/9/2026 3:53:06 PM","","0","0","","False","",""
"3859","كارت بندقيه كور ","95","165","165","165","165","","","2","190","0","","True","False","False","0","0","0","","","","","","0","2/9/2026 3:53:06 PM","","0","0","","False","",""
"3860","مسدس صوت تركي ","160","235","235","235","235","","","2","320","0","","True","False","False","0","0","0","","","","","","0","2/9/2026 3:53:06 PM","","0","0","","False","",""
"3861","خرزشفاف","135","185","185","185","245","","","6","810","0","","True","False","False","0","0","0","","","","","","0","2/9/2026 3:53:06 PM","","0","0","","False","",""
"3862","مسدس فل وجل ","265","345","345","345","345","","","2","530","0","","True","False","False","0","0","0","","","","","","0","2/9/2026 3:53:06 PM","","0","0","","False","",""
"3863","مسدس فل وجل اسبيدر مان ","245","365","365","365","365","","","2","490","0","","True","False","False","0","0","0","","","","","","0","2/9/2026 3:53:06 PM","","0","0","","False","",""
"3864","فروزن 2*1","135","210","210","210","210","","","2","270","0","","True","False","False","0","0","0","","","","","","0","2/9/2026 3:53:06 PM","","0","0","","False","",""
"3865","قناع ننجا ","205","305","305","305","305","","","2","410","0","","True","False","False","0","0","0","","","","","","0","2/9/2026 3:53:06 PM","","0","0","","False","",""
"3866","عربيه ريموت 4 اتجاه  شحن جديد","275","325","325","325","450","","","3","825","0","","True","False","False","0","0","0","","","","","","0","2/9/2026 3:53:06 PM","","0","0","","False","",""
"3867","بيبيبي بورن مثلث","214","325","325","325","325","","","2","428","0","","True","False","False","0","0","0","","","","","","0","2/9/2026 3:53:06 PM","","0","0","","False","",""
"3868","سيف +درع ","112","185","185","185","185","","","2","224","0","","True","False","False","0","0","0","","","","","","0","2/9/2026 3:53:06 PM","","0","0","","False","",""
"3869","سيف a2 ","91","195","195","195","195","","","4","364","0","","True","False","False","0","0","0","","","","","","0","2/9/2026 3:53:06 PM","","0","0","","False","",""
"3870","مطبخ العروسه 2","262","345","345","345","345","","","2","524","0","","True","False","False","0","0","0","","","","","","0","2/9/2026 3:53:06 PM","","0","0","","False","",""
"3871","صياد السمك الجديد عجله","155","225","225","225","225","","","2","310","0","","True","False","False","0","0","0","","","","","","0","2/9/2026 3:53:06 PM","","0","0","","False","",""
"3872","مكياج هلال ","165","185","185","185","285","","","3","495","0","","True","False","False","0","0","0","","","","","","0","2/9/2026 3:53:06 PM","","0","0","","False","",""
"3873","علبه مكياج جديد ","84","165","165","165","165","","","3","252","0","","True","False","False","0","0","0","","","","","","0","2/9/2026 3:53:06 PM","","0","0","","False","",""
"3874","علبه مكياج جديد العيد ","145","265","265","265","265","","","6","870","0","","True","False","False","0","0","0","","","","","","0","2/9/2026 3:53:06 PM","","0","0","","False","",""
"3875","كروت الصفقه ","85","165","165","165","185","","","13","1105","0","","True","False","False","0","0","0","","","","","","0","2/9/2026 3:53:06 PM","","0","0","","False","",""
"3876","فروزن شوذ","120","165","165","165","165","","","2","240","0","","True","False","False","0","0","0","","","","","","0","2/9/2026 3:53:06 PM","","0","0","","False","",""
"3877","عروسه عربيه بيبي ","175","235","235","235","235","","","2","350","0","","True","False","False","0","0","0","","","","","","0","2/9/2026 3:53:06 PM","","0","0","","False","",""
"3878","مكياج فراشه","135","205","205","205","205","","","2","270","0","","True","False","False","0","0","0","","","","","","0","2/9/2026 3:53:06 PM","","0","0","","False","",""
"3879","مكياج هلال 4*1","155","230","230","230","230","","","3","465","0","","True","False","False","0","0","0","","","","","","0","2/9/2026 3:53:06 PM","","0","0","","False","",""
"3880","عروسه نغمات ","155","230","230","230","230","","","4","620","0","","True","False","False","0","0","0","","","","","","0","2/9/2026 3:53:06 PM","","0","0","","False","",""
"3881","مسدس فل  لبني ","165","195","195","195","195","","","2","330","0","","True","False","False","0","0","0","","","","","","0","2/9/2026 3:53:06 PM","","0","0","","False","",""
"3882","هابي ليزر ","20","30","30","30","30","","","6","120","0","","True","False","False","0","0","0","","","","","","0","2/9/2026 3:53:06 PM","","0","0","","False","",""
"3883","مطبخ lol  مع 2 عروسه ","189","295","295","295","295","","","3","567","0","","True","False","False","0","0","0","","","","","","0","2/9/2026 3:53:06 PM","","0","0","","False","",""
"3884","حصان يوني كورن ","155","220","220","220","250","","","6","930","0","","True","False","False","0","0","0","","","","","","0","2/9/2026 3:53:06 PM","","0","0","","False","",""
"3885","عرةسه بوتي +بامبرز  drinik wet baby","238","365","365","365","365","","","6","1428","0","","True","False","False","0","0","0","","","","","","0","2/9/2026 3:53:06 PM","","0","0","","False","",""
"3886","راس بناتي frozen","145","245","245","245","245","","","2","290","0","","True","False","False","0","0","0","","","","","","0","2/9/2026 3:53:06 PM","","0","0","","False","",""
"3887","نص عروسه girl fashion ","84","145","145","145","145","","","12","1008","0","","True","False","False","0","0","0","","","","","","0","2/9/2026 3:53:06 PM","","0","0","","False","",""
"3888","عروسه كون ضياء ","65","110","110","110","110","","","6","390","0","","True","False","False","0","0","0","","","","","","0","2/9/2026 3:53:06 PM","","0","0","","False","",""
"3889","شخصيه a ","126","200","200","200","200","","","1","126","0","","True","False","False","0","0","0","","","","","","0","2/9/2026 3:53:06 PM","","0","0","","False","",""
"3890","فيلا + حصان +عروسه lol","225","310","310","310","335","","","5","1125","0","","True","False","False","0","0","0","","","","","","0","2/9/2026 3:53:06 PM","","0","0","","False","",""
"3891","العاب الصيف","42","75","75","75","75","","","4","168","0","","True","False","False","0","0","0","","","","","","0","2/9/2026 3:53:06 PM","","0","0","","False","",""
"3892","شامع هابي لوكس ","25","45","45","45","45","","","2","50","0","","True","False","False","0","0","0","","","","","","0","2/9/2026 3:53:06 PM","","0","0","","False","",""
"3893","ماسك هابي ","5","20","20","20","20","","","12","60","0","","True","False","False","0","0","0","","","","","","0","2/9/2026 3:53:06 PM","","0","0","","False","",""
"3894","شكلل هابي ","15","25","25","25","25","","","14","210","0","","True","False","False","0","0","0","","","","","","0","2/9/2026 3:53:06 PM","","0","0","","False","",""
"3895","شمع هابي صغير ","10","20","20","20","25","","","13","130","0","","True","False","False","0","0","0","","","","","","0","2/9/2026 3:53:06 PM","","0","0","","False","",""
"3896","شمع صغير ابيض ","10","25","25","25","25","","","19","190","0","","True","False","False","0","0","0","","","","","","0","2/9/2026 3:53:06 PM","","0","0","","False","",""
"3897","شمع صغير الوان ","10","20","20","20","20","","","7","70","0","","True","False","False","0","0","0","","","","","","0","2/9/2026 3:53:06 PM","","0","0","","False","",""
"3898","كيس بالون نقط ","10","25","25","25","25","","","7","70","0","","True","False","False","0","0","0","","","","","","0","2/9/2026 3:53:06 PM","","0","0","","False","",""
"3899","الاوان فاوماستر ","27.5","45","45","45","45","","","5","137.5","0","","True","False","False","0","0","0","","","","","","0","2/9/2026 3:53:06 PM","","0","0","","False","",""
"3900","قطر هاشميه ","17","30","30","30","30","","","5","85","0","","True","False","False","0","0","0","","","","","","0","2/9/2026 3:53:06 PM","","0","0","","False","",""
"3901","تلوين هاشميه ","10","25","25","25","25","","","60","600","0","","True","False","False","0","0","0","","","","","","0","2/9/2026 3:53:06 PM","","0","0","","False","",""
"3902","الوان حجر مايه","15","25","25","25","35","","","11","165","0","","True","False","False","0","0","0","","","0","1","0","0","2/9/2026 3:53:06 PM","","0","0","","False","",""
"3903","تلوين صغير هاشميه","8","15","15","15","15","","","20","160","0","","True","False","False","0","0","0","","","","","","0","2/9/2026 3:53:06 PM","","0","0","","False","",""
"3904","سماعه كيس اصفر ","25","45","45","45","45","","","20","500","0","","True","False","False","0","0","0","","","","","","0","2/9/2026 3:53:06 PM","","0","0","","False","",""
"3905","سماعه sia ","85","165","165","165","150","","","25","2125","0","","True","False","False","0","0","0","","","","","","0","2/9/2026 3:53:06 PM","","0","0","","False","",""
"3906","سماعه ايفون واصله sia","285","385","385","385","385","","","6","1710","0","","True","False","False","0","0","0","","","","","","0","2/9/2026 3:53:06 PM","","0","0","","False","",""
"3907","شنطه هدايا عريض ","22","30","30","30","35","","","10","80","0","","True","False","False","0","0","0","","","0","1","0","0","2/9/2026 3:53:06 PM","","0","0","","False","",""
"3908","كارت فروله ","70","155","155","155","155","","","2","140","0","","True","False","False","0","0","0","","","","","","0","2/9/2026 3:53:06 PM","","0","0","","False","",""
"3909","مسدس اخضر ","80","190","190","190","190","","","2","160","0","","True","False","False","0","0","0","","","","","","0","2/9/2026 3:53:06 PM","","0","0","","False","",""
"3910","كارت فرخه ","70","185","185","185","185","","","2","140","0","","True","False","False","0","0","0","","","","","","0","2/9/2026 3:53:06 PM","","0","0","","False","",""
"3911","مسدس ازرق ","100","205","205","205","205","","","2","200","0","","True","False","False","0","0","0","","","","","","0","2/9/2026 3:53:06 PM","","0","0","","False","",""
"3912","شخصيات اسبيدر ","20","40","40","40","40","","","36","720","0","","True","False","False","0","0","0","","","","","","0","2/9/2026 3:53:06 PM","","0","0","","False","",""
"3913","حريه البحر ","125","185","185","185","185","","","3","375","0","","True","False","False","0","0","0","","","","","","0","2/9/2026 3:53:06 PM","","0","0","","False","",""
"3914","مسدس اسبيدر جديد2","235","320","320","320","320","","","2","470","0","","True","False","False","0","0","0","","","","","","0","2/9/2026 3:53:06 PM","","0","0","","False","",""
"3915","شخصيات 2","125","175","175","175","175","","","2","250","0","","True","False","False","0","0","0","","","","","","0","2/9/2026 3:53:06 PM","","0","0","","False","",""
"3916","مسدس دهبي ","85","145","145","145","145","","","2","170","0","","True","False","False","0","0","0","","","","","","0","2/9/2026 3:53:06 PM","","0","0","","False","",""
"3917","بندقيه بط","35","55","55","55","55","","","3","105","0","","True","False","False","0","0","0","","","","","","0","2/9/2026 3:53:06 PM","","0","0","","False","",""
"3918","مسدس هوا ","145","245","245","245","245","","","2","290","0","","True","False","False","0","0","0","","","","","","0","2/9/2026 3:53:06 PM","","0","0","","False","",""
"3919","بندقيه العيد","90","175","175","175","175","","","6","540","0","","True","False","False","0","0","0","","","","","","0","2/9/2026 3:53:06 PM","","0","0","","False","",""
"3920","عربيه جيب جديد","285","365","365","365","365","","","3","855","0","","True","False","False","0","0","0","","","","","","0","2/9/2026 3:53:06 PM","","0","0","","False","",""
"3921","جيب كبير ","305","465","465","465","465","","","2","610","0","","True","False","False","0","0","0","","","","","","0","2/9/2026 3:53:06 PM","","0","0","","False","",""
"3922","اسكرو ","40","85","85","85","85","","","2","80","0","","True","False","False","0","0","0","","","","","","0","2/9/2026 3:53:06 PM","","0","0","","False","",""
"3923","مثل وانت صامت ","35","95","95","95","95","","","3","105","0","","True","False","False","0","0","0","","","","","","0","2/9/2026 3:53:06 PM","","0","0","","False","",""
"3924","دمنه","120","185","185","185","185","","","3","360","0","","True","False","False","0","0","0","","","","","","0","2/9/2026 3:53:06 PM","","0","0","","False","",""
"3925","كوتشينه بلاستك ","37","65","65","65","65","","","6","222","0","","True","False","False","0","0","0","","","","","","0","2/9/2026 3:53:06 PM","","0","0","","False","",""
"3926","واصله تايب سي او سامسونج kakusiga","50","85","85","85","120","","","20","1000","0","","True","False","False","0","0","0","","","0","1","0","0","2/9/2026 3:53:06 PM","","0","0","","False","",""
"3927","ولاعه سياره az10","200","320","320","320","320","","","2","400","0","","True","False","False","0","0","0","","","","","","0","2/9/2026 3:53:06 PM","","0","0","","False","",""
"3928","سماعه واير ليس recci","375","575","575","575","575","","","1","375","0","","True","False","False","0","0","0","","","","","","0","2/9/2026 3:53:06 PM","","0","0","","False","",""
"3929","واصله تايب سي ايفون 1","130","195","195","195","195","","","3","390","0","","True","False","False","0","0","0","","","","","","0","2/9/2026 3:53:06 PM","","0","0","","False","",""
"3930","واصله تايب سي ايفون jokade","120","185","185","185","185","","","5","600","0","","True","False","False","0","0","0","","","","","","0","2/9/2026 3:53:06 PM","","0","0","","False","",""
"3931","واصله تايب سي +تايب سي jokade","120","205","205","205","205","","","8","960","0","","True","False","False","0","0","0","","","","","","0","2/9/2026 3:53:06 PM","","0","0","","False","",""
"3932","لوحه تلوين هاشميه ","15","25","25","25","30","","","24","360","0","","True","False","False","0","0","0","","","","","","0","2/9/2026 3:53:06 PM","","0","0","","False","",""
"3933","دباسه هاشميه ","80","135","135","135","145","","","2","160","0","","True","False","False","0","0","0","","","","","","0","2/9/2026 3:53:06 PM","","0","0","","False","",""
"3934","كشكول 250 فواصل هاشميه ","125","165","165","165","165","","","3","375","0","","True","False","False","0","0","0","","","","","","0","2/9/2026 3:53:06 PM","","0","0","","False","",""
"3935","عروسه عامر ","150","245","245","245","245","","","3","450","0","","True","False","False","0","0","0","","","","","","0","2/9/2026 3:53:06 PM","","0","0","","False","",""
"3936","مسدسين احمرر فل ","215","325","325","325","325","","","2","430","0","","True","False","False","0","0","0","","","","","","0","2/9/2026 3:53:06 PM","","0","0","","False","",""
"3937","عروسه فساتين علاء عامر ","165","250","250","250","325","","","3","495","0","","True","False","False","0","0","0","","","","","","0","2/9/2026 3:53:06 PM","","0","0","","False","",""
"3938","فيلاا علاء عامر ","325","520","520","520","520","","","2","650","0","","True","False","False","0","0","0","","","","","","0","2/9/2026 3:53:06 PM","","0","0","","False","",""
"3939","عروسه عربيه علاء عامر ","340","365","365","365","630","","","3","735","0","","True","False","False","0","0","0","","","0","1","0","0","2/9/2026 3:53:06 PM","","0","0","","False","",""
"3940","باجي علاء عامر ","160","265","265","265","265","","","3","480","0","","True","False","False","0","0","0","","","","","","0","2/9/2026 3:53:06 PM","","0","0","","False","",""
"3941","تكت فراج","5.5","385","385","385","12","","","35","192.5","0","","True","False","False","0","0","0","","","","","","0","2/9/2026 3:53:06 PM","","0","0","","False","",""
"3942","عروسه وعريس علاء عامر ","265","385","385","385","385","","","2","530","0","","True","False","False","0","0","0","","","","","","0","2/9/2026 3:53:06 PM","","0","0","","False","",""
"3943","شبكه كورعلاء ","38","85","85","85","85","","","4","152","0","","True","False","False","0","0","0","","","","","","0","2/9/2026 3:53:06 PM","","0","0","","False","",""
"3944","عروسه علاء صغير ","90","200","200","200","200","","","6","540","0","","True","False","False","0","0","0","","","","","","0","2/9/2026 3:53:06 PM","","0","0","","False","",""
"3945","لودر قلابشحن  ","338","475","475","475","475","","","2","676","0","","True","False","False","0","0","0","","","","","","0","2/9/2026 3:53:06 PM","","0","0","","False","",""
"3946","طقم كياج كيتي ","170","220","220","220","220","","","2","340","0","","True","False","False","0","0","0","","","","","","0","2/9/2026 3:53:06 PM","","0","0","","False","",""
"3947","دبابه يرموت شحن ","350","495","495","495","525","","","2","700","0","","True","False","False","0","0","0","","","","","","0","2/9/2026 3:53:06 PM","","0","0","","False","",""
"3948","واصلة ايفون intelligent","30","65","65","65","65","","","19","570","0","","True","False","False","0","0","0","","","","","","0","2/9/2026 3:53:06 PM","","0","0","","False","",""
"3949","كشكول  فواصل 240 ورقه  sena 6 subject ","85","130","130","130","130","","","3","255","0","","True","False","False","0","0","0","","","","","","0","2/9/2026 3:53:06 PM","","0","0","","False","",""
"3950","شاحن ايفون kakusiga","70","150","150","150","150","","","3","210","0","","True","False","False","0","0","0","","","","","","0","2/9/2026 3:53:06 PM","","0","0","","False","",""
"3951","شاحن تايب سي 3boos","60","135","135","135","135","","","2","120","0","","True","False","False","0","0","0","","","","","","0","2/9/2026 3:53:06 PM","","0","0","","False","",""
"3952","شاحن fast type-c ","135","190","190","190","190","","","4","540","0","","True","False","False","0","0","0","","","","","","0","2/9/2026 3:53:06 PM","","0","0","","False","",""
"3953","شاحن fast اندرويد","120","190","190","190","190","","","3","360","0","","True","False","False","0","0","0","","","","","","0","2/9/2026 3:53:06 PM","","0","0","","False","",""
"3954","شاحن ايفون  fast ","140","200","200","200","200","","","2","280","0","","True","False","False","0","0","0","","","","","","0","2/9/2026 3:53:06 PM","","0","0","","False","",""
"3955","رزمة ورق ازهار 70ج","150","200","200","200","175","","","70","11200","0","","True","False","False","0","0","0","","","0","1","0","0","2/9/2026 3:53:06 PM","","0","0","","False","",""
"3956","كشكول hard cover فواصل 7مواد 280 ورقه","140","220","220","220","220","","","2","280","0","","True","False","False","0","0","0","","","","","","0","2/9/2026 3:53:06 PM","","0","0","","False","",""
"3957","كشكول فواصل 4 مواد jumbo","110","180","180","180","170","","","13","1430","0","","True","False","False","0","0","0","","","","","","0","2/9/2026 3:53:06 PM","","0","0","","False","",""
"3958","كشكول منترا سلك 100 ورقه","25","45","45","45","45","","","9","225","0","","True","False","False","0","0","0","","","0","1","0","0","2/9/2026 3:53:06 PM","","0","0","","False","",""
"3959","كشكول hard cover 120ورقه فواصل ","71","105","105","105","105","","","10","710","0","","True","False","False","0","0","0","","","","","","0","2/9/2026 3:53:06 PM","","0","0","","False","",""
"3960","كشكول hard cover 160ورقه فواصل ","87","135","135","135","145","","","16","1392","0","","True","False","False","0","0","0","","","","","","0","2/9/2026 3:53:06 PM","","0","0","","False","",""
"3961","كشكول عربي 80 ورقه ","16","20","20","20","20","","","190","2850","0","","True","False","False","0","0","0","","","0","1","0","0","2/9/2026 3:53:06 PM","","0","0","","False","",""
"3962","مطاره 2 لون ","110","165","165","165","165","","","6","660","0","","True","False","False","0","0","0","","","","","","0","2/9/2026 3:53:06 PM","","0","0","","False","",""
"3963","مطاره عمود ثلج جيش","65","100","100","100","100","","","10","650","0","","True","False","False","0","0","0","","","","","","0","2/9/2026 3:53:06 PM","","0","0","","False","",""
"3964","مطاره eyun spotrs ","200","285","285","285","285","","","3","600","0","","True","False","False","0","0","0","","","","","","0","2/9/2026 3:53:06 PM","","0","0","","False","",""
"3965","مطاره fine","180","250","250","250","250","","","3","540","0","","True","False","False","0","0","0","","","","","","0","2/9/2026 3:53:06 PM","","0","0","","False","",""
"3966","مطاره time  لونين","75","125","125","125","125","","","8","600","0","","True","False","False","0","0","0","","","","","","0","2/9/2026 3:53:06 PM","","0","0","","False","",""
"3967","مطاره hello master لونين","65","110","110","110","110","","","16","1040","0","","True","False","False","0","0","0","","","","","","0","2/9/2026 3:53:06 PM","","0","0","","False","",""
"3968","لانش بوكس متقسم sina","92","80","80","80","150","","","14","528","0","","True","False","False","0","0","0","","","0","1","0","0","2/9/2026 3:53:06 PM","","0","0","","False","",""
"3969","مقلمه اولاد نضيف","100","145","145","145","145","","","3","300","0","","True","False","False","0","0","0","","","","","","0","2/9/2026 3:53:06 PM","","0","0","","False","",""
"3970","مقلمه ولادي hero","52","90","90","90","90","","","13","676","0","","True","False","False","0","0","0","","","","","","0","2/9/2026 3:53:06 PM","","0","0","","False","",""
"3971","مقلمه علبه خفيف","43","70","70","70","70","","","12","516","0","","True","False","False","0","0","0","","","","","","0","2/9/2026 3:53:06 PM","","0","0","","False","",""
"3972","مقلمه بنات علبهmagic ","52","90","90","90","90","","","12","624","0","","True","False","False","0","0","0","","","","","","0","2/9/2026 3:53:06 PM","","0","0","","False","",""
"3973","دفتر استلام نقدي","15","30","30","30","30","","","20","300","0","","True","False","False","0","0","0","","","","","","0","2/9/2026 3:53:06 PM","","0","0","","False","",""
"3974","كشكول 80 ورقه مربعات صفير","15","20","20","20","20","","","110","300","0","","True","False","False","0","0","0","","","0","1","0","0","2/9/2026 3:53:06 PM","","0","0","","False","",""
"3975","طقم بالونات 9 قطع جديد","20","35","35","35","35","","","6","120","0","","True","False","False","0","0","0","","","","","","0","2/9/2026 3:53:06 PM","","0","0","","False","",""
"3976","واصلة تايب سي KAKUSIGA","30","65","65","65","75","","","24","720","0","","True","False","False","0","0","0","","","","","","0","2/9/2026 3:53:06 PM","","0","0","","False","",""
"3977","سماعه هاند فري MOOXOOM","40","85","85","85","85","","","15","600","0","","True","False","False","0","0","0","","","","","","0","2/9/2026 3:53:06 PM","","0","0","","False","",""
"3978","الوان شمع fantastic","18.5","40","40","40","40","","","7","129.5","0","","True","False","False","0","0","0","","","","","","0","2/9/2026 3:53:06 PM","","0","0","","False","",""
"3979","دباسه stapler 213","83","75","75","75","150","","","3","270","0","","True","False","False","0","0","0","","","0","1","0","0","2/9/2026 3:53:06 PM","","0","0","","False","",""
"3980","دباسه stapler 233","54","90","90","90","100","","","6","324","0","","True","False","False","0","0","0","","","","","","0","2/9/2026 3:53:06 PM","","0","0","","False","",""
"3981","الوان خشب 12 لون طويل c3","42","60","60","60","65","","","24","1008","0","","True","False","False","0","0","0","","","","","","0","2/9/2026 3:53:06 PM","","0","0","","False","",""
"3982","نوته حبل كبير الهدى ","69","100","100","100","120","","","10","650","0","","True","False","False","0","0","0","","","0","1","0","0","2/9/2026 3:53:06 PM","","0","0","","False","",""
"3983","نوته مغناطيس وسط","70","90","90","90","135","","","6","650","0","","True","False","False","0","0","0","","","0","1","0","0","2/9/2026 3:53:06 PM","","0","0","","False","",""
"3984","قلم رصاص wealth ","1.7","4","4","4","5","","","48","81.6","0","","True","False","False","0","0","0","","","","","","0","2/9/2026 3:53:06 PM","","0","0","","False","",""
"3985","قلم رصاص MILAN ","2","5","5","5","5","","","144","288","0","","True","False","False","0","0","0","","","","","","0","2/9/2026 3:53:06 PM","","0","0","","False","",""
"3986","مطاره شاليمو الهدى","22.5","60","60","60","60","","","6","135","0","","True","False","False","0","0","0","","","","","","0","2/9/2026 3:53:06 PM","","0","0","","False","",""
"3987","لانش بوكس متقسم ruba house","45","75","75","75","75","","","10","450","0","","True","False","False","0","0","0","","","","","","0","2/9/2026 3:53:06 PM","","0","0","","False","",""
"3988","لانش بوكس متقسم +شوكه ومعلقه","37","65","65","65","65","","","6","222","0","","True","False","False","0","0","0","","","","","","0","2/9/2026 3:53:06 PM","","0","0","","False","",""
"3989","كشكول 9 اسطر  60 a4 ","25","27","27","27","40","","","27","1000","0","","True","False","False","0","0","0","","","0","1","0","0","2/9/2026 3:53:06 PM","","0","0","","False","",""
"3990","لاصق ab","12","25","25","25","25","","","6","72","0","","True","False","False","0","0","0","","","","","","0","2/9/2026 3:53:06 PM","","0","0","","False","",""
"3991","ويبس ","17","35","35","35","35","","","12","204","0","","True","False","False","0","0","0","","","","","","0","2/9/2026 3:53:06 PM","","0","0","","False","",""
"3992","الصاروخ ","5","15","15","15","15","","","24","120","0","","True","False","False","0","0","0","","","","","","0","2/9/2026 3:53:06 PM","","0","0","","False","",""
"3993","كتاب سلاح التلميذ عربي 2ب","137","129","129","129","165","","","11","110","0","","True","False","False","0","0","0","","","0","1","0","0","2/9/2026 3:53:06 PM","","0","0","","False","",""
"3994","كتاب سلاح التلميذ عربي3ب","145","139","139","139","175","","","11","110","0","","True","False","False","0","0","0","","","0","1","0","0","2/9/2026 3:53:06 PM","","0","0","","False","",""
"3995","كتاب سلاح التلميذ عربي 4ب","165","149","149","149","195","","","13","1170","0","","True","False","False","0","0","0","","","0","1","0","0","2/9/2026 3:53:06 PM","","0","0","","False","",""
"3996","كتاب سلاح التلميذ عربي5ب","165","149","149","149","195","","","11","480","0","","True","False","False","0","0","0","","","0","1","0","0","2/9/2026 3:53:06 PM","","0","0","","False","",""
"3997","كتاب سلاح التلميذ عربي6ب","145","159","159","159","199","","","10","900","0","","True","False","False","0","0","0","","","0","1","0","0","2/9/2026 3:53:06 PM","","0","0","","False","",""
"3998","كتاب سلاح التلميذ 6ب دراسات ","145","140","140","140","175","","","11","125","0","","True","False","False","0","0","0","","","0","1","0","0","2/9/2026 3:53:06 PM","","0","0","","False","",""
"3999","كتاب سلاح التلميذ 5ب دراسات ","141","130","130","130","165","","","14","480","0","","True","False","False","0","0","0","","","0","1","0","0","2/9/2026 3:53:06 PM","","0","0","","False","",""
"4000","كتاب سلاح التلميذ 4ب دراسات ","135","130","130","130","165","","","15","240","0","","True","False","False","0","0","0","","","0","1","0","0","2/9/2026 3:53:06 PM","","0","0","","False","",""
"4001","كتاب الاضواء  4ب عربي","160","145","145","145","195","","","20","1820","0","","True","False","False","0","0","0","","","0","1","0","0","2/9/2026 3:53:06 PM","","0","0","","False","",""
"4002","كتاب الاضواء  5ب عربي","155","145","145","145","189","","","20","1960","0","","True","False","False","0","0","0","","","0","1","0","0","2/9/2026 3:53:06 PM","","0","0","","False","",""
"4003","كتاب الاضواء  6ب عربي","160","150","150","150","195","","","20","1595","0","","True","False","False","0","0","0","","","0","1","0","0","2/9/2026 3:53:06 PM","","0","0","","False","",""
"4004","كتاب الاضواء  1ب عربي","130","125","125","125","159","","","7","220","0","","True","False","False","0","0","0","","","0","1","0","0","2/9/2026 3:53:06 PM","","0","0","","False","",""
"4005","كتاب الاضواء  2ب عربي","131","125","125","125","159","","","8","880","0","","True","False","False","0","0","0","","","0","1","0","0","2/9/2026 3:53:06 PM","","0","0","","False","",""
"4006","كتاب الاضواء 3 ب عربي","136","130","130","130","165","","","13","1125","0","","True","False","False","0","0","0","","","0","1","0","0","2/9/2026 3:53:06 PM","","0","0","","False","",""
"4007","كتاب الاضواء  4ب دراسات ","131","130","130","130","159","","","15","1125","0","","True","False","False","0","0","0","","","0","1","0","0","2/9/2026 3:53:06 PM","","0","0","","False","",""
"4008","كتاب الاضواء  5ب دراسات ","131","130","130","130","159","","","15","1265","0","","True","False","False","0","0","0","","","0","1","0","0","2/9/2026 3:53:06 PM","","0","0","","False","",""
"4009","كتاب الاضواء  6ب دراسات ","131","140","140","140","159","","","17","1320","0","","True","False","False","0","0","0","","","0","1","0","0","2/9/2026 3:53:06 PM","","0","0","","False","",""
"4010","المعاصر ماث 6ب","242","250","250","250","295","","","25","2475","0","","True","False","False","0","0","0","","","0","1","0","0","2/9/2026 3:53:06 PM","","0","0","","False","",""
"4011","المعاصر ماث 5ب","221","245","245","245","265","","","25","4465","0","","True","False","False","0","0","0","","","0","1","0","0","2/9/2026 3:53:06 PM","","0","0","","False","",""
"4012","المعاصر ماث 4ب","234","265","265","265","285","","","25","3250","0","","True","False","False","0","0","0","","","0","1","0","0","2/9/2026 3:53:06 PM","","0","0","","False","",""
"4013","المعاصر ماث 1ب","205","195","195","195","229","","","5","555","0","","True","False","False","0","0","0","","","0","1","0","0","2/9/2026 3:53:06 PM","","0","0","","False","",""
"4014","المعاصر ماث 2ب","210","200","200","200","245","","","10","2200","0","","True","False","False","0","0","0","","","0","1","0","0","2/9/2026 3:53:06 PM","","0","0","","False","",""
"4015","المعاصر ماث 3ب","209","215","215","215","255","","","15","1600","0","","True","False","False","0","0","0","","","0","1","0","0","2/9/2026 3:53:06 PM","","0","0","","False","",""
"4016","المعاصرساينس 4ب","218","265","265","265","265","","","25","2730","0","","True","False","False","0","0","0","","","0","1","0","0","2/9/2026 3:53:06 PM","","0","0","","False","",""
"4017","المعاصرساينس 5ب","218","255","255","255","265","","","25","3220","0","","True","False","False","0","0","0","","","0","1","0","0","2/9/2026 3:53:06 PM","","0","0","","False","",""
"4018","المعاصرساينس 6ب","221","250","250","250","270","","","27","2820","0","","True","False","False","0","0","0","","","0","1","0","0","2/9/2026 3:53:06 PM","","0","0","","False","",""
"4019","المعاصرساينس 2ع","245","260","260","260","260","","","11","2695","0","","True","False","False","0","0","0","","","","","","0","2/9/2026 3:53:06 PM","","0","0","","False","",""
"4020","المعاصرساينس 3ع","275","270","270","270","305","","","22","3000","0","","True","False","False","0","0","0","","","0","1","0","0","2/9/2026 3:53:06 PM","","0","0","","False","",""
"4021","الاضواء عربي 2ع","164","150","150","150","199","","","6","945","0","","True","False","False","0","0","0","","","0","1","0","0","2/9/2026 3:53:06 PM","","0","0","","False","",""
"4022","الاضواء عربي 3ع","151","150","150","150","185","","","10","1485","0","","True","False","False","0","0","0","","","0","1","0","0","2/9/2026 3:53:06 PM","","0","0","","False","",""
"4023","المعاصرانجليزي 3ع","147","158","158","158","179","","","15","2100","0","","True","False","False","0","0","0","","","0","1","0","0","2/9/2026 3:53:06 PM","","0","0","","False","",""
"4024","المعاصرانجليزي 2ع","155","157","157","157","189","","","17","1540","0","","True","False","False","0","0","0","","","0","1","0","0","2/9/2026 3:53:06 PM","","0","0","","False","",""
"4025","الامتحان دراسات 2ع ","147","127","127","127","179","","","15","1560","0","","True","False","False","0","0","0","","","0","1","0","0","2/9/2026 3:53:06 PM","","0","0","","False","",""
"4026","الامتحان عربي 2ع ","164","150","150","150","199","","","20","2240","0","","True","False","False","0","0","0","","","0","1","0","0","2/9/2026 3:53:06 PM","","0","0","","False","",""
"4027","الامتحان عربي 3ع ","151","155","155","155","185","","","20","3000","0","","True","False","False","0","0","0","","","0","1","0","0","2/9/2026 3:53:06 PM","","0","0","","False","",""
"4028","الامتحان دراسات 3ع ","130","130","130","130","159","","","20","2080","0","","True","False","False","0","0","0","","","0","1","0","0","2/9/2026 3:53:06 PM","","0","0","","False","",""
"4029","المعاصر كونكت بلس 6ب","170","175","175","175","195","","","7","1485","0","","True","False","False","0","0","0","","","0","1","0","0","2/9/2026 3:53:06 PM","","0","0","","False","",""
"4030","المعاصر كونكت بلس 5ب","175","167","167","167","195","","","2","1440","0","","True","False","False","0","0","0","","","0","1","0","0","2/9/2026 3:53:06 PM","","0","0","","False","",""
"4031","المعاصر كونكت 1ب","125","127","127","127","132","","","12","1500","0","","True","False","False","0","0","0","","","","","","0","2/9/2026 3:53:06 PM","","0","0","","False","",""
"4032","المعاصر كونكت2ب","120","133","133","133","136","","","8","960","0","","True","False","False","0","0","0","","","","","","0","2/9/2026 3:53:06 PM","","0","0","","False","",""
"4033","المعاصر كونكت3ب ","130","137","137","137","145","","","7","910","0","","True","False","False","0","0","0","","","","","","0","2/9/2026 3:53:06 PM","","0","0","","False","",""
"4034","المعاصر كونكت 4ب","140","155","155","155","155","","","7","980","0","","True","False","False","0","0","0","","","","","","0","2/9/2026 3:53:06 PM","","0","0","","False","",""
"4035","المعاصر كونكت 5ب","140","155","155","155","155","","","10","1400","0","","True","False","False","0","0","0","","","","","","0","2/9/2026 3:53:06 PM","","0","0","","False","",""
"4036","المعاصر كونكت 6ب","140","157","157","157","157","","","9","1260","0","","True","False","False","0","0","0","","","","","","0","2/9/2026 3:53:06 PM","","0","0","","False","",""
"4037","كارت صياد سمك كبير ","125","195","195","195","215","","","4","500","0","","True","False","False","0","0","0","","","","","","0","2/9/2026 3:53:06 PM","","0","0","","False","",""
"4038","لانش بوكس sigma ","135","185","185","185","185","","","6","810","0","","True","False","False","0","0","0","","","","","","0","2/9/2026 3:53:06 PM","","0","0","","False","",""
"4039","كارت عربيات 9*1","95","150","150","150","175","","","4","380","0","","True","False","False","0","0","0","","","","","","0","2/9/2026 3:53:06 PM","","0","0","","False","",""
"4040","صمغ  uhu","26","55","55","55","55","","","16","416","0","","True","False","False","0","0","0","","","","","","0","2/9/2026 3:53:06 PM","","0","0","","False","",""
"4041","قلم جاف بنات شكل جديد","7.5","15","15","15","15","","","24","180","0","","True","False","False","0","0","0","","","","","","0","2/9/2026 3:53:06 PM","","0","0","","False","",""
"4042","صلصال رملي","31","55","55","55","70","","","16","465","0","","True","False","False","0","0","0","","","0","1","0","0","2/9/2026 3:53:06 PM","","0","0","","False","",""
"4043","صلصال طبي pooka boo","20","25","25","25","30","","","68","1360","0","","True","False","False","0","0","0","","","","","","0","2/9/2026 3:53:06 PM","","0","0","","False","",""
"4044","كشكول دبوس a4 مربعات صغيره 80ورقه","35","52","52","52","45","","","54","1400","0","","True","False","False","0","0","0","","","0","1","0","0","2/9/2026 3:53:06 PM","","0","0","","False","",""
"4045","مسدس قرش طلق","55","95","95","95","95","","","3","165","0","","True","False","False","0","0","0","","","","","","0","2/9/2026 3:53:06 PM","","0","0","","False","",""
"4046","كارت تسريحه","85","145","145","145","185","","","2","170","0","","True","False","False","0","0","0","","","0","1","0","0","2/9/2026 3:53:06 PM","","0","0","","False","",""
"4047","كارت نجار خوذه","90","160","160","160","170","","","4","360","0","","True","False","False","0","0","0","","","","","","0","2/9/2026 3:53:06 PM","","0","0","","False","",""
"4048","مطبخ اصفر ","55","125","125","125","125","","","2","110","0","","True","False","False","0","0","0","","","","","","0","2/9/2026 3:53:06 PM","","0","0","","False","",""
"4049","كشكول 4 فواصل جامبو صغير ","50","90","90","90","90","","","3","150","0","","True","False","False","0","0","0","","","","","","0","2/9/2026 3:53:06 PM","","0","0","","False","",""
"4050","كشكول سلك80ورقه نص سنتي a4","38","45","45","45","45","","","5","190","0","","True","False","False","0","0","0","","","","","","0","2/9/2026 3:53:06 PM","","0","0","","False","",""
"4051","شنطه دوشيه ورق","95","145","145","145","145","","","4","380","0","","True","False","False","0","0","0","","","","","","0","2/9/2026 3:53:06 PM","","0","0","","False","",""
"4052","قلم بريما سولوا","2","4","4","4","4","","","24","48","0","","True","False","False","0","0","0","","","","","","0","2/9/2026 3:53:06 PM","","0","0","","False","",""
"4053","الوان خشب 12 لون طويل دومز جديد","32","45","45","45","60","","","12","700","0","","True","False","False","0","0","0","","","0","1","0","0","2/9/2026 3:53:06 PM","","0","0","","False","",""
"4054","فايل شفاف خفيف","1","2","2","2","2","","","1000","1000","0","","True","False","False","0","0","0","","","","","","0","2/9/2026 3:53:06 PM","","0","0","","False","",""
"4055","مساحة سبوره ","15","30","30","30","30","","","3","45","0","","True","False","False","0","0","0","","","","","","0","2/9/2026 3:53:06 PM","","0","0","","False","",""
"4056","تكت الهدي كيس ","15.5","25","25","25","30","","","19","294.5","0","","True","False","False","0","0","0","","","0","1","0","0","2/9/2026 3:53:06 PM","","0","0","","False","",""
"4057","قلم رصاص CADERNO","50","75","75","75","75","","","12","600","0","","True","False","False","0","0","0","","","","","","0","2/9/2026 3:53:06 PM","","0","0","","False","",""
"4058","طقم فلوماستر جاف","30","50","50","50","50","","","6","180","0","","True","False","False","0","0","0","","","","","","0","2/9/2026 3:53:06 PM","","0","0","","False","",""
"4059","الوان خشب 12 لون STABILO ","140","190","190","190","190","","","4","560","0","","True","False","False","0","0","0","","","","","","0","2/9/2026 3:53:06 PM","","0","0","","False","",""
"4060","باكو الوان A4 100ورقه","65","135","135","135","90","","","6","900","0","","True","False","False","0","0","0","","","0","1","0","0","2/9/2026 3:53:06 PM","","0","0","","False","",""
"4061","برايه PIXPIT","6","10","10","10","10","","","48","288","0","","True","False","False","0","0","0","","","","","","0","2/9/2026 3:53:06 PM","","0","0","","False","",""
"4062","الوان خشب X-COLORS","12.5","35","35","35","35","","","12","150","0","","True","False","False","0","0","0","","","","","","0","2/9/2026 3:53:06 PM","","0","0","","False","",""
"4063","الوان ميه GIOUGIONE","33","55","55","55","55","","","6","198","0","","True","False","False","0","0","0","","","","","","0","2/9/2026 3:53:06 PM","","0","0","","False","",""
"4064","الوان جواش 7706go","50","75","75","75","100","","","3","135","0","","True","False","False","0","0","0","","","0","1","0","0","2/9/2026 3:53:06 PM","","0","0","","False","",""
"4065","معاصر ماث 3ع","320","277","277","277","360","","","28","2500","0","","True","False","False","0","0","0","","","0","1","0","0","2/9/2026 3:53:06 PM","","0","0","","False","",""
"4066","قلم سوسته اطفال","7","20","20","20","20","","","36","252","0","","True","False","False","0","0","0","","","","","","0","2/9/2026 3:53:06 PM","","0","0","","False","",""
"4067","قلم جاف بوبيت اطفال","7","25","25","25","25","","","36","252","0","","True","False","False","0","0","0","","","","","","0","2/9/2026 3:53:06 PM","","0","0","","False","",""
"4068","ورق فلوسكاب مفرد الهاشميه","27","40","40","40","40","","","6","162","0","","True","False","False","0","0","0","","","","","","0","2/9/2026 3:53:06 PM","","0","0","","False","",""
"4069","قلم جاف 6 لون","8.5","25","25","25","25","","","36","306","0","","True","False","False","0","0","0","","","","","","0","2/9/2026 3:53:06 PM","","0","0","","False","",""
"4070","برايه علبه daimarse","14","25","25","25","25","","","6","84","0","","True","False","False","0","0","0","","","","","","0","2/9/2026 3:53:06 PM","","0","0","","False","",""
"4071","المعاصر انجليزي 1ع","160","155","155","155","195","","","17","1260","0","","True","False","False","0","0","0","","","0","1","0","0","2/9/2026 3:53:06 PM","","0","0","","False","",""
"4072","الامتحان عربي 1ع ","164","159","159","159","199","","","21","2700","0","","True","False","False","0","0","0","","","0","1","0","0","2/9/2026 3:53:06 PM","","0","0","","False","",""
"4073","المعاصر ماث 2ع","250","255","255","255","285","","","22","2070","0","","True","False","False","0","0","0","","","0","1","0","0","2/9/2026 3:53:06 PM","","0","0","","False","",""
"4074","عروسه بيبي بوتي وسط جديد","285","375","375","375","395","","","4","1140","0","","True","False","False","0","0","0","","","","","","0","2/9/2026 3:53:06 PM","","0","0","","False","",""
"4075","عربيه 4 اتجاه جديد","165","295","295","295","295","","","3","495","0","","True","False","False","0","0","0","","","","","","0","2/9/2026 3:53:06 PM","","0","0","","False","",""
"4076","مسدس قناصه  طلق +يوان ","175","290","290","290","290","","","2","350","0","","True","False","False","0","0","0","","","","","","0","2/9/2026 3:53:06 PM","","0","0","","False","",""
"4077","عروسه +بوتي كبيرعريض","275","385","385","385","385","","","2","550","0","","True","False","False","0","0","0","","","","","","0","2/9/2026 3:53:06 PM","","0","0","","False","",""
"4078","مدفع 3*1 ","275","425","425","425","425","","","2","550","0","","True","False","False","0","0","0","","","","","","0","2/9/2026 3:53:06 PM","","0","0","","False","",""
"4079","كارت مطبخ +كولدير","130","165","165","165","195","","","4","520","0","","True","False","False","0","0","0","","","","","","0","2/9/2026 3:53:06 PM","","0","0","","False","",""
"4080","كرت مسدس+ سكينه صغير ","45","65","65","65","85","","","7","315","0","","True","False","False","0","0","0","","","","","","0","2/9/2026 3:53:06 PM","","0","0","","False","",""
"4081","الوان power12","25","50","50","50","50","","","12","300","0","","True","False","False","0","0","0","","","","","","0","2/9/2026 3:53:06 PM","","0","0","","False","",""
"4082","power12 قصير ","17","25","25","25","30","","","48","816","0","","True","False","False","0","0","0","","","","","","0","2/9/2026 3:53:06 PM","","0","0","","False","",""
"4083","power24الون طويل ","50","85","85","85","85","","","12","600","0","","True","False","False","0","0","0","","","","","","0","2/9/2026 3:53:06 PM","","0","0","","False","",""
"4084","9اسطر 80ورقه ","14","20","20","20","20","","","25","350","0","","True","False","False","0","0","0","","","","","","0","2/9/2026 3:53:06 PM","","0","0","","False","",""
"4085","جواش انابيب","65","95","95","95","95","","","2","130","0","","True","False","False","0","0","0","","","","","","0","2/9/2026 3:53:06 PM","","0","0","","False","",""
"4086","مايه انابيب","125","165","165","165","165","","","4","500","0","","True","False","False","0","0","0","","","","","","0","2/9/2026 3:53:06 PM","","0","0","","False","",""
"4087","كوركتور شريط صغير ","11","20","20","20","20","","","12","132","0","","True","False","False","0","0","0","","","","","","0","2/9/2026 3:53:06 PM","","0","0","","False","",""
"4088","الوان شمع 24 لون","43","75","75","75","75","","","4","172","0","","True","False","False","0","0","0","","","","","","0","2/9/2026 3:53:06 PM","","0","0","","False","",""
"4089","استيكر نجوم ملون واصفر","14","25","25","25","25","","","80","1120","0","","True","False","False","0","0","0","","","","","","0","2/9/2026 3:53:06 PM","","0","0","","False","",""
"4090","الوان شمع 12لون doms ","70","100","100","100","100","","","6","420","0","","True","False","False","0","0","0","","","","","","0","2/9/2026 3:53:06 PM","","0","0","","False","",""
"4091","طقم قلم فسفوري 6 لون ball","17.5","30","30","30","30","","","6","105","0","","True","False","False","0","0","0","","","","","","0","2/9/2026 3:53:06 PM","","0","0","","False","",""
"4092","رصاص باور الوان ","2","5","5","5","5","","","36","72","0","","True","False","False","0","0","0","","","","","","0","2/9/2026 3:53:06 PM","","0","0","","False","",""
"4093","الوان فلوماستر doms صغير ","30","55","55","55","55","","","5","150","0","","True","False","False","0","0","0","","","","","","0","2/9/2026 3:53:06 PM","","0","0","","False","",""
"4094","مطاره شمواه هاشميه 1","173","245","245","245","245","","","4","692","0","","True","False","False","0","0","0","","","","","","0","2/9/2026 3:53:06 PM","","0","0","","False","",""
"4095","مطاره هاشميه 2","180","265","265","265","265","","","2","360","0","","True","False","False","0","0","0","","","","","","0","2/9/2026 3:53:06 PM","","0","0","","False","",""
"4096","هاشميه3","135","185","185","185","185","","","2","270","0","","True","False","False","0","0","0","","","","","","0","2/9/2026 3:53:06 PM","","0","0","","False","",""
"4097","هاشميه 4","170","255","255","255","255","","","2","340","0","","True","False","False","0","0","0","","","","","","0","2/9/2026 3:53:06 PM","","0","0","","False","",""
"4098","سماعه sia عضم عادي","90","150","150","150","150","","","5","450","0","","True","False","False","0","0","0","","","","","","0","2/9/2026 3:53:06 PM","","0","0","","False","",""
"4099","واصلة اندرويد kakusiga","20","55","55","55","55","","","20","400","0","","True","False","False","0","0","0","","","","","","0","2/9/2026 3:53:06 PM","","0","0","","False","",""
"4100","هاند فري jd052","60","100","100","100","100","","","5","300","0","","True","False","False","0","0","0","","","","","","0","2/9/2026 3:53:06 PM","","0","0","","False","",""
"4101","هاند فري jd006","45","85","85","85","85","","","5","225","0","","True","False","False","0","0","0","","","","","","0","2/9/2026 3:53:06 PM","","0","0","","False","",""
"4102","هاند فري ايفون بلوتوث","100","175","175","175","175","","","5","500","0","","True","False","False","0","0","0","","","","","","0","2/9/2026 3:53:06 PM","","0","0","","False","",""
"4103","شاحن اندرويد kakusiga","55","120","120","120","120","","","5","275","0","","True","False","False","0","0","0","","","","","","0","2/9/2026 3:53:06 PM","","0","0","","False","",""
"4104","فايل سوسته ملون ","17.5","25","25","25","25","","","36","630","0","","True","False","False","0","0","0","","","","","","0","2/9/2026 3:53:06 PM","","0","0","","False","",""
"4105","كشكول سلك انجليزيa4 100 ","35","47","47","47","47","","","6","210","0","","True","False","False","0","0","0","","","","","","0","2/9/2026 3:53:06 PM","","0","0","","False","",""
"4106","دبوس مكتب ملون ","20","30","30","30","25","","","12","240","0","","True","False","False","0","0","0","","","","","","0","2/9/2026 3:53:06 PM","","0","0","","False","",""
"4107","استيكي نوت صغير ساده","8","15","15","15","15","","","48","384","0","","True","False","False","0","0","0","","","","","","0","2/9/2026 3:53:06 PM","","0","0","","False","",""
"4108","استيكي نوت ساده مربع","12","20","20","20","25","","","48","231","0","","True","False","False","0","0","0","","","0","1","0","0","2/9/2026 3:53:06 PM","","0","0","","False","",""
"4109","استيك نوت مستطيل ساده","15.5","25","25","25","25","","","12","186","0","","True","False","False","0","0","0","","","","","","0","2/9/2026 3:53:06 PM","","0","0","","False","",""
"4110","طين اسواني ","19","35","35","35","35","","","8","114","0","","True","False","False","0","0","0","","","0","1","0","0","2/9/2026 3:53:06 PM","","0","0","","False","",""
"4111","منظم قلم","21","35","35","35","35","","","7","147","0","","True","False","False","0","0","0","","","","","","0","2/9/2026 3:53:06 PM","","0","0","","False","",""
"4112","بازل اشكال ","45","70","70","70","70","","","6","270","0","","True","False","False","0","0","0","","","","","","0","2/9/2026 3:53:06 PM","","0","0","","False","",""
"4113","استيكري 3d صغير","5.5","12","12","12","12","","","29","159.5","0","","True","False","False","0","0","0","","","","","","0","2/9/2026 3:53:06 PM","","0","0","","False","",""
"4114","كتب جدول الضرب","5.5","15","15","15","15","","","12","66","0","","True","False","False","0","0","0","","","","","","0","2/9/2026 3:53:06 PM","","0","0","","False","",""
"4115","سماعه air","50","85","85","85","95","","","15","250","0","","True","False","False","0","0","0","","","0","1","0","0","2/9/2026 3:53:06 PM","","0","0","","False","",""
"4116","فرشه اكليرك +بالته","35","65","65","65","65","","","4","140","0","","True","False","False","0","0","0","","","","","","0","2/9/2026 3:53:06 PM","","0","0","","False","",""
"4117","الوان ميه 18 عين","42","75","75","75","85","","","4","168","0","","True","False","False","0","0","0","","","0","1","0","0","2/9/2026 3:53:06 PM","","0","0","","False","",""
"4118","الوان فلومستر 18لون zs-230","67.5","120","120","120","120","","","3","202.5","0","","True","False","False","0","0","0","","","","","","0","2/9/2026 3:53:06 PM","","0","0","","False","",""
"4119","الوان ميه16  عين","27","55","55","55","55","","","3","81","0","","True","False","False","0","0","0","","","","","","0","2/9/2026 3:53:06 PM","","0","0","","False","",""
"4120","استاند قلم رصاص غريب ","2.5","5","5","5","5","","","175","437.5","0","","True","False","False","0","0","0","","","","","","0","2/9/2026 3:53:06 PM","","0","0","","False","",""
"4121","برايه 2 فتحه","10","15","15","15","15","","","12","120","0","","True","False","False","0","0","0","","","","","","0","2/9/2026 3:53:06 PM","","0","0","","False","",""
"4122","الوان بوستر 6 لون شفاف","72","75","75","75","115","","","4","84","0","","True","False","False","0","0","0","","","0","1","0","0","2/9/2026 3:53:06 PM","","0","0","","False","",""
"4123","قلم حبر power","9","20","20","20","20","","","24","216","0","","True","False","False","0","0","0","","","","","","0","2/9/2026 3:53:06 PM","","0","0","","False","",""
"4124","قفل مكتب LKASA","45","50","50","50","75","","","5","180","0","","True","False","False","0","0","0","","","0","1","0","0","2/9/2026 3:53:06 PM","","0","0","","False","",""
"4125","الوان ميه جليتر ","21","40","40","40","40","","","3","63","0","","True","False","False","0","0","0","","","","","","0","2/9/2026 3:53:06 PM","","0","0","","False","",""
"4126","استيكه gold","1","4","4","4","4","","","30","30","0","","True","False","False","0","0","0","","","","","","0","2/9/2026 3:53:06 PM","","0","0","","False","",""
"4127","تغليف ","5","10","10","10","10","","","100","500","0","","True","False","False","0","0","0","","","","","","0","2/9/2026 3:53:06 PM","","0","0","","False","",""
"4128","فايل اكلسير ","42","70","70","70","70","","","3","126","0","","True","False","False","0","0","0","","","","","","0","2/9/2026 3:53:06 PM","","0","0","","False","",""
"4129","هاي ليتر roto","25","40","40","40","50","","","6","144","0","","True","False","False","0","0","0","","","0","1","0","0","2/9/2026 3:53:06 PM","","0","0","","False","",""
"4130","مقلمه ديزني سوسته واحده","21","45","45","45","45","","","6","126","0","","True","False","False","0","0","0","","","","","","0","2/9/2026 3:53:06 PM","","0","0","","False","",""
"4131","الامتحان دراسات 1ع","135","138","138","138","165","","","20","1170","0","","True","False","False","0","0","0","","","0","1","0","0","2/9/2026 3:53:06 PM","","0","0","","False","",""
"4132","بريما الوان خشب قصير ","9","20","20","20","20","","","12","108","0","","True","False","False","0","0","0","","","","","","0","2/9/2026 3:53:06 PM","","0","0","","False","",""
"4133","ليبو الازهري ","10","20","20","20","25","","","17","170","0","","True","False","False","0","0","0","","","","","","0","2/9/2026 3:53:06 PM","","0","0","","False","",""
"4134","سوسته a3 منقوش ","33","45","45","45","45","","","14","462","0","","True","False","False","0","0","0","","","","","","0","2/9/2026 3:53:06 PM","","0","0","","False","",""
"4135","مربعات 100 ص","20","25","25","25","25","","","10","200","0","","True","False","False","0","0","0","","","","","","0","2/9/2026 3:53:06 PM","","0","0","","False","",""
"4136","استاند شمعه نور ","11.5","23","23","23","23","","","24","276","0","","True","False","False","0","0","0","","","","","","0","2/9/2026 3:53:06 PM","","0","0","","False","",""
"4137","شمع عيد ميلاد بغطا 7*1","15","25","25","25","30","","","20","300","0","","True","False","False","0","0","0","","","","","","0","2/9/2026 3:53:06 PM","","0","0","","False","",""
"4138","شمع عيد ميلاد +happy","20","30","30","30","40","","","16","320","0","","True","False","False","0","0","0","","","0","1","0","0","2/9/2026 3:53:06 PM","","0","0","","False","",""
"4139","ستاره كرتون ","25","45","45","45","45","","","6","150","0","","True","False","False","0","0","0","","","","","","0","2/9/2026 3:53:06 PM","","0","0","","False","",""
"4140","زينه مثلث ","10","20","20","20","20","","","18","180","0","","True","False","False","0","0","0","","","","","","0","2/9/2026 3:53:06 PM","","0","0","","False","",""
"4141","شمع ريحه 10*1","17.5","30","30","30","30","","","12","210","0","","True","False","False","0","0","0","","","","","","0","2/9/2026 3:53:06 PM","","0","0","","False","",""
"4142","ماسك ايرون مان ","17.5","30","30","30","30","","","12","210","0","","True","False","False","0","0","0","","","","","","0","2/9/2026 3:53:06 PM","","0","0","","False","",""
"4143"," المعاصر ماث 1ع ","250","275","275","275","280","","","19","3900","0","","True","False","False","0","0","0","","","0","1","0","0","2/9/2026 3:53:06 PM","","0","0","","False","",""
"4144"," الممعاصر ساينس 1 ع","270","275","275","275","279","","","22","4050","0","","True","False","False","0","0","0","","","0","1","0","0","2/9/2026 3:53:06 PM","","0","0","","False","",""
"4145","قلم اطفال رصاص اشكال","7","20","20","20","20","","","24","168","0","","True","False","False","0","0","0","","","","","","0","2/9/2026 3:53:06 PM","","0","0","","False","",""
"4146","ليجو 105","125","200","200","200","200","","","3","375","0","","True","False","False","0","0","0","","","","","","0","2/9/2026 3:53:06 PM","","0","0","","False","",""
"4147","ليجو 200","250","370","370","370","350","","","2","500","0","","True","False","False","0","0","0","","","","","","0","2/9/2026 3:53:06 PM","","0","0","","False","",""
"4148","علبه عربيه  5*1","40","75","75","75","75","","","3","120","0","","True","False","False","0","0","0","","","","","","0","2/9/2026 3:53:06 PM","","0","0","","False","",""
"4149","الوان اكليرك 12 لون تخين","65","105","105","105","105","","","6","390","0","","True","False","False","0","0","0","","","","","","0","2/9/2026 3:53:06 PM","","0","0","","False","",""
"4150","الوان اكليرك 12 لون رفيع","50","95","95","95","95","","","6","270","0","","True","False","False","0","0","0","","","0","1","0","0","2/9/2026 3:53:06 PM","","0","0","","False","",""
"4151","مسدس طلق 2*1 فوم","140","235","235","235","235","","","2","280","0","","True","False","False","0","0","0","","","","","","0","2/9/2026 3:53:06 PM","","0","0","","False","",""
"4152","علبه مطبخ ميكي","125","225","225","225","225","","","2","250","0","","True","False","False","0","0","0","","","","","","0","2/9/2026 3:53:06 PM","","0","0","","False","",""
"4153","مسدس طلق avengers","90","150","150","150","150","","","2","180","0","","True","False","False","0","0","0","","","","","","0","2/9/2026 3:53:06 PM","","0","0","","False","",""
"4154","عروسه ميكي 4*1 +ادوات مرايه","90","150","150","150","150","","","2","180","0","","True","False","False","0","0","0","","","","","","0","2/9/2026 3:53:06 PM","","0","0","","False","",""
"4155","كرت مطبخ +2 كرسي","90","165","165","165","165","","","2","180","0","","True","False","False","0","0","0","","","","","","0","2/9/2026 3:53:06 PM","","0","0","","False","",""
"4156","لولي بوب +خلاط +عربيه جمعيه","90","150","150","150","150","","","2","180","0","","True","False","False","0","0","0","","","","","","0","2/9/2026 3:53:06 PM","","0","0","","False","",""
"4157","عروسه +مطبخ ","90","165","165","165","165","","","2","180","0","","True","False","False","0","0","0","","","","","","0","2/9/2026 3:53:06 PM","","0","0","","False","",""
"4158","اسلايم شخصيات ","30","506","506","506","50","","","6","180","0","","True","False","False","0","0","0","","","","","","0","2/9/2026 3:53:06 PM","","0","0","","False","",""
"4159","جلو المعلم ","10","25","25","25","25","","","20","200","0","","True","False","False","0","0","0","","","","","","0","2/9/2026 3:53:06 PM","","0","0","","False","",""
"4160","كشكول صفحه وصفحه80 ","10","20","20","20","20","","","30","300","0","","True","False","False","0","0","0","","","","","","0","2/9/2026 3:53:06 PM","","0","0","","False","",""
"4161","جانبو 5 ماده","130","210","210","210","210","","","4","520","0","","True","False","False","0","0","0","","","","","","0","2/9/2026 3:53:06 PM","","0","0","","False","",""
"4162","سللك 210 جديد ","75","145","145","145","145","","","6","450","0","","True","False","False","0","0","0","","","","","","0","2/9/2026 3:53:06 PM","","0","0","","False","",""
"4163","الاوان مايه انابيب فراج ","65","110","110","110","110","","","6","390","0","","True","False","False","0","0","0","","","","","","0","2/9/2026 3:53:06 PM","","0","0","","False","",""
"4164","اكليرك فراج ","50","95","95","95","95","","","6","300","0","","True","False","False","0","0","0","","","","","","0","2/9/2026 3:53:06 PM","","0","0","","False","",""
"4165","الوتن زيت ","50","110","110","110","110","","","3","150","0","","True","False","False","0","0","0","","","","","","0","2/9/2026 3:53:06 PM","","0","0","","False","",""
"4166","ادوات هندسيه جديده 2","72","155","155","155","155","","","12","864","0","","True","False","False","0","0","0","","","","","","0","2/9/2026 3:53:06 PM","","0","0","","False","",""
"4167","كوركتور هدى 2","8","15","15","15","15","","","60","480","0","","True","False","False","0","0","0","","","","","","0","2/9/2026 3:53:06 PM","","0","0","","False","",""
"4168","كوتشينه بلاستيك مجوز","15","35","35","35","35","","","6","90","0","","True","False","False","0","0","0","","","","","","0","2/9/2026 3:53:06 PM","","0","0","","False","",""
"4169","برايه حديد 2سلاح","7","15","15","15","15","","","20","140","0","","True","False","False","0","0","0","","","","","","0","2/9/2026 3:53:06 PM","","0","0","","False","",""
"4170","كشكول 200 ورقه سلك ","52.5","75","75","75","95","","","7","315","0","","True","False","False","0","0","0","","","0","1","0","0","2/9/2026 3:53:06 PM","","0","0","","False","",""
"4171","برجل hb-90279","35","65","65","65","65","","","6","210","0","","True","False","False","0","0","0","","","","","","0","2/9/2026 3:53:06 PM","","0","0","","False","",""
"4172","هاي ليتر faber castell","25","25","25","25","40","","","125","2100","0","","True","False","False","0","0","0","","","0","1","0","0","2/9/2026 3:53:06 PM","","0","0","","False","",""
"4173","واصله ايفون KAKUSIGA","30","75","75","75","75","","","5","150","0","","True","False","False","0","0","0","","","","","","0","2/9/2026 3:53:06 PM","","0","0","","False","",""
"4174","سماعه jokade jd040","60","100","100","100","100","","","5","300","0","","True","False","False","0","0","0","","","","","","0","2/9/2026 3:53:06 PM","","0","0","","False","",""
"4175","صب +شاحن واير ليس","375","595","595","595","595","","","5","1875","0","","True","False","False","0","0","0","","","","","","0","2/9/2026 3:53:06 PM","","0","0","","False","",""
"4176","قلم اربعه لون ","15","25","25","25","25","","","36","540","0","","True","False","False","0","0","0","","","","","","0","2/9/2026 3:53:06 PM","","0","0","","False","",""
"4177","سنون كرتال 0.7 ","10","20","20","20","20","","","36","360","0","","True","False","False","0","0","0","","","","","","0","2/9/2026 3:53:06 PM","","0","0","","False","",""
"4178","برايه استيكه 3*1","15","25","25","25","25","","","16","240","0","","True","False","False","0","0","0","","","","","","0","2/9/2026 3:53:06 PM","","0","0","","False","",""
"4179","ويبس صغير ","3","10","10","10","10","","","25","75","0","","True","False","False","0","0","0","","","","","","0","2/9/2026 3:53:06 PM","","0","0","","False","",""
"4180","استكي نوت مسطر ","12","25","25","25","25","","","12","144","0","","True","False","False","0","0","0","","","","","","0","2/9/2026 3:53:06 PM","","0","0","","False","",""
"4181","FBRAVO 5 ماده ","110","175","175","175","175","","","6","660","0","","True","False","False","0","0","0","","","","","","0","2/9/2026 3:53:06 PM","","0","0","","False","",""
"4182","دليفري ","2","5","5","5","5","","","1000","2000","0","","True","False","False","0","0","0","","","","","","0","2/9/2026 3:53:06 PM","","0","0","","False","",""
"4183"," قلم سوسته  dong-a","11.5","20","20","20","20","","","60","690","0","","True","False","False","0","0","0","","","","","","0","2/9/2026 3:53:06 PM","","0","0","","False","",""
"4184","شنطه هدايا لوكس 4 الهدى ","11.5","25","25","25","25","","","12","138","0","","True","False","False","0","0","0","","","","","","0","2/9/2026 3:53:06 PM","","0","0","","False","",""
"4185","شنطه هدايا كعب 3 غريض الهدى ","13","20","20","20","20","","","24","312","0","","True","False","False","0","0","0","","","","","","0","2/9/2026 3:53:06 PM","","0","0","","False","",""
"4186","شنطه هدايا طويل كبير","14","30","30","30","35","","","24","336","0","","True","False","False","0","0","0","","","","","","0","2/9/2026 3:53:06 PM","","0","0","","False","",""
"4187","2 عروسه frozin","290","395","395","395","395","","","1","290","0","","True","False","False","0","0","0","","","","","","0","2/9/2026 3:53:06 PM","","0","0","","False","",""
"4188","عروسه لونج هير ","220","345","345","345","345","","","2","440","0","","True","False","False","0","0","0","","","","","","0","2/9/2026 3:53:06 PM","","0","0","","False","",""
"4189","عروسه كارت ضياء ","75","125","125","125","125","","","10","750","0","","True","False","False","0","0","0","","","","","","0","2/9/2026 3:53:06 PM","","0","0","","False","",""
"4190","كارت عربيات النزهه","95","210","210","210","210","","","2","190","0","","True","False","False","0","0","0","","","","","","0","2/9/2026 3:53:06 PM","","0","0","","False","",""
"4191","مكياج قلب امه نزهه","135","245","245","245","245","","","2","270","0","","True","False","False","0","0","0","","","","","","0","2/9/2026 3:53:06 PM","","0","0","","False","",""
"4192","عربيه دركسيون نزهه ","175","285","285","285","285","","","3","525","0","","True","False","False","0","0","0","","","","","","0","2/9/2026 3:53:06 PM","","0","0","","False","",""
"4193","عربيه اتجاهين 2 اتجاه نزه ","135","265","265","265","265","","","4","540","0","","True","False","False","0","0","0","","","","","","0","2/9/2026 3:53:06 PM","","0","0","","False","",""
"4194","دركسيون ","325","465","465","465","465","","","2","650","0","","True","False","False","0","0","0","","","","","","0","2/9/2026 3:53:06 PM","","0","0","","False","",""
"4195","عربيه شقيه ","375","575","575","575","575","","","1","375","0","","True","False","False","0","0","0","","","","","","0","2/9/2026 3:53:06 PM","","0","0","","False","",""
"4196","عروسه بحر حريه ","175","285","285","285","285","","","4","700","0","","True","False","False","0","0","0","","","","","","0","2/9/2026 3:53:06 PM","","0","0","","False","",""
"4197","عروسه كبيره وصغيره ","165","305","305","305","305","","","2","330","0","","True","False","False","0","0","0","","","","","","0","2/9/2026 3:53:06 PM","","0","0","","False","",""
"4198","مسدس كور النزه ","75","185","185","185","185","","","4","300","0","","True","False","False","0","0","0","","","","","","0","2/9/2026 3:53:06 PM","","0","0","","False","",""
"4199","مسدس فشار ","85","175","175","175","175","","","2","170","0","","True","False","False","0","0","0","","","","","","0","2/9/2026 3:53:06 PM","","0","0","","False","",""
"4200","بندقيه صوت نزهه","145","245","245","245","245","","","4","580","0","","True","False","False","0","0","0","","","","","","0","2/9/2026 3:53:06 PM","","0","0","","False","",""
"4201","مكنه الصلصال ","190","320","320","320","320","","","1","190","0","","True","False","False","0","0","0","","","","","","0","2/9/2026 3:53:06 PM","","0","0","","False","",""
"4202","بيتزا النزهه","75","185","185","185","185","","","2","150","0","","True","False","False","0","0","0","","","","","","0","2/9/2026 3:53:06 PM","","0","0","","False","",""
"4203","علبه مسدس كور فل اورنج ","255","275","275","275","395","","","2","510","0","","True","False","False","0","0","0","","","","","","0","2/9/2026 3:53:06 PM","","0","0","","False","",""
"4204","11 شمع ملون ","15","30","30","30","30","","","6","90","0","","True","False","False","0","0","0","","","","","","0","2/9/2026 3:53:06 PM","","0","0","","False","",""
"4205","شمع هابي نزهه","15","25","25","25","25","","","6","90","0","","True","False","False","0","0","0","","","","","","0","2/9/2026 3:53:06 PM","","0","0","","False","",""
"4206","برفيوم BLEU","85","205","205","205","205","","","2","170","0","","True","False","False","0","0","0","","","","","","0","2/9/2026 3:53:06 PM","","0","0","","False","",""
"4207","برفيوم SAU ","85","195","195","195","195","","","2","170","0","","True","False","False","0","0","0","","","","","","0","2/9/2026 3:53:06 PM","","0","0","","False","",""
"4208","برفيوم لاكوست ","85","215","215","215","215","","","2","170","0","","True","False","False","0","0","0","","","","","","0","2/9/2026 3:53:06 PM","","0","0","","False","",""
"4209","راس شاحن تيب سي ","225","475","475","475","475","","","2","450","0","","True","False","False","0","0","0","","","","","","0","2/9/2026 3:53:06 PM","","0","0","","False","",""
"4210","راس شاحن تيب ويس ","350","650","650","650","650","","","2","700","0","","True","False","False","0","0","0","","","","","","0","2/9/2026 3:53:06 PM","","0","0","","False","",""
"4211","مقلمه هاشميه","72","145","145","145","145","","","6","432","0","","True","False","False","0","0","0","","","","","","0","2/9/2026 3:53:06 PM","","0","0","","False","",""
"4212","مقلمه هاشميه 2","55","125","125","125","125","","","3","165","0","","True","False","False","0","0","0","","","","","","0","2/9/2026 3:53:06 PM","","0","0","","False","",""
"4213","هندسي هاشميه جديد","110","195","195","195","195","","","2","220","0","","True","False","False","0","0","0","","","","","","0","2/9/2026 3:53:06 PM","","0","0","","False","",""
"4214","برجل هاشميه ","10","20","20","20","20","","","12","120","0","","True","False","False","0","0","0","","","","","","0","2/9/2026 3:53:06 PM","","0","0","","False","",""
"4215","منتر 3 كشكول سللك 100","90","145","145","145","145","","","10","621","0","","True","False","False","0","0","0","","","0","1","0","0","2/9/2026 3:53:06 PM","","0","0","","False","",""
"4216","زمزاميه h2o","100","175","175","175","175","","","4","400","0","","True","False","False","0","0","0","","","","","","0","2/9/2026 3:53:06 PM","","0","0","","False","",""
"4217","مطاره هاشميه ","165","235","235","235","235","","","0","0","0","","True","False","False","0","0","0","","","","","","0","2/9/2026 3:53:06 PM","","0","0","","False","",""
"4218","مسدس شمع كبير العطار","110","175","175","175","175","","","2","220","0","","True","False","False","0","0","0","","","","","","0","2/9/2026 3:53:06 PM","","0","0","","False","",""
"4219","بلانش bravo + قلم","18","40","40","40","40","","","6","108","0","","True","False","False","0","0","0","","","","","","0","2/9/2026 3:53:06 PM","","0","0","","False","",""
"4220","طقم هندسي as3009b","22.5","50","50","50","50","","","3","67.5","0","","True","False","False","0","0","0","","","","","","0","2/9/2026 3:53:06 PM","","0","0","","False","",""
"4221","قطر معدن","18","35","35","35","35","","","6","108","0","","True","False","False","0","0","0","","","","","","0","2/9/2026 3:53:06 PM","","0","0","","False","",""
"4222","نوته سلك concord","23.5","40","40","40","40","","","4","94","0","","True","False","False","0","0","0","","","","","","0","2/9/2026 3:53:06 PM","","0","0","","False","",""
"4223","سماعه szx","110","185","185","185","185","","","5","550","0","","True","False","False","0","0","0","","","","","","0","2/9/2026 3:53:06 PM","","0","0","","False","",""
"4224","سماعه تايب سي szx","110","185","185","185","190","","","5","550","0","","True","False","False","0","0","0","","","","","","0","2/9/2026 3:53:06 PM","","0","0","","False","",""
"4225","سماعه تايب سي akg","105","175","175","175","175","","","5","525","0","","True","False","False","0","0","0","","","","","","0","2/9/2026 3:53:06 PM","","0","0","","False","",""
"4226","سماعه e362","50","95","95","95","95","","","10","500","0","","True","False","False","0","0","0","","","","","","0","2/9/2026 3:53:06 PM","","0","0","","False","",""
"4227","سامعه ايفون jh-102","100","225","225","225","200","","","5","500","0","","True","False","False","0","0","0","","","","","","0","2/9/2026 3:53:06 PM","","0","0","","False","",""
"4228","مسدس كور  2*1 فوم ","250","395","395","395","395","","","2","500","0","","True","False","False","0","0","0","","","","","","0","2/9/2026 3:53:06 PM","","0","0","","False","",""
"4229","كارت مسدس +نضاره +قنابل ","120","195","195","195","195","","","1","120","0","","True","False","False","0","0","0","","","","","","0","2/9/2026 3:53:06 PM","","0","0","","False","",""
"4230","كارت بيتزا +طباخ","75","135","135","135","155","","","2","150","0","","True","False","False","0","0","0","","","","","","0","2/9/2026 3:53:06 PM","","0","0","","False","",""
"4231","كارت مرايه + استشوار","125","235","235","235","235","","","2","250","0","","True","False","False","0","0","0","","","","","","0","2/9/2026 3:53:06 PM","","0","0","","False","",""
"4232","كارت تورته ","85","190","190","190","220","","","2","170","0","","True","False","False","0","0","0","","","0","1","0","0","2/9/2026 3:53:06 PM","","0","0","","False","",""
"4233","كارت مسدس +شخصيه","125","235","235","235","235","","","4","500","0","","True","False","False","0","0","0","","","","","","0","2/9/2026 3:53:06 PM","","0","0","","False","",""
"4234","عروسه تلج+تاج","145","270","270","270","270","","","2","290","0","","True","False","False","0","0","0","","","","","","0","2/9/2026 3:53:06 PM","","0","0","","False","",""
"4235","علبه نجار ","100","220","220","220","220","","","2","200","0","","True","False","False","0","0","0","","","","","","0","2/9/2026 3:53:06 PM","","0","0","","False","",""
"4236","كارت +مقص+تسريحه ","175","295","295","295","295","","","2","350","0","","True","False","False","0","0","0","","","0","1","0","0","2/9/2026 3:53:06 PM","","0","0","","False","",""
"4237","مسدس شخصيات طلق","90","195","195","195","195","","","2","180","0","","True","False","False","0","0","0","","","","","","0","2/9/2026 3:53:06 PM","","0","0","","False","",""
"4238","عروسه فستان صغيره","125","250","250","250","250","","","2","250","0","","True","False","False","0","0","0","","","","","","0","2/9/2026 3:53:06 PM","","0","0","","False","",""
"4239","علبه عروسه فروزين صغير","70","170","170","170","170","","","2","140","0","","True","False","False","0","0","0","","","","","","0","2/9/2026 3:53:06 PM","","0","0","","False","",""
"4240","عروسه عجله +بالونات ","135","275","275","275","275","","","4","540","0","","True","False","False","0","0","0","","","","","","0","2/9/2026 3:53:06 PM","","0","0","","False","",""
"4241","كارت منيكير صغير","28","50","50","50","50","","","6","168","0","","True","False","False","0","0","0","","","","","","0","2/9/2026 3:53:06 PM","","0","0","","False","",""
"4242","نضاره عيد ميلاد","20","30","30","30","35","","","20","400","0","","True","False","False","0","0","0","","","0","1","0","0","2/9/2026 3:53:06 PM","","0","0","","False","",""
"4243","طقم مطبخ 3كرسي كبير","110","205","205","205","205","","","2","220","0","","True","False","False","0","0","0","","","","","","0","2/9/2026 3:53:06 PM","","0","0","","False","",""
"4244","كارت استشوار +شنطه بناتي","45","80","80","80","80","","","2","90","0","","True","False","False","0","0","0","","","","","","0","2/9/2026 3:53:06 PM","","0","0","","False","",""
"4245","علبه حيوانات صغير","30","75","75","75","75","","","3","90","0","","True","False","False","0","0","0","","","","","","0","2/9/2026 3:53:06 PM","","0","0","","False","",""
"4246","كارت دبابات+طيارات+جنود","85","185","185","185","185","","","3","255","0","","True","False","False","0","0","0","","","","","","0","2/9/2026 3:53:06 PM","","0","0","","False","",""
"4247","كارت نجوم مضيئه","60","100","100","100","100","","","2","120","0","","True","False","False","0","0","0","","","","","","0","2/9/2026 3:53:06 PM","","0","0","","False","",""
"4248","كارت مطبخ صغير نزهه","35","65","65","65","65","","","2","70","0","","True","False","False","0","0","0","","","","","","0","2/9/2026 3:53:06 PM","","0","0","","False","",""
"4249","طقم عربيه6 قطع نقل تقيل","96","185","185","185","185","","","2","192","0","","True","False","False","0","0","0","","","","","","0","2/9/2026 3:53:06 PM","","0","0","","False","",""
"4250","كيس عروسه 3*1","65","100","100","100","100","","","3","195","0","","True","False","False","0","0","0","","","","","","0","2/9/2026 3:53:06 PM","","0","0","","False","",""
"4251","كارت سمك 2*1","57","95","95","95","95","","","2","114","0","","True","False","False","0","0","0","","","","","","0","2/9/2026 3:53:06 PM","","0","0","","False","",""
"4252","طقم مطبخ +قطاعة بيض ","79","185","185","185","185","","","2","158","0","","True","False","False","0","0","0","","","","","","0","2/9/2026 3:53:06 PM","","0","0","","False","",""
"4253","كارت مطبخ صغير +بتوجاز","25","50","50","50","50","","","3","75","0","","True","False","False","0","0","0","","","","","","0","2/9/2026 3:53:06 PM","","0","0","","False","",""
"4254","بندقيه +منظار+سكينه","110","195","195","195","195","","","2","220","0","","True","False","False","0","0","0","","","","","","0","2/9/2026 3:53:06 PM","","0","0","","False","",""
"4255","حورية البحر بتنور","160","295","295","295","295","","","3","480","0","","True","False","False","0","0","0","","","","","","0","2/9/2026 3:53:06 PM","","0","0","","False","",""
"4256","علبة عروسه مكياج","125","250","250","250","250","","","2","250","0","","True","False","False","0","0","0","","","","","","0","2/9/2026 3:53:06 PM","","0","0","","False","",""
"4257","عروسه نغمات النزهه","135","235","235","235","245","","","2","270","0","","True","False","False","0","0","0","","","","","","0","2/9/2026 3:53:06 PM","","0","0","","False","",""
"4258","علبه بطريق كبير","200","310","310","310","310","","","1","200","0","","True","False","False","0","0","0","","","","","","0","2/9/2026 3:53:06 PM","","0","0","","False","",""
"4259","عروسه هلوين","165","375","375","375","375","","","1","165","0","","True","False","False","0","0","0","","","","","","0","2/9/2026 3:53:06 PM","","0","0","","False","",""
"4260","عروسه +نور نزهه","275","475","475","475","475","","","1","275","0","","True","False","False","0","0","0","","","","","","0","2/9/2026 3:53:06 PM","","0","0","","False","",""
"4261","قلم bravo0.7","4","8","8","8","8","","","24","96","0","","True","False","False","0","0","0","","","","","","0","2/9/2026 3:53:06 PM","","0","0","","False","",""
"4262","مسدس هاشميه ","165","305","305","305","305","","","4","660","0","","True","False","False","0","0","0","","","","","","0","2/9/2026 3:53:06 PM","","0","0","","False","",""
"4263","ترله ","320","450","450","450","450","","","2","640","0","","True","False","False","0","0","0","","","","","","0","2/9/2026 3:53:06 PM","","0","0","","False","",""
"4264","سوبر كار","360","650","650","650","650","","","2","720","0","","True","False","False","0","0","0","","","","","","0","2/9/2026 3:53:06 PM","","0","0","","False","",""
"4265","عروسه كيس مفصلات","95","195","195","195","195","","","6","570","0","","True","False","False","0","0","0","","","","","","0","2/9/2026 3:53:06 PM","","0","0","","False","",""
"4266","مدسدس امركان صغير","250","365","365","365","365","","","2","500","0","","True","False","False","0","0","0","","","","","","0","2/9/2026 3:53:06 PM","","0","0","","False","",""
"4267","مسدسس ابيض  جديد","280","395","395","395","395","","","2","560","0","","True","False","False","0","0","0","","","","","","0","2/9/2026 3:53:06 PM","","0","0","","False","",""
"4268","مسدس صابون ","125","185","185","185","185","","","3","375","0","","True","False","False","0","0","0","","","","","","0","2/9/2026 3:53:06 PM","","0","0","","False","",""
"4269","كارس اسبيدر وننجا","150","295","295","295","295","","","4","600","0","","True","False","False","0","0","0","","","","","","0","2/9/2026 3:53:06 PM","","0","0","","False","",""
"4270","عربيه معدن ","100","220","220","220","220","","","3","300","0","","True","False","False","0","0","0","","","","","","0","2/9/2026 3:53:06 PM","","0","0","","False","",""
"4271","هاند اسبيدر ","75","285","285","285","285","","","2","150","0","","True","False","False","0","0","0","","","","","","0","2/9/2026 3:53:06 PM","","0","0","","False","",""
"4272","كارت اسبيدر ","165","265","265","265","265","","","5","825","0","","True","False","False","0","0","0","","","","","","0","2/9/2026 3:53:06 PM","","0","0","","False","",""
"4273","فيلا نزهه ","425","685","685","685","685","","","2","850","0","","True","False","False","0","0","0","","","","","","0","2/9/2026 3:53:06 PM","","0","0","","False","",""
"4274","عروسه التاج ","320","525","525","525","525","","","2","640","0","","True","False","False","0","0","0","","","","","","0","2/9/2026 3:53:06 PM","","0","0","","False","",""
"4275","ايباد الجدد","90","220","220","220","220","","","6","540","0","","True","False","False","0","0","0","","","","","","0","2/9/2026 3:53:06 PM","","0","0","","False","",""
"4276","استك بنات ","60","185","185","185","185","","","6","360","0","","True","False","False","0","0","0","","","","","","0","2/9/2026 3:53:06 PM","","0","0","","False","",""
"4277","مسدس كور 3","200","320","320","320","320","","","2","400","0","","True","False","False","0","0","0","","","","","","0","2/9/2026 3:53:06 PM","","0","0","","False","",""
"4278","صلصاللا علبه طبي","12","25","25","25","25","","","10","120","0","","True","False","False","0","0","0","","","","","","0","2/9/2026 3:53:06 PM","","0","0","","False","",""
"4279","دباسه استبلر 7125","80","175","175","175","175","","","1","160","0","","True","False","False","0","0","0","","","0","1","0","0","2/9/2026 3:53:06 PM","","0","0","","False","",""
"4280","نوته مغنطيس صغير ","59","95","95","95","100","","","6","354","0","","True","False","False","0","0","0","","","0","1","0","0","2/9/2026 3:53:06 PM","","0","0","","False","",""
"4281","نوته استك كبير هدى","60","105","105","105","115","","","10","600","0","","True","False","False","0","0","0","","","","","","0","2/9/2026 3:53:06 PM","","0","0","","False","",""
"4282","طقم هاي ليتر جديد","30","65","65","65","65","","","12","360","0","","True","False","False","0","0","0","","","","","","0","2/9/2026 3:53:06 PM","","0","0","","False","",""
"4283","شاليمو عيدميلاد","15","30","30","30","30","","","12","180","0","","True","False","False","0","0","0","","","","","","0","2/9/2026 3:53:06 PM","","0","0","","False","",""
"4284","حروف كلمة happy brithday","25","40","40","40","40","","","12","300","0","","True","False","False","0","0","0","","","","","","0","2/9/2026 3:53:06 PM","","0","0","","False","",""
"4285","المعاصر كونكت بلس1ب","150","177","177","177","177","","","5","750","0","","True","False","False","0","0","0","","","","","","0","2/9/2026 3:53:06 PM","","0","0","","False","",""
"4286","المعاصر كونكت بلس2ب","155","177","177","177","177","","","4","620","0","","True","False","False","0","0","0","","","","","","0","2/9/2026 3:53:06 PM","","0","0","","False","",""
"4287","المعاصر كونكت بلس4ب","160","180","180","180","195","","","2","800","0","","True","False","False","0","0","0","","","0","1","0","0","2/9/2026 3:53:06 PM","","0","0","","False","",""
"4288","الاضواء عربي 1ع","164","165","165","165","199","","","12","450","0","","True","False","False","0","0","0","","","0","1","0","0","2/9/2026 3:53:06 PM","","0","0","","False","",""
"4289","طقم فسفوري 6*1","21","45","45","45","45","","","3","63","0","","True","False","False","0","0","0","","","","","","0","2/9/2026 3:53:06 PM","","0","0","","False","",""
"4290","نوته HARD COVER","29","50","50","50","50","","","6","174","0","","True","False","False","0","0","0","","","","","","0","2/9/2026 3:53:06 PM","","0","0","","False","",""
"4291","بالته الوان علبه 6*1","18","35","35","35","35","","","3","54","0","","True","False","False","0","0","0","","","","","","0","2/9/2026 3:53:06 PM","","0","0","","False","",""
"4292","فرع زينه خيامي بالشراشيب","20","35","35","35","35","","","6","120","0","","True","False","False","0","0","0","","","","","","0","2/9/2026 3:53:06 PM","","0","0","","False","",""
"4293","مثلثات شراشيب بلاستيك","7","15","15","15","15","","","18","126","0","","True","False","False","0","0","0","","","","","","0","2/9/2026 3:53:06 PM","","0","0","","False","",""
"4294","برطمان نور دهبي","65","105","105","105","105","","","6","390","0","","True","False","False","0","0","0","","","","","","0","2/9/2026 3:53:06 PM","","0","0","","False","",""
"4295","لوحه خشب شخصيات رمضان كريم","24","45","45","45","45","","","6","144","0","","True","False","False","0","0","0","","","","","","0","2/9/2026 3:53:06 PM","","0","0","","False","",""
"4296","نجمه نور  رمضان","62","100","100","100","100","","","6","372","0","","True","False","False","0","0","0","","","","","","0","2/9/2026 3:53:06 PM","","0","0","","False","",""
"4297","دايره رمضان كريم بتنور","80","145","145","145","145","","","3","300","0","","True","False","False","0","0","0","","","0","1","0","0","2/9/2026 3:53:06 PM","","0","0","","False","",""
"4298","فانوس هلال ونجمه   ليد اصفر كبير ترند","155","275","275","275","250","","","8","600","0","","True","False","False","0","0","0","","","0","1","0","0","2/9/2026 3:53:06 PM","","0","0","","False","",""
"4299","علبه حبل نور مشكل 6 متر","40","70","70","70","70","","","6","240","0","","True","False","False","0","0","0","","","","","","0","2/9/2026 3:53:06 PM","","0","0","","False","",""
"4300","هلال ونجمه دهبي او فضي كرتون","13","30","30","30","30","","","6","78","0","","True","False","False","0","0","0","","","","","","0","2/9/2026 3:53:06 PM","","0","0","","False","",""
"4301","زينه شخصيات رمضان استيكر","10","25","25","25","25","","","6","60","0","","True","False","False","0","0","0","","","","","","0","2/9/2026 3:53:06 PM","","0","0","","False","",""
"4302","فانوس بلاستيك بينور","55","90","90","90","90","","","6","330","0","","True","False","False","0","0","0","","","","","","0","2/9/2026 3:53:06 PM","","0","0","","False","",""
"4303","فانوس هلال خشب صغير رمضان","120","195","195","195","195","","","3","360","0","","True","False","False","0","0","0","","","","","","0","2/9/2026 3:53:06 PM","","0","0","","False","",""
"4304","فانوس هلال خشب كبير رمضان","120","210","210","210","210","","","3","360","0","","True","False","False","0","0","0","","","","","","0","2/9/2026 3:53:06 PM","","0","0","","False","",""
"4305","كشكول 140 3 ماده hard coverc","60","120","120","120","145","","","26","180","0","","True","False","False","0","0","0","","","0","1","0","0","2/9/2026 3:53:06 PM","","0","0","","False","",""
"4306","كشكول 200ماده hard coverc","80","150","150","150","150","","","4","320","0","","True","False","False","0","0","0","","","","","","0","2/9/2026 3:53:06 PM","","0","0","","False","",""
"4307","بلوتاك 42 قطعه فبيركاسل","35","70","70","70","70","","","2","70","0","","True","False","False","0","0","0","","","","","","0","2/9/2026 3:53:06 PM","","0","0","","False","",""
"4308","رمح النزه ","110","185","185","185","185","","","2","","0","","True","False","False","0","0","0","","","0","1","0","0","2/9/2026 3:53:06 PM","","0","0","","False","",""
"4309","فست حديد","175","285","285","285","285","","","2","","0","","True","False","False","0","0","0","","","0","1","0","0","2/9/2026 3:53:06 PM","","0","0","","False","",""
"4310","مسدس بابجي فوم ","110","220","220","220","220","","","4","","0","","True","False","False","0","0","0","","","0","1","0","0","2/9/2026 3:53:06 PM","","0","0","","False","",""
"4311","مسدس فوم اورنج","120","235","235","235","235","","","3","","0","","True","False","False","0","0","0","","","0","1","0","0","2/9/2026 3:53:06 PM","","0","0","","False","",""
"4312","مسك اسيبدر العالي ","395","635","635","635","635","","","2","","0","","True","False","False","0","0","0","","","0","1","0","0","2/9/2026 3:53:06 PM","","0","0","","False","",""
"4313","مسدس بابلز يوني كورن نزه","110","280","280","280","280","","","8","","0","","True","False","False","0","0","0","","","0","1","0","0","2/9/2026 3:53:06 PM","","0","0","","False","",""
"4314","عروسه فروزن واحد","60","120","120","120","120","","","12","","0","","True","False","False","0","0","0","","","0","1","0","0","2/9/2026 3:53:06 PM","","0","0","","False","",""
"4315","مسدس بابجي ملون ","120","235","235","235","235","","","2","","0","","True","False","False","0","0","0","","","0","1","0","0","2/9/2026 3:53:06 PM","","0","0","","False","",""
"4316","عروسه النزهه الهدى ","165","295","295","295","295","","","3","","0","","True","False","False","0","0","0","","","0","1","0","0","2/9/2026 3:53:06 PM","","0","0","","False","",""
"4317","جيتار النزهه غالي ","205","450","450","450","450","","","3","","0","","True","False","False","0","0","0","","","0","1","0","0","2/9/2026 3:53:06 PM","","0","0","","False","",""
"4318","جردل بحر نزهه ","70","175","175","175","175","","","24","","0","","True","False","False","0","0","0","","","0","1","0","0","2/9/2026 3:53:06 PM","","0","0","","False","",""
"4319","عربيه اكس اف ","285","420","420","420","420","","","2","","0","","True","False","False","0","0","0","","","0","1","0","0","2/9/2026 3:53:06 PM","","0","0","","False","",""
"4320","عربيه سباق نزهه","290","550","550","550","550","","","3","","0","","True","False","False","0","0","0","","","0","1","0","0","2/9/2026 3:53:06 PM","","0","0","","False","",""
"4321","خالد بيه","0","2","2","2","2","","","1","","10","","True","False","False","0","0","0","","","0","1","0","0","2/9/2026 3:53:06 PM","","0","0","","True","",""
"4322","كتاب سلاح التلميذ عربي 1ب","137","150","150","150","165","","","11","","0","","True","False","False","0","0","0","","","0","1","0","0","2/9/2026 3:53:06 PM","","0","0","","False","",""
"4323","الامتحان عربي 1ث","189","235","235","235","230","","","8","","0","","True","False","False","0","0","0","","","0","1","0","0","2/9/2026 3:53:06 PM","","0","0","","False","",""
"4324","الاضواء دراسات 1ع","131","149","149","149","159","","","17","","0","","True","False","False","0","0","0","","","0","1","0","0","2/9/2026 3:53:06 PM","","0","0","","False","",""
"4325","لاضواء دراسات 2ع","122.5","165","165","165","165","","","8","","0","","True","False","False","0","0","0","","","0","1","0","0","2/9/2026 3:53:06 PM","","0","0","","False","",""
"4326","لاضواء دراسات 3ع ","135.5","149","149","149","149","","","4","","0","","True","False","False","0","0","0","","","0","1","0","0","2/9/2026 3:53:06 PM","","0","0","","False","",""
"4327","الامتحان تاريخ 1ث","130","155","155","155","159","","","10","","0","","True","False","False","0","0","0","","","0","1","0","0","2/9/2026 3:53:06 PM","","0","0","","False","",""
"4328","المعاصر انجليزي 4ب","139","165","165","165","169","","","12","","0","","True","False","False","0","0","0","","","0","1","0","0","2/9/2026 3:53:06 PM","","0","0","","False","",""
"4329","كشكول HARD COVER 5/6 SUBJECT 240","95","195","195","195","195","","","16","","0","","True","False","False","0","0","0","","","0","1","0","0","2/9/2026 3:53:06 PM","","0","0","","False","",""
"4330","كشكول 200 ورقه HARD COVER 5 SUBJECT","77.5","175","175","175","175","","","20","","0","","True","False","False","0","0","0","","","0","1","0","0","2/9/2026 3:53:06 PM","","0","0","","False","",""
"4331","دبل فيس 36ملى شفاف","37","60","60","60","60","","","6","","0","","True","False","False","0","0","0","","","0","1","0","0","2/9/2026 3:53:06 PM","","0","0","","False","",""
"4332","لانش بوكس دورين متقسم LOVE","29","65","65","65","65","","","16","","0","","True","False","False","0","0","0","","","0","1","0","0","2/9/2026 3:53:06 PM","","0","0","","False","",""
"4333","معاصر انجليزي 6ب","147","179","179","179","179","","","11","","0","","True","False","False","0","0","0","","","0","1","0","0","2/9/2026 3:53:06 PM","","0","0","","False","",""
"4334","معاصر انجليزي 5ب","147","179","179","179","179","","","20","","0","","True","False","False","0","0","0","","","0","1","0","0","2/9/2026 3:53:06 PM","","0","0","","False","",""
"4335","معاصر انجليزي 1ب","125","145","145","145","155","","","6","","0","","True","False","False","0","0","0","","","0","1","0","0","2/9/2026 3:53:06 PM","","0","0","","False","",""
"4336","الوان زيت madem","49","85","85","85","85","","","4","","0","","True","False","False","0","0","0","","","0","1","0","0","2/9/2026 3:53:06 PM","","0","0","","False","",""
"4337","الوان فلوماستر  24 لون meenller","115","195","195","195","195","","","4","","0","","True","False","False","0","0","0","","","0","1","0","0","2/9/2026 3:53:06 PM","","0","0","","False","",""
"4338","الوان زجاج g1601","52","95","95","95","95","","","4","","0","","True","False","False","0","0","0","","","0","1","0","0","2/9/2026 3:53:06 PM","","0","0","","False","",""
"4339","الوان قماش f1601","52","95","95","95","95","","","4","","0","","True","False","False","0","0","0","","","0","1","0","0","2/9/2026 3:53:06 PM","","0","0","","False","",""
"4340","برايه علبه كبير 611","18","30","30","30","30","","","24","","0","","True","False","False","0","0","0","","","0","1","0","0","2/9/2026 3:53:06 PM","","0","0","","False","",""
"4341","برايه علبه صغير 819","7","20","20","20","20","","","24","","0","","True","False","False","0","0","0","","","0","1","0","0","2/9/2026 3:53:06 PM","","0","0","","False","",""
"4342","برايه علبه صغير 816","8","15","15","15","15","","","24","","0","","True","False","False","0","0","0","","","0","1","0","0","2/9/2026 3:53:06 PM","","0","0","","False","",""
"4343","خشب الوان صغير","25","45","45","45","45","","","11","","0","","True","False","False","0","0","0","","","0","1","0","0","2/9/2026 3:53:06 PM","","0","0","","False","",""
"4344","كيس كور فوم ساده","18","30","30","30","30","","","7","","0","","True","False","False","0","0","0","","","0","1","0","0","2/9/2026 3:53:06 PM","","0","0","","False","",""
"4345","كيس كور فوم جليتر","24.5","40","40","40","40","","","4","","0","","True","False","False","0","0","0","","","0","1","0","0","2/9/2026 3:53:06 PM","","0","0","","False","",""
"4346","نوت بوك سلك ساسكو فاتحه فوق","12","35","35","35","35","","","12","","0","","True","False","False","0","0","0","","","0","1","0","0","2/9/2026 3:53:06 PM","","0","0","","False","",""
"4347","مقلمه sabha","72","145","145","145","145","","","16","","0","","True","False","False","0","0","0","","","0","1","0","0","2/9/2026 3:53:06 PM","","0","0","","False","",""
"4348","الوان فلوماستر 12 لون zs258","48","85","85","85","85","","","3","","0","","True","False","False","0","0","0","","","0","1","0","0","2/9/2026 3:53:06 PM","","0","0","","False","",""
"4349","الوان فلوماستر jumbo مليزي","79","140","140","140","140","","","3","","0","","True","False","False","0","0","0","","","0","1","0","0","2/9/2026 3:53:06 PM","","0","0","","False","",""
"4350","استيك نوت مربع مخطط او ساده","9.5","20","20","20","25","","","60","","0","","True","False","False","0","0","0","","","0","1","0","0","2/9/2026 3:53:06 PM","","0","0","","False","",""
"4351","تكت انجلش فراج ","10","25","25","25","25","","","48","","0","","True","False","False","0","0","0","","","0","1","0","0","2/9/2026 3:53:06 PM","","0","0","","False","",""
"4352","سلك جليترفراج","15","30","30","30","30","","","7","","0","","True","False","False","0","0","0","","","0","1","0","0","2/9/2026 3:53:06 PM","","0","0","","False","",""
"4353","سبوره مغناطيس +قلم صغير جديد","42","75","75","75","75","","","12","","0","","True","False","False","0","0","0","","","0","1","0","0","2/9/2026 3:53:06 PM","","0","0","","False","",""
"4354","قلم سوسته b&f","5","12","12","12","15","","","72","","0","","True","False","False","0","0","0","","","0","1","0","0","2/9/2026 3:53:06 PM","","0","0","","False","",""
"4355","حافظه ورق 80","48","65","65","65","65","","","6","","0","","True","False","False","0","0","0","","","0","1","0","0","2/9/2026 3:53:06 PM","","0","0","","False","",""
"4356","الوان بوستر 12 لون شفاف","127.5","195","195","195","195","","","2","","0","","True","False","False","0","0","0","","","0","1","0","0","2/9/2026 3:53:06 PM","","0","0","","False","",""
"4357","قلم 10*1 لون حصان","22.5","30","30","30","35","","","36","","0","","True","False","False","0","0","0","","","0","1","0","0","2/9/2026 3:53:06 PM","","0","0","","False","",""
"4358","مقلمه 1194","50","125","125","125","95","","","6","","0","","True","False","False","0","0","0","","","0","1","0","0","2/9/2026 3:53:06 PM","","0","0","","False","",""
"4359","برايه بلاستك toonyos","5.5","10","10","10","10","","","60","","0","","True","False","False","0","0","0","","","0","1","0","0","2/9/2026 3:53:06 PM","","0","0","","False","",""
"4360","مقلمه شكل كوره هدى","45","100","100","100","100","","","3","","0","","True","False","False","0","0","0","","","0","1","0","0","2/9/2026 3:53:06 PM","","0","0","","False","",""
"4361","دباس 7122","51","95","95","95","95","","","1","","0","","True","False","False","0","0","0","","","0","1","0","0","2/9/2026 3:53:06 PM","","0","0","","False","",""
"4362","دباسه dl0214","99","185","185","185","185","","","1","","0","","True","False","False","0","0","0","","","0","1","0","0","2/9/2026 3:53:06 PM","","0","0","","False","",""
"4363","طقم اقلام جاف ball point pen 10","30","75","75","75","75","","","6","","0","","True","False","False","0","0","0","","","0","1","0","0","2/9/2026 3:53:06 PM","","0","0","","False","",""
"4364","طقم اقلام جاف ball point pen 6","18","45","45","45","45","","","5","","0","","True","False","False","0","0","0","","","0","1","0","0","2/9/2026 3:53:06 PM","","0","0","","False","",""
"4365","انابيب برونز طويله","2.5","5","5","5","5","","","36","","0","","True","False","False","0","0","0","","","0","1","0","0","2/9/2026 3:53:06 PM","","0","0","","False","",""
"4366","نوته  صغير حبل ","25","55","55","55","55","","","24","","0","","True","False","False","0","0","0","","","0","1","0","0","2/9/2026 3:53:06 PM","","0","0","","False","",""
"4367","المعاصر انجليزي 2ب ","128","155","155","155","155","","","9","","0","","True","False","False","0","0","0","","","0","1","0","0","2/9/2026 3:53:06 PM","","0","0","","False","",""
"4368","مطارة ميه work","105","195","195","195","195","","","8","","0","","True","False","False","0","0","0","","","0","1","0","0","2/9/2026 3:53:06 PM","","0","0","","False","",""
"4369","شاحن سامسونج jokade fast jb032","105","220","220","220","235","","","2","","0","","True","False","False","0","0","0","","","0","1","0","0","2/9/2026 3:53:06 PM","","0","0","","False","",""
"4370","شاحن ايفون jokade fast jb032","115","230","230","230","230","","","2","","0","","True","False","False","0","0","0","","","0","1","0","0","2/9/2026 3:53:06 PM","","0","0","","False","",""
"4371","شاحن تايب سي  jokade fast jb032","115","225","225","225","225","","","2","","0","","True","False","False","0","0","0","","","0","1","0","0","2/9/2026 3:53:06 PM","","0","0","","False","",""
"4372","سماعه تايب سي m12/m13","75","150","150","150","150","","","10","","0","","True","False","False","0","0","0","","","0","1","0","0","2/9/2026 3:53:06 PM","","0","0","","False","",""
"4373","سماعه كيس اخضر  او اسود mf-03","32","65","65","65","80","","","20","","0","","True","False","False","0","0","0","","","0","1","0","0","2/9/2026 3:53:06 PM","","0","0","","False","",""
"4374","انجليزي المعاصر 3 ابتدائي","139","169","169","169","169","","","5","","0","","True","False","False","0","0","0","","","0","1","0","0","2/9/2026 3:53:06 PM","","0","0","","False","",""
"4375","طقم ختامه اطفال10قطع ","39","70","70","70","70","","","6","","0","","True","False","False","0","0","0","","","0","1","0","0","2/9/2026 3:53:06 PM","","0","0","","False","",""
"4376","هاي ليتر ايد قطه","8","12","12","12","15","","","72","","0","","True","False","False","0","0","0","","","0","1","0","0","2/9/2026 3:53:06 PM","","0","0","","False","",""
"4377","صلصال 12 قطعه m&g","38","70","70","70","85","","","8","","0","","True","False","False","0","0","0","","","0","1","0","0","2/9/2026 3:53:06 PM","","0","0","","False","",""
"4378","صلصال6 قطعه m&g","19","45","45","45","65","","","30","","0","","True","False","False","0","0","0","","","0","1","0","0","2/9/2026 3:53:06 PM","","0","0","","False","",""
"4379","نوته سلك وسط  L","23","45","45","45","45","","","6","","0","","True","False","False","0","0","0","","","0","1","0","0","2/9/2026 3:53:06 PM","","0","0","","False","",""
"4380","قفل مكتب SOLIX","55","85","85","85","85","","","5","","0","","True","False","False","0","0","0","","","0","1","0","0","2/9/2026 3:53:06 PM","","0","0","","False","",""
"4381","مقص  الوان مشنشر كيس","5","12","12","12","12","","","12","","0","","True","False","False","0","0","0","","","0","1","0","0","2/9/2026 3:53:06 PM","","0","0","","False","",""
"4382","بشاوره الهدى","9","25","25","25","25","","","10","","0","","True","False","False","0","0","0","","","0","1","0","0","2/9/2026 3:53:06 PM","","0","0","","False","",""
"4383","طقم 10 قلم رصاص +برايه +استيكه ","50","75","75","75","75","","","6","","0","","True","False","False","0","0","0","","","0","1","0","0","2/9/2026 3:53:06 PM","","0","0","","False","",""
"4384","استاند قلم جاف بجعه مشكل الوان","20","35","35","35","35","","","92","","0","","True","False","False","0","0","0","","","0","1","0","0","2/9/2026 3:53:06 PM","","0","0","","False","",""
"4385","حقنه هاي ليتر ","20","30","30","30","30","","","24","","0","","True","False","False","0","0","0","","","0","1","0","0","2/9/2026 3:53:06 PM","","0","0","","False","",""
"4386","حبل + كرت اي دي اشكال","10","25","25","25","25","","","60","","0","","True","False","False","0","0","0","","","0","1","0","0","2/9/2026 3:53:06 PM","","0","0","","False","",""
"4387","واصله تايب kaku","45","120","120","120","120","","","3","","0","","True","False","False","0","0","0","","","0","1","0","0","2/9/2026 3:53:06 PM","","0","0","","False","",""
"4388","واصله تايب سي ueelr","25","100","100","100","100","","","10","","0","","True","False","False","0","0","0","","","0","1","0","0","2/9/2026 3:53:06 PM","","0","0","","False","",""
"4389","نوته حبل a5","85","110","110","110","100","","","6","","0","","True","False","False","0","0","0","","","0","1","0","0","2/9/2026 3:53:06 PM","","0","0","","False","",""
"4390","برايه علبه 2 فاتحه ","18.5","35","35","35","35","","","12","","0","","True","False","False","0","0","0","","","0","1","0","0","2/9/2026 3:53:06 PM","","0","0","","False","",""
"4391","الوان حجاره 12 لون madem","25","60","60","60","65","","","6","","0","","True","False","False","0","0","0","","","0","1","0","0","2/9/2026 3:53:06 PM","","0","0","","False","",""
"4392","برايه علبه صاروخ xl-390","10","20","20","20","20","","","48","","0","","True","False","False","0","0","0","","","0","1","0","0","2/9/2026 3:53:06 PM","","0","0","","False","",""
"4393","طقم ماركر 4*1+ مساحه","26","50","50","50","50","","","6","","0","","True","False","False","0","0","0","","","0","1","0","0","2/9/2026 3:53:06 PM","","0","0","","False","",""
"4394","طقم رول  اسفنج 3*1","24","50","50","50","50","","","6","","0","","True","False","False","0","0","0","","","0","1","0","0","2/9/2026 3:53:06 PM","","0","0","","False","",""
"4395","قص ولزق a4","12","30","30","30","30","","","10","","0","","True","False","False","0","0","0","","","0","1","0","0","2/9/2026 3:53:06 PM","","0","0","","False","",""
"4396","الوان سراميك ceramic","52","95","95","95","95","","","4","","0","","True","False","False","0","0","0","","","0","1","0","0","2/9/2026 3:53:06 PM","","0","0","","False","",""
"4397","مغناطيس سبوره 8 قطع","22","50","50","50","50","","","0","","0","","True","False","False","0","0","0","","","0","1","0","0","2/9/2026 3:53:06 PM","","0","0","","False","",""
"4398","كشكول سلك 200 صغير ","36.5","75","75","75","75","","","6","","0","","True","False","False","0","0","0","","","0","1","0","0","2/9/2026 3:53:06 PM","","0","0","","False","",""
"4399","كشكول هارد كفر سينا 6 مواد 240 ورقه","78","185","185","185","185","","","6","","0","","True","False","False","0","0","0","","","0","1","0","0","2/9/2026 3:53:06 PM","","0","0","","False","",""
"4400","كشكول فواصل  bravo 186 ورقه","100","195","195","195","195","","","6","","0","","True","False","False","0","0","0","","","0","1","0","0","2/9/2026 3:53:06 PM","","0","0","","False","",""
"4401","واصله  تايب سي ايفون kaku","65","135","135","135","135","","","5","","0","","True","False","False","0","0","0","","","0","1","0","0","2/9/2026 3:53:06 PM","","0","0","","False","",""
"4402","aux حراري kakusiga","45","120","120","120","120","","","5","","0","","True","False","False","0","0","0","","","0","1","0","0","2/9/2026 3:53:06 PM","","0","0","","False","",""
"4403","كابل تايب سي +تايب سي kakusiga","55","135","135","135","135","","","5","","0","","True","False","False","0","0","0","","","0","1","0","0","2/9/2026 3:53:06 PM","","0","0","","False","",""
"4404","شاحن سامسونج volovo","115","200","200","200","200","","","6","","0","","True","False","False","0","0","0","","","0","1","0","0","2/9/2026 3:53:06 PM","","0","0","","False","",""
"4405","شخصيه avengers عظام ","85","195","195","195","195","","","12","","0","","True","False","False","0","0","0","","","0","1","0","0","2/9/2026 3:53:06 PM","","0","0","","False","",""
"4406","عربيه شحن 4 اتجاه ","420","750","750","750","750","","","4","","0","","True","False","False","0","0","0","","","0","1","0","0","2/9/2026 3:53:06 PM","","0","0","","False","",""
"4407","عربيه 4  اتجاه شحن حجم اضغر ","350","550","550","550","550","","","3","","0","","True","False","False","0","0","0","","","0","1","0","0","2/9/2026 3:53:06 PM","","0","0","","False","",""
"4408","طقم دكتور +ميكروسكوب","85","185","185","185","185","","","2","","0","","True","False","False","0","0","0","","","0","1","0","0","2/9/2026 3:53:06 PM","","0","0","","False","",""
"4409","كارت دكتور انف واذن ","85","185","185","185","185","","","2","","0","","True","False","False","0","0","0","","","0","1","0","0","2/9/2026 3:53:06 PM","","0","0","","False","",""
"4410","كارت دكتور +شنطه","85","220","220","220","220","","","2","","0","","True","False","False","0","0","0","","","0","1","0","0","2/9/2026 3:53:06 PM","","0","0","","False","",""
"4411","كيس حوريه البحر ","65","145","145","145","145","","","3","","0","","True","False","False","0","0","0","","","0","1","0","0","2/9/2026 3:53:06 PM","","0","0","","False","",""
"4412","كارت حورية البحر قطعه واحده ","85","165","165","165","165","","","3","","0","","True","False","False","0","0","0","","","0","1","0","0","2/9/2026 3:53:06 PM","","0","0","","False","",""
"4413","كارت 2 حورية بحر ","100","225","225","225","225","","","3","","0","","True","False","False","0","0","0","","","0","1","0","0","2/9/2026 3:53:06 PM","","0","0","","False","",""
"4414","كوتشيته علبه احمر","15","35","35","35","35","","","12","","0","","True","False","False","0","0","0","","","0","1","0","0","2/9/2026 3:53:06 PM","","0","0","","False","",""
"4415","الوان وش 6*1","35","55","55","55","55","","","2","","0","","True","False","False","0","0","0","","","0","1","0","0","2/9/2026 3:53:06 PM","","0","0","","False","",""
"4416","عروسه علبه كبيره + سرتيت +بوتي","410","695","695","695","695","","","2","","0","","True","False","False","0","0","0","","","0","1","0","0","2/9/2026 3:53:06 PM","","0","0","","False","",""
"4417","مسدس طلق +كور فوم ","300","575","575","575","575","","","2","","0","","True","False","False","0","0","0","","","0","1","0","0","2/9/2026 3:53:06 PM","","0","0","","False","",""
"4418","مسدس +3*1 كنزات ","250","475","475","475","475","","","2","","0","","True","False","False","0","0","0","","","0","1","0","0","2/9/2026 3:53:06 PM","","0","0","","False","",""
"4419","مسدس طلق شحن جديد","425","695","695","695","695","","","4","","0","","True","False","False","0","0","0","","","0","1","0","0","2/9/2026 3:53:06 PM","","0","0","","False","",""
"4420","قناصه +طلق + جونتي","220","350","350","350","350","","","2","","0","","True","False","False","0","0","0","","","0","1","0","0","2/9/2026 3:53:06 PM","","0","0","","False","",""
"4421","كارت سيف +درع +ماسك","200","335","335","335","335","","","3","","0","","True","False","False","0","0","0","","","0","1","0","0","2/9/2026 3:53:06 PM","","0","0","","False","",""
"4422","نشان +سيف","150","250","250","250","250","","","2","","0","","True","False","False","0","0","0","","","0","1","0","0","2/9/2026 3:53:06 PM","","0","0","","False","",""
"4423","كارت 3 شخصيه+ماسك+سيف ","200","335","335","335","335","","","3","","0","","True","False","False","0","0","0","","","0","1","0","0","2/9/2026 3:53:06 PM","","0","0","","False","",""
"4424","علبة شفاف  استك الوان   اطفال ","175","295","295","295","295","","","6","","0","","True","False","False","0","0","0","","","0","1","0","0","2/9/2026 3:53:06 PM","","0","0","","False","",""
"4425","سرتيت معدن happy brithday","20","35","35","35","35","","","12","","0","","True","False","False","0","0","0","","","0","1","0","0","2/9/2026 3:53:06 PM","","0","0","","False","",""
"4426","عصا happy brithday","12","30","30","30","30","","","12","","0","","True","False","False","0","0","0","","","0","1","0","0","2/9/2026 3:53:06 PM","","0","0","","False","",""
"4427","فرع حبل happy brithday ","17.5","40","40","40","40","","","12","","0","","True","False","False","0","0","0","","","0","1","0","0","2/9/2026 3:53:06 PM","","0","0","","False","",""
"4428","كورة  قدم  نجوم","150","275","275","275","275","","","4","","0","","True","False","False","0","0","0","","","0","1","0","0","2/9/2026 3:53:06 PM","","0","0","","False","",""
"4429","طقم  علبه عربيات 12*1","100","225","225","225","225","","","4","","0","","True","False","False","0","0","0","","","0","1","0","0","2/9/2026 3:53:06 PM","","0","0","","False","",""
"4430","كارت بندقيه بابجي ","200","350","350","350","350","","","2","","0","","True","False","False","0","0","0","","","0","1","0","0","2/9/2026 3:53:06 PM","","0","0","","False","",""
"4431","سلوتيب عريض 400","35","65","65","65","65","","","20","","0","","True","False","False","0","0","0","","","0","1","0","0","2/9/2026 3:53:06 PM","","0","0","","False","",""
"4432","طقم هندسي 2851","40","105","105","105","105","","","12","","0","","True","False","False","0","0","0","","","0","1","0","0","2/9/2026 3:53:06 PM","","0","0","","False","",""
"4433","ورقه كانسون الوان a4","5","10","10","10","10","","","100","","0","","True","False","False","0","0","0","","","0","1","0","0","2/9/2026 3:53:06 PM","","0","0","","False","",""
"4434","كشكول سلك 186 ورقه فواصل 5 مواد","90","140","140","140","140","","","5","","0","","True","False","False","0","0","0","","","0","1","0","0","2/9/2026 3:53:06 PM","","0","0","","False","",""
"4435","كرت معيده عيد ميلاد","5","10","10","10","10","","","30","","0","","True","False","False","0","0","0","","","0","1","0","0","2/9/2026 3:53:06 PM","","0","0","","False","",""
"4436","دباسه 7123","50","90","90","90","120","","","2","","0","","True","False","False","0","0","0","","","0","1","0","0","2/9/2026 3:53:06 PM","","0","0","","False","",""
"4437","قطاعة سلوتيب T200087-S","40","85","85","85","85","","","0","","0","","True","False","False","0","0","0","","","0","1","0","0","2/9/2026 3:53:06 PM","","0","0","","False","",""
"4438","الوان شمع الهدى 12 لون ","20","45","45","45","50","","","6","","0","","True","False","False","0","0","0","","","0","1","0","0","2/9/2026 3:53:06 PM","","0","0","","False","",""
"4439","الوان اكليرك 12 لون انوابيب RAT12","105","195","195","195","195","","","3","","0","","True","False","False","0","0","0","","","0","1","0","0","2/9/2026 3:53:06 PM","","0","0","","False","",""
"4440","ظقم هاي ليتر civors","30","50","50","50","50","","","6","","0","","True","False","False","0","0","0","","","0","1","0","0","2/9/2026 3:53:06 PM","","0","0","","False","",""
"4441","الوان شمع 8 قطع","15","30","30","30","30","","","6","","0","","True","False","False","0","0","0","","","0","1","0","0","2/9/2026 3:53:06 PM","","0","0","","False","",""
"4442","مقص كبير مشنشر ","9","20","20","20","20","","","24","","0","","True","False","False","0","0","0","","","0","1","0","0","2/9/2026 3:53:06 PM","","0","0","","False","",""
"4443","كتاب تلوين +استيكر","10","20","20","20","20","","","0","","0","","True","False","False","0","0","0","","","0","1","0","0","2/9/2026 3:53:06 PM","","0","0","","False","",""
"4444","كوره اسكوشي ","15","40","40","40","40","","","48","","0","","True","False","False","0","0","0","","","0","1","0","0","2/9/2026 3:53:06 PM","","0","0","","False","",""
"4445","شمع عيد ميلاد 6*1","20","35","35","35","35","","","0","","0","","True","False","False","0","0","0","","","0","1","0","0","2/9/2026 3:53:06 PM","","0","0","","False","",""
"4446","واصله تايب سي+ايفون ss280","55","120","120","120","120","","","5","","0","","True","False","False","0","0","0","","","0","1","0","0","2/9/2026 3:53:06 PM","","0","0","","False","",""
"4447","واصله تايب سي+تايب سي ss280","50","125","125","125","125","","","6","","0","","True","False","False","0","0","0","","","0","1","0","0","2/9/2026 3:53:06 PM","","0","0","","False","",""
"4448","واصله  ja010","30","95","95","95","95","","","10","","0","","True","False","False","0","0","0","","","0","1","0","0","2/9/2026 3:53:06 PM","","0","0","","False","",""
"4449","عربيه مدرعه بنور ريموت كنترول ","360","595","595","595","595","","","2","","0","","True","False","False","0","0","0","","","0","1","0","0","2/9/2026 3:53:06 PM","","0","0","","False","",""
"4450","عروسه +مشط ","125","245","245","245","245","","","3","","0","","True","False","False","0","0","0","","","0","1","0","0","2/9/2026 3:53:06 PM","","0","0","","False","",""
"4451","بولينج ","100","185","185","185","185","","","2","","0","","True","False","False","0","0","0","","","0","1","0","0","2/9/2026 3:53:06 PM","","0","0","","False","",""
"4452","عربيه ريموت كنترول دفع رباعي","245","395","395","395","395","","","2","","0","","True","False","False","0","0","0","","","0","1","0","0","2/9/2026 3:53:06 PM","","0","0","","False","",""
"4453","مسدس كور 2*1","125","295","295","295","295","","","2","","0","","True","False","False","0","0","0","","","0","1","0","0","2/9/2026 3:53:06 PM","","0","0","","False","",""
"4454","كارت نضافه","80","195","195","195","195","","","4","","0","","True","False","False","0","0","0","","","0","1","0","0","2/9/2026 3:53:06 PM","","0","0","","False","",""
"4455","كارت بيتزا - فواكه ","80","195","195","195","195","","","4","","0","","True","False","False","0","0","0","","","0","1","0","0","2/9/2026 3:53:06 PM","","0","0","","False","",""
"4456","وناسه هلال ونجمه ","25","60","60","60","60","","","12","","0","","True","False","False","0","0","0","","","0","1","0","0","2/9/2026 3:53:06 PM","","0","0","","False","",""
"4457","ستاره فانوس ونجمه وكوره  رمضان ","240","320","320","320","340","","","3","","0","","True","False","False","0","0","0","","","0","1","0","0","2/9/2026 3:53:06 PM","","0","0","","False","",""
"4458","فانوس هلال ونجمه كبير اصفر رمضان","185","235","235","235","285","","","3","","0","","True","False","False","0","0","0","","","0","1","0","0","2/9/2026 3:53:06 PM","","0","0","","False","",""
"4459","سرايا نور الوان هلال ونجمه 10 متر","135","225","225","225","225","","","3","","0","","True","False","False","0","0","0","","","0","1","0","0","2/9/2026 3:53:06 PM","","0","0","","False","",""
"4460","فانوس  اصفر شكل جديد","135","220","220","220","220","","","3","","0","","True","False","False","0","0","0","","","0","1","0","0","2/9/2026 3:53:06 PM","","0","0","","False","",""
"4461","عروسه رمضان 819-98 بتغنى بتنور ","180","285","285","285","285","","","6","","0","","True","False","False","0","0","0","","","0","1","0","0","2/9/2026 3:53:06 PM","","0","0","","False","",""
"4462","ستاره جامع ونجمه شخصيات اصفر","210","335","335","335","340","","","6","","0","","True","False","False","0","0","0","","","0","1","0","0","2/9/2026 3:53:06 PM","","0","0","","False","",""
"4463","دلايه 3 قطع رمضان كريم","28","60","60","60","70","","","6","","0","","True","False","False","0","0","0","","","0","1","0","0","2/9/2026 3:53:06 PM","","0","0","","False","",""
"4464","رمضان كريم ليد بدون جاهز تحكم","65","120","120","120","120","","","6","","0","","True","False","False","0","0","0","","","0","1","0","0","2/9/2026 3:53:06 PM","","0","0","","False","",""
"4465","هلال وجامع ليد اصفر ","145","235","235","235","235","","","6","","0","","True","False","False","0","0","0","","","0","1","0","0","2/9/2026 3:53:06 PM","","0","0","","False","",""
"4466","قلم جاف 4*1","9","25","25","25","25","","","36","","0","","True","False","False","0","0","0","","","0","1","0","0","2/9/2026 3:53:06 PM","","0","0","","False","",""
"4467","مقص ص S04","13.5","25","25","25","25","","","0","","0","","True","False","False","0","0","0","","","0","1","0","0","2/9/2026 3:53:06 PM","","0","0","","False","",""
"4468","فانوس دلايه خشب بيتعلق","21","50","50","50","50","","","8","","0","","True","False","False","0","0","0","","","0","1","0","0","2/9/2026 3:53:06 PM","","0","0","","False","",""
"4469","فانوس خشب اصفر رمضان مرجيحه","57","125","125","125","125","","","6","","0","","True","False","False","0","0","0","","","0","1","0","0","2/9/2026 3:53:06 PM","","0","0","","False","",""
"4470","فانوس رمضان خشب شخصيات ","47","90","90","90","90","","","7","","0","","True","False","False","0","0","0","","","0","1","0","0","2/9/2026 3:53:06 PM","","0","0","","False","",""
"4471","فانوس رمضان خشب شخصيات خماسي الشكل","50","110","110","110","110","","","9","","0","","True","False","False","0","0","0","","","0","1","0","0","2/9/2026 3:53:06 PM","","0","0","","False","",""
"4472","فانوس خشب كبير شكل قلب رمضان ","75","150","150","150","150","","","4","","0","","True","False","False","0","0","0","","","0","1","0","0","2/9/2026 3:53:06 PM","","0","0","","False","",""
"4473","كتاب فرنساوي 1ع BRAVO","136","170","170","170","170","","","3","","0","","True","False","False","0","0","0","","","0","1","0","0","2/9/2026 3:53:06 PM","","0","0","","False","",""
"4474","كتاب فرنساوي 2ع BRAVO","136","170","170","170","170","","","3","","0","","True","False","False","0","0","0","","","0","1","0","0","2/9/2026 3:53:06 PM","","0","0","","False","",""
"4475","كتاب فرنساوي 3ع BRAVO","136","170","170","170","170","","","3","","0","","True","False","False","0","0","0","","","0","1","0","0","2/9/2026 3:53:06 PM","","0","0","","False","",""
"4476","اضواء عربي 2ث ","197","240","240","240","240","","","5","","0","","True","False","False","0","0","0","","","0","1","0","0","2/9/2026 3:53:06 PM","","0","0","","False","",""
"4477","كتاب فلسفه الامتحان 1ث","135","165","165","165","165","","","2","","0","","True","False","False","0","0","0","","","0","1","0","0","2/9/2026 3:53:06 PM","","0","0","","False","",""
"4478","كتاب جغرافيا 2ث الامتحان","152","185","185","185","185","","","2","","0","","True","False","False","0","0","0","","","0","1","0","0","2/9/2026 3:53:06 PM","","0","0","","False","",""
"4479","كتاب تاريخ 2ث الامتحان ","147","179","179","179","179","","","4","","0","","True","False","False","0","0","0","","","0","1","0","0","2/9/2026 3:53:06 PM","","0","0","","False","",""
"4480","المعاصر انجليزي 3ب ","140","170","170","170","170","","","4","","0","","True","False","False","0","0","0","","","0","1","0","0","2/9/2026 3:53:06 PM","","0","0","","False","",""
"4481","استيب اهد 4ب ","135","165","165","165","165","","","3","","0","","True","False","False","0","0","0","","","0","1","0","0","2/9/2026 3:53:06 PM","","0","0","","False","",""
"4482","استيب اهد 1ب ","119","145","145","145","145","","","3","","0","","True","False","False","0","0","0","","","0","1","0","0","2/9/2026 3:53:06 PM","","0","0","","False","",""
"4483","استيب اهد 5ب ","145","177","177","177","177","","","3","","0","","True","False","False","0","0","0","","","0","1","0","0","2/9/2026 3:53:06 PM","","0","0","","False","",""
"4484","استيب اهد  6ب ","145","177","177","177","177","","","3","","0","","True","False","False","0","0","0","","","0","1","0","0","2/9/2026 3:53:06 PM","","0","0","","False","",""
"4485","استيب اهد 3ب ","135","165","165","165","165","","","2","","0","","True","False","False","0","0","0","","","0","1","0","0","2/9/2026 3:53:06 PM","","0","0","","False","",""
"4486","استيب اهد 2ب ","130","150","150","150","150","","","3","","0","","True","False","False","0","0","0","","","0","1","0","0","2/9/2026 3:53:06 PM","","0","0","","False","",""
"4487","سلاح التلميذ دين 4ب ","115","135","135","135","135","","","2","","0","","True","False","False","0","0","0","","","0","1","0","0","2/9/2026 3:53:06 PM","","0","0","","False","",""
"4488","سلاح التلميذ دين 5ب ","120","135","135","135","135","","","2","","0","","True","False","False","0","0","0","","","0","1","0","0","2/9/2026 3:53:06 PM","","0","0","","False","",""
"4489","المعلم دين 2ع","120","140","140","140","140","","","2","","0","","True","False","False","0","0","0","","","0","1","0","0","2/9/2026 3:53:06 PM","","0","0","","False","",""
"4490","المعلم دين 1ع","115","130","130","130","130","","","2","","0","","True","False","False","0","0","0","","","0","1","0","0","2/9/2026 3:53:06 PM","","0","0","","False","",""
"4491","المعلم دين 3ع ","105","125","125","125","125","","","2","","0","","True","False","False","0","0","0","","","0","1","0","0","2/9/2026 3:53:06 PM","","0","0","","False","",""
"4492","الاضواء عربي 1ث ","200","230","230","230","230","","","5","","0","","True","False","False","0","0","0","","","0","1","0","0","2/9/2026 3:53:06 PM","","0","0","","False","",""
"4493","معاصر ماث 2ث","250","275","275","275","275","","","2","","0","","True","False","False","0","0","0","","","0","1","0","0","2/9/2026 3:53:06 PM","","0","0","","False","",""
"4494","معاصر انجليزي 1ث ","230","265","265","265","265","","","10","","0","","True","False","False","0","0","0","","","0","1","0","0","2/9/2026 3:53:06 PM","","0","0","","False","",""
"5493","خافض لسان كبير ملون او ساده","24","45","45","45","45","","","6","","0","","True","False","False","0","0","0","","","0","1","0","0","2/9/2026 3:53:06 PM","","0","0","","False","",""
"5494","طقم هندسي 9169-wm","80","145","145","145","145","","","8","","0","","True","False","False","0","0","0","","","0","1","0","0","2/9/2026 3:53:06 PM","","0","0","","False","",""
"5495","برايه labubu غطا","10","25","25","25","25","","","20","","0","","True","False","False","0","0","0","","","0","1","0","0","2/9/2026 3:53:06 PM","","0","0","","False","",""
"5496","مقلمه  7053","120","185","185","185","185","","","3","","0","","True","False","False","0","0","0","","","0","1","0","0","2/9/2026 3:53:06 PM","","0","0","","False","",""
"5497","استيكي نوت مستطيل الوان","20","30","30","30","30","","","12","","0","","True","False","False","0","0","0","","","0","1","0","0","2/9/2026 3:53:06 PM","","0","0","","False","",""
"5498","مسطره سيليكون 30سم","10","20","20","20","20","","","12","","0","","True","False","False","0","0","0","","","0","1","0","0","2/9/2026 3:53:06 PM","","0","0","","False","",""

